-- phpMyAdmin SQL Dump
-- version 5.1.1
-- https://www.phpmyadmin.net/
--
-- Servidor: 127.0.0.1
-- Tiempo de generación: 15-12-2021 a las 04:21:39
-- Versión del servidor: 10.4.21-MariaDB
-- Versión de PHP: 8.0.10

SET SQL_MODE ="NO_AUTO_VALUE_ON_ZERO";
START TRANSACTION;
SET time_zone ="+00:00";


/*!40101 SET @OLD_CHARACTER_SET_CLIENT=@@CHARACTER_SET_CLIENT */;
/*!40101 SET @OLD_CHARACTER_SET_RESULTS=@@CHARACTER_SET_RESULTS */;
/*!40101 SET @OLD_COLLATION_CONNECTION=@@COLLATION_CONNECTION */;
/*!40101 SET NAMES utf8mb4 */;

--
-- Base de datos: 'hospital';
--
CREATE DATABASE IF NOT EXISTS `hospital` DEFAULT CHARACTER SET utf8mb4 COLLATE utf8mb4_general_ci;
USE `hospital` ;

CREATE TABLE tb_productos (
  cod int(3)  NOT NULL AUTO_INCREMENT PRIMARY KEY,
  codProductos int(15) NOT NULL,
  catalogo int(15) NOT NULL,
  descripcion text NOT NULL,
  unidad_medida text NOT NULL DEFAULT 'C/U',
  stock  decimal(6,2) UNSIGNED NOT NULL  DEFAULT '0.00',
  precio decimal(6,2) NOT NULL  DEFAULT '0.00',
  categoria text NOT NULL,
  fecha_registro date NOT NULL DEFAULT current_timestamp(),
  Dia INT(2) NOT NULL,
  Mes INT(2) NOT NULL,
  Año INT(4) NOT NULL
)ENGINE=InnoDB DEFAULT CHARSET=utf8 COLLATE=utf8_spanish_ci;


CREATE TABLE tb_usuarios (
  id int(3)  NOT NULl AUTO_INCREMENT,
  username text NOT NULL,
  firstname text NOT NULL,
  lastname text NOT NULL,
  Establecimiento text NOT NULL,
  unidad text NOT NULL,
  password text NOT NULL,
  Habilitado text NOT NULL,
  tipo_usuario int(15) NOT NULL,
    PRIMARY KEY (id)
)ENGINE=InnoDB DEFAULT CHARSET=utf8 COLLATE=utf8_spanish_ci; 

CREATE TABLE tb_bodega (
  codBodega int(11) NOT NULL,
  departamento text NOT NULL,
  usuario text NOT NULL,
  fecha_registro date NOT NULL DEFAULT current_timestamp(),
  estado text NOT NULL,
  idusuario int NOT NULL DEFAULT 2,
    Mes INT(2) NOT NULL,
  Año INT(4) NOT NULL,
    PRIMARY KEY (codBodega)
)ENGINE=InnoDB DEFAULT CHARSET=utf8 COLLATE=utf8_spanish_ci;

CREATE TABLE tb_vale (
  codVale int(11) NOT NULL,
  departamento text NOT NULL,
  usuario text NOT NULL,
  idusuario int NOT NULL DEFAULT 1,
  estado text NOT NULL,
  observaciones text NOT NULL,
 fecha_registro date NOT NULL DEFAULT current_timestamp(),
   Mes INT(2) NOT NULL,
  Año INT(4) NOT NULL,
    PRIMARY KEY (codVale)
)ENGINE=InnoDB DEFAULT CHARSET=utf8 COLLATE=utf8_spanish_ci;

CREATE TABLE tb_compra (
  nSolicitud int(11) NOT NULL,
  dependencia text NOT NULL,
  plazo text NULL,
  unidad_tecnica text NOT NULL,
  descripcion_solicitud text NOT NULL,
  usuario text NOT NULL,
  estado text NOT NULL,
  idusuario int NOT NULL DEFAULT 1,
  justificacion text NOT NULL,
    Mes INT(2) NOT NULL,
  Año INT(4) NOT NULL,
 fecha_registro date NOT NULL DEFAULT current_timestamp(),
    PRIMARY KEY (nSolicitud)
)ENGINE=InnoDB DEFAULT CHARSET=utf8 COLLATE=utf8_spanish_ci;

CREATE TABLE `historial` (
  ID INT(11)  NOT NULL AUTO_INCREMENT PRIMARY KEY,
  descripcion text,
  Concepto text,
  unidad_medida text NOT NULL DEFAULT 'C/U',
  fecha_registro date NOT NULL DEFAULT current_timestamp(),
  No_Comprovante int(11) NOT NULL DEFAULT 1 ,
  Entradas decimal(6,2) NOT NULL DEFAULT 0.00,
  Salidas decimal(6,2) NOT NULL DEFAULT 0.00,
  Saldo decimal(6,2) NOT NULL DEFAULT 0.00,
  idusuario INT(15) NOT NULL,
  Detalles int(11) NOT NULL
) ENGINE=InnoDB DEFAULT CHARSET=utf8mb4;

CREATE TABLE tb_circulante (
  codCirculante int(15) NOT NULL,
  estado text NOT NULL,
  idusuario int NOT NULL DEFAULT 1,
  fecha_solicitud date NOT NULL DEFAULT current_timestamp(),
    Mes INT(2) NOT NULL,
  Año INT(4) NOT NULL,
  PRIMARY KEY (codCirculante)
)ENGINE=InnoDB DEFAULT CHARSET=utf8 COLLATE=utf8_spanish_ci;

CREATE TABLE tb_almacen (
  codAlmacen int(12) NOT NULL,
  departamento text NOT NULL,
  encargado text NOT NULL,
estado text NOT NULL,
  idusuario int NOT NULL DEFAULT 1,
  fecha_solicitud date NOT NULL DEFAULT current_timestamp(),
    Mes INT(2) NOT NULL,
  Año INT(4) NOT NULL,
  PRIMARY KEY (codAlmacen)
)ENGINE=InnoDB DEFAULT CHARSET=utf8 COLLATE=utf8_spanish_ci;


CREATE TABLE detalle_bodega (
  codigodetallebodega int(3)  NOT NULL AUTO_INCREMENT,
  codigo int(15) NOT NULL,
  descripcion text NOT NULL,
  unidad_medida text NOT NULL DEFAULT 'C/U',
  stock decimal(6,2) UNSIGNED NOT NULL  DEFAULT '0.00',
  cantidad_despachada decimal(6,2) NOT NULL  DEFAULT '0.00',
  precio decimal(6,2) NOT NULL  DEFAULT '0.00',
  odt_bodega int(15),

    PRIMARY KEY (codigodetallebodega),
    CONSTRAINT fk_tb_bodega_detalle_bodega FOREIGN KEY (odt_bodega)
    REFERENCES tb_bodega(codBodega)
)ENGINE=InnoDB DEFAULT CHARSET=utf8 COLLATE=utf8_spanish_ci;

CREATE TABLE detalle_vale (
  codigodetallevale int(3)  NOT NULL AUTO_INCREMENT,
  codigo int(15) NOT NULL,
  descripcion text NOT NULL,
  unidad_medida text NOT NULL DEFAULT 'C/U',
  stock decimal(6,2) NOT NULL  DEFAULT '0.00',
  cantidad_despachada decimal(6,2) NOT NULL  DEFAULT '0.00',
  precio decimal(6,2) NOT NULL  DEFAULT '0.00',
  numero_vale int(15),
    PRIMARY KEY (codigodetallevale),
    CONSTRAINT fk_tb_vale_detalle_vale FOREIGN KEY (numero_vale)
    REFERENCES tb_vale(codVale)
)ENGINE=InnoDB DEFAULT CHARSET=utf8 COLLATE=utf8_spanish_ci;

CREATE TABLE detalle_circulante (
codigodetallecirculante int(3)  NOT NULL AUTO_INCREMENT,
  codigo int(15) NOT NULL,
  descripcion text NOT NULL,
  unidad_medida text NOT NULL DEFAULT 'C/U',
  stock decimal(6,2) NOT NULL,
  cantidad_despachada decimal(6,2) NOT NULL,
  precio decimal(6,2) NOT NULL  DEFAULT '0.00',
  tb_circulante int(15),
    PRIMARY KEY (codigodetallecirculante),
    CONSTRAINT fk_tb_circulante_detalle_circulante FOREIGN KEY (tb_circulante)
    REFERENCES tb_circulante(codCirculante)
)ENGINE=InnoDB DEFAULT CHARSET=utf8 COLLATE=utf8_spanish_ci; 

CREATE TABLE detalle_almacen (
codigoalmacen int(3)  NOT NULL AUTO_INCREMENT,
codigo int(15) NOT NULL,
nombre text  NOT NULL,
unidad_medida text NOT NULL,
cantidad_solicitada decimal(6,2) NOT NULL  DEFAULT '0.00',
cantidad_despachada decimal(6,2) NOT NULL  DEFAULT '0.00',
tb_almacen int(20) NOT NULL,
precio decimal(6,2) NOT NULL  DEFAULT '0.00',
    PRIMARY KEY (codigoalmacen),
     CONSTRAINT fk_tb_almacen_detalle_almacen FOREIGN KEY (tb_almacen)
    REFERENCES tb_almacen(codAlmacen)
)ENGINE=InnoDB DEFAULT CHARSET=utf8 COLLATE=utf8_spanish_ci;



CREATE TABLE detalle_compra (
  codigodetallecompra int(3)  NOT NULl AUTO_INCREMENT,
  categoria text NOT NULL,
  codigo int(15) NOT NULL,
  catalogo int(20) NOT NULL,
  descripcion text NOT NULL,
  unidad_medida text NOT NULL DEFAULT 'C/U',
  stock decimal(6,2) UNSIGNED NOT NULL  DEFAULT '0.00',
  cantidad_despachada decimal(6,2) NOT NULL  DEFAULT '0.00',
  precio decimal(6,2) NOT NULL  DEFAULT '0.00',
  solicitud_compra int(8) DEFAULT NULL,
     PRIMARY KEY (codigodetallecompra),
    CONSTRAINT fk_tb_compra_detalle_compra FOREIGN KEY (solicitud_compra)
    REFERENCES tb_compra(nSolicitud)
)ENGINE=InnoDB DEFAULT CHARSET=utf8 COLLATE=utf8_spanish_ci;


CREATE TABLE selects_unidad_medida (
  id int(3)  NOT NULl AUTO_INCREMENT PRIMARY KEY,
  Habilitado text NOT NULL,
unidad_medida text NOT NULL
)ENGINE=InnoDB DEFAULT CHARSET=utf8 COLLATE=utf8_spanish_ci;

CREATE TABLE selects_categoria (
  id int(3)  NOT NULl AUTO_INCREMENT PRIMARY KEY,
  Habilitado text NOT NULL,
categoria text NOT NULL
)ENGINE=InnoDB DEFAULT CHARSET=utf8 COLLATE=utf8_spanish_ci;

CREATE TABLE selects_dependencia (
  id int(3)  NOT NULl AUTO_INCREMENT PRIMARY KEY,
  Habilitado text NOT NULL,
dependencia text NOT NULL
)ENGINE=InnoDB DEFAULT CHARSET=utf8 COLLATE=utf8_spanish_ci;

CREATE TABLE selects_departamento (
  id int(3)  NOT NULl AUTO_INCREMENT PRIMARY KEY,
  Habilitado text NOT NULL,
departamento text NOT NULL
)ENGINE=InnoDB DEFAULT CHARSET=utf8 COLLATE=utf8_spanish_ci;
INSERT INTO `Selects_unidad_medida` (`unidad_medida`,`Habilitado`)
Values ('C/M' ,'Si'),
       ('Cto' ,'Si'),
       ('Cuarto Gal' ,'Si'),
       ('C/U' ,'Si'),
       ('Galón' ,'Si'),
       ('Lb' ,'Si'),
       ('Mts' ,'Si'),
       ('Pgo' ,'Si'),
       ('Qq' ,'Si'),
       ('Par' ,'Si');
INSERT INTO `Selects_categoria` (`categoria`,`Habilitado`)
Values ('Agropecuarios Y Forestales' ,'Si'),
       ('Cuero Y Caucho' ,'Si'),
       ('Combustibles Y Lubricantes' ,'Si'),
       ('Minerales No Metálicos' ,'Si'),
       ('Minerales Metálicos' ,'Si'),
       ('Herramientas Y Repuestos' ,'Si'),
       ('Materiales Eléctricos' ,'Si'),
       ('Mobiliario' ,'Si'),
       ('Químicos' ,'Si');

INSERT INTO `Selects_dependencia` (`dependencia`,`Habilitado`)
Values ('Dirección Hospital', 'Si'),
       ('Departamento Mantenimiento Local', 'Si'),
       ('División Administrativa', 'Si'),
       ('Departamento Servicios Generales', 'Si'),
       ('Departamento Enfermería', 'Si'),
       ('Servicio Medicina Interna', 'Si'),
       ('Servicio Centro Quirúrgico', 'Si'),
       ('Servicio Centro Obstétrico', 'Si'),
       ('Subdirección Hospital', 'Si'),
       ('Servicio Consulta Externa', 'Si'),
       ('Unidad Enfermería', 'Si');

INSERT INTO `Selects_departamento` (`departamento`,`Habilitado`)
Values ('Área Saneamiento Ambiental', 'Si'),
       ('Área Servicios Auxiliares', 'Si'),
       ('Área Clínica De Úlceras Y Heridas', 'Si'),
       ('Área Residencial Médica', 'Si'),
       ('Área Epidemiología', 'Si'),
       ('Área COVID 19','Si'),
       ('Bienestar Magisterial' ,'Si'),
       ('Cirugía Hombre' ,'Si'),
       ('Dirección Hospital' ,'Si'),
       ('Departamento Lavandería Y Ropería' ,'Si'),
       ('Departamento Mantenimiento Local' ,'Si'),
       ('Departamento Estadística Y Documento Médicos', 'Si'),
       ('Departamento Activo Fijo', 'Si'),
       ('División Administrativa' ,'Si'),
       ('Departamento Recursos Humanos', 'Si'),
       ('Departamento Terapia Dialítica', 'Si'),
       ('Fisioterapia' ,'Si'),
       ('Farmacia' ,'Si'),
       ('Ginecología' ,'Si'),
       ('Laboratorio Clínico' ,'Si'),
       ('Pediatría' ,'Si'),
       ('Radiología E Imágenes' ,'Si'),
       ('Subdirección Hospital' ,'Si'),
       ('Sección Equipo Médico' ,'Si'),
       ('Sección Equipo Básico' ,'Si'),
       ('Sección Planta Física Y Monitoreo' ,'Si'),
       ('Servicio Centro Quirúrgico' ,'Si'),
       ('Servicio Medicina Hombres' ,'Si'),
       ('Servicio Medicina Mujeres', 'Si'),
       ('Servicio Almacén', 'Si'),
       ('Servicio Consulta Externa', 'Si'),
       ('Servicio Trabajo Social', 'Si'),
       ('Servicio Obstetricia', 'Si'),
       ('Unidad Sala De Operación', 'Si'),
       ('Unidad Sala De Partos', 'Si'),
       ('Unidad Neonatos', 'Si'),
       ('Unidad Máxima Urgencia', 'Si'),
       ('Unidad Financiara Institucional', 'Si'),
       ('Unidad Auditoría Interna', 'Si'),
       ('Unidad Asesora De Suministro Médicos', 'Si'),
       ('Unidad Atención Integral E Integrada A la Salud Sexual Reproductiva', 'Si'),
       ('Unidad Cuidados Especiales', 'Si');

INSERT INTO `tb_usuarios` (`username`, `firstname`, `lastname`, `Establecimiento`,  `unidad`,`password`,`Habilitado`, `tipo_usuario`)
Values ('Admin', 'Admin', 'Master', 'Hospital Nacional Zacatecoluca "Santa Teresa"', 'Sin Unidad', 'Admin','Si', '1'),
       ('egchoto', 'Ernesto', 'Gonzales Choto', 'Hospital Nacional Zacatecoluca "Santa Teresa"', 'Departamento Mantenimiento Local', 'neto982006','Si', '1'),
       ('Usuario1', 'Baltazar Alexander', 'Marinero Pérez', 'Hospital Nacional Zacatecoluca "Santa Teresa"', 'Sección Equipo Básico', '123','Si', '2'),
       ('Usuario2', 'Fráncico Tolentino', 'López', 'Hospital Nacional Zacatecoluca "Santa Teresa"', 'Sección Planta Física Y Mobiliario' , '123','Si', '2'),
       ('Usuario3', 'René Adán', 'Villalta Pérez', 'Hospital Nacional Zacatecoluca "Santa Teresa"', 'Sección Planta Física Y Mobiliario' , '123','Si', '2'),
       ('Usuario4', 'José Walter', 'Pineda Leiva', 'Hospital Nacional Zacatecoluca "Santa Teresa"', 'Sección Equipo Básico' , '123','Si', '2'),
       ('Usuario5', 'Justo Antonio', 'Alfaro', 'Hospital Nacional Zacatecoluca "Santa Teresa"', 'Sección Planta Física Y Mobiliario' , '123','Si', '2'),
       ('Usuario6', 'José Domínguez', 'Echeverría', 'Hospital Nacional Zacatecoluca "Santa Teresa"', 'Sección Equipo Médico' , '123','Si', '2'),
       ('Usuario7', 'Leopoldo Alfaro', 'Rodas', 'Hospital Nacional Zacatecoluca "Santa Teresa"', 'Sección Equipo Básico' , '123','Si', '2'),
       ('Usuario8', 'Miguel Antonio', 'Corvera Torrez', 'Hospital Nacional Zacatecoluca "Santa Teresa"', 'Sección Planta Física Y Mobiliario' , '123','Si', '2'),
       ('Usuario9', 'Anderson Eduardo', 'López Rodríguez', 'Hospital Nacional Zacatecoluca "Santa Teresa"', 'Departamento Mantenimiento Local' , '123','Si', '2'),
       ('Usuario10', 'Kevin Alexander', 'Guevara Marinero', 'Hospital Nacional Zacatecoluca "Santa Teresa"', 'Sección Equipo Básico' , '123','Si', '2'),
       ('Usuario11', 'Jenifer Marisol', 'Campos Yánez', 'Hospital Nacional Zacatecoluca "Santa Teresa"', 'Departamento Mantenimiento Local' , '123','Si', '2'),
       ('Usuario12', 'Kalmar Waldir', 'Pérez Marín', 'Hospital Nacional Zacatecoluca "Santa Teresa"', 'Departamento Mantenimiento Local' , '123','Si', '2'),
       ('Usuario13', 'Ronald Alexander', 'López Cisneros', 'Hospital Nacional Zacatecoluca "Santa Teresa"', 'Departamento Mantenimiento Local' , '123','Si', '2');




INSERT INTO `tb_productos` (`codProductos`, `catalogo`, `descripcion`, `unidad_medida`, `stock`, `precio`, `categoria`, `fecha_registro`, `Dia`, `Mes`, `Año`) VALUES 
(31161502, 70212419, 'Ancla Plástica Para Tabla Roca', 'C/U', '56.00', '0.23', 'Herramientas Y Repuestos', '2022-05-17', 17, 5, 2022),
(43703002, 72154119, 'Niple Galvanizado De 1" X 1 1/2"', 'C/U', '7.00', '1.50', 'Minerales Metálicos', '2022-03-07', 7, 3, 2022),
(43703003, 40142305, 'Reductor Campana Galvanizado De 2 X 3/4"', 'C/U', '1.00', '3.90', 'Minerales Metálicos', '2022-03-08', 8, 3, 2022),
(43703004, 40142313, 'Tapón Hembra Galvanizado 1"', 'C/U', '10.00', '1.10', 'Minerales Metálicos', '2022-03-08', 8, 3, 2022),
(43703005, 40142305, 'Reductor Campana Galvanizado De 1/2 X 5/8"', 'C/U', '6.00', '1.80', 'Minerales Metálicos', '2022-03-08', 8, 3, 2022),
(43703006, 40142305, 'Reductor Campana Galvanizado De 1 X 5/8"', 'C/U', '3.00', '2.00', 'Minerales Metálicos', '2022-03-08', 8, 3, 2022),
(43703007, 40142305, 'Reductor Campana Galvanizado De 1 X 3/4"', 'C/U', '3.00', '2.30', 'Minerales Metálicos', '2022-03-08', 8, 3, 2022),
(43703008, 40183104, 'Tapón Hembra PVC 1 1/4" Con Rosca', 'C/U', '9.00', '1.30', 'Herramientas Y Repuestos', '2022-03-08', 8, 3, 2022),
(43703009, 40183104, 'Tapón Hembra PVC De 1" Con Rosca', 'C/U', '5.00', '1.00', 'Herramientas Y Repuestos', '2022-03-08', 8, 3, 2022),
(43703010, 40183104, 'Tapón Macho De 2" PVC Con Rosca', 'C/U', '5.00', '1.50', 'Herramientas Y Repuestos', '2022-03-08', 8, 3, 2022),
(43703011, 40175208, 'Codo PVC De 2" Con Rosca', 'C/U', '9.00', '4.80', 'Herramientas Y Repuestos', '2022-03-08', 8, 3, 2022),
(43703012, 40175208, 'Tee PVC Con Rosca 3/4"', 'C/U', '10.00', '1.00', 'Herramientas Y Repuestos', '2022-03-08', 8, 3, 2022),
(43703013, 40161514, 'Tapón Hembra PVC 2 1/2"', 'C/U', '15.00', '3.30', 'Herramientas Y Repuestos', '2022-03-08', 8, 3, 2022),
(43703014, 40171719, 'Adaptador Hembra PVC 2 1/2"', 'C/U', '4.00', '4.50', 'Herramientas Y Repuestos', '2022-03-08', 8, 3, 2022),
(43703015, 40171617, 'Tubo PVC 2 1/2 160 P.S.I.', 'Mts', '7.00', '3.40', 'Herramientas Y Repuestos', '2022-03-08', 8, 3, 2022),
(43703016, 40141609, 'Válvula De Paso De 1 1/2"', 'C/U', '1.00', '62.00', 'Minerales Metálicos', '2022-03-08', 8, 3, 2022),
(43703017, 30102403, 'Hierro Cuadrado Solido De 1/4"', 'Mts', '66.00', '0.70', 'Minerales Metálicos', '2022-03-11', 11, 3, 2022),
(43703018, 40142020, 'Tubo De Abasto Para Lavamanos Flexible De 3/8" X1/2" X 48"', 'C/U', '0.00', '12.50', 'Herramientas Y Repuestos', '2022-03-15', 15, 3, 2022),
(43703019, 99999, 'Carbón 0252 Para Pulidora', 'C/U', '2.00', '5.30', 'Herramientas Y Repuestos', '2022-03-15', 15, 3, 2022),
(43703020, 99999, 'Carbón 1120 Para Pulidora', 'C/U', '1.00', '9.00', 'Herramientas Y Repuestos', '2022-03-15', 15, 3, 2022),
(43703021, 99999, 'Varilla Lisa De 1/2"', 'Mts', '24.00', '2.33', 'Minerales Metálicos', '2022-03-29', 29, 3, 2022),
(43703022, 40142604, 'Codo PVC 90° Con Rosca', 'C/U', '4.00', '2.80', 'Herramientas Y Repuestos', '2022-05-17', 17, 5, 2022),
(62502020, 56101504, 'Silla Ergonómica ejecutiva Con Brazos', 'C/U', '1.00', '175.00', 'Mobiliario', '2022-06-07', 7, 6, 2022),
(62504103, 24102004, 'Estante Metálico De Cinco Entrepaños', 'C/U', '0.00', '97.00', 'Mobiliario', '2022-06-07', 7, 6, 2022),
(70101135, 39101801, 'Foco Halógeno Para Microscopio Micro estar 12v 20w,Base G4', 'C/U', '1.00', '4.00', 'Materiales Eléctricos', '2022-02-11', 11, 2, 2022),
(70101450, 31171556, 'Baleros N° 608-Z', 'C/U', '2.00', '3.80', 'Herramientas Y Repuestos', '2022-02-11', 11, 2, 2022),
(70101453, 31171556, 'Baleros N° 6005-2z', 'C/U', '9.00', '7.90', 'Herramientas Y Repuestos', '2022-02-11', 11, 2, 2022),
(70101455, 31171556, 'Baleros N° 6200-2z', 'C/U', '3.00', '4.20', 'Herramientas Y Repuestos', '2022-02-11', 11, 2, 2022),
(70101458, 31171556, 'Baleros N° 6203-2z', 'C/U', '14.00', '4.70', 'Herramientas Y Repuestos', '2022-02-11', 11, 2, 2022),
(70101465, 31171556, 'Baleros N° 6309-Z', 'C/U', '6.00', '29.10', 'Herramientas Y Repuestos', '2022-02-11', 11, 2, 2022),
(70101779, 31162403, 'Bisagra De 2"', 'C/U', '30.00', '0.40', 'Minerales Metálicos', '2022-02-11', 11, 2, 2022),
(70102969, 42151657, 'Balona Metálica De Compresión 3/8"', 'C/U', '11.00', '0.20', 'Minerales Metálicos', '2022-02-11', 11, 2, 2022),
(70103027, 42182602, 'Bombillo Para Lampara De Hendidura 6 V', 'C/U', '5.00', '0.00', 'Materiales Eléctricos', '2022-02-11', 11, 2, 2022),
(70103029, 42182602, 'Foco Xhl De 6v Tubo Fluorescente De Fototerapia F20t12/Bb 20w Azul', 'C/U', '32.00', '0.00', 'Materiales Eléctricos', '2022-02-11', 11, 2, 2022),
(70104092, 0, 'Relé De Estado Solido 120 Vac, 5 Voltios', 'C/U', '1.00', '175.00', 'Materiales Eléctricos', '2022-02-11', 11, 2, 2022),
(70104315, 0, 'Empaque De Compuerta De Esterilizador A Vapor', 'C/U', '3.00', '800.00', 'Herramientas Y Repuestos', '2022-02-11', 11, 2, 2022),
(70104350, 99999, 'Bomba De Agua Para Generador De Vapor', 'C/U', '1.00', '2825.00', 'Herramientas Y Repuestos', '2022-02-22', 22, 2, 2022),
(70105620, 39101801, 'Foco Halógeno 24v 150w', 'C/U', '20.00', '12.80', 'Materiales Eléctricos', '2022-02-11', 11, 2, 2022),
(70110102, 42143703, 'Tubo Ultravioleta Para Lampara De Fototerapia Potencia 20 Watts, Luz De Dia', 'C/U', '30.00', '6.50', 'Materiales Eléctricos', '2022-05-23', 23, 5, 2022),
(70110115, 39111705, 'Lampara Fluorescente Luz Blanca 18 W Para Fototerapia', 'C/U', '24.00', '1.60', 'Materiales Eléctricos', '2022-02-11', 11, 2, 2022),
(70119002, 32101617, 'Tarjeta Electrónica Universal Para Equipo De Aire Acondicionado De 9,000 A 24,000 Btu', 'C/U', '4.00', '20.00', 'Materiales Eléctricos', '2022-05-26', 26, 5, 2022),
(70120003, 39121529, 'Contactor De 50 Amperios, 3 Polos , 480 Vac, Bobina 24 Vac, Tipo 3pst', 'C/U', '1.00', '13.80', 'Materiales Eléctricos', '2022-05-13', 13, 5, 2022),
(70120019, 39121529, 'Contactor Para 40 Amperios, 2 Polos Coil 220 Vac, 60 Hz.', 'C/U', '2.00', '10.00', 'Materiales Eléctricos', '2022-05-30', 30, 5, 2022),
(70120023, 0, 'Seccionador De Fase De 3 Polos 250 V, 75 Amp', 'C/U', '1.00', '165.00', 'Materiales Eléctricos', '2022-02-11', 11, 2, 2022),
(70120031, 0, 'Interruptor Seccionador F.160 Amp', 'C/U', '1.00', '0.00', 'Materiales Eléctricos', '2022-02-11', 11, 2, 2022),
(70120080, 99999, 'Interruptor Termomagnético Trifásico, 400 Amperios, 240 V., Incorporado En Gabinete Metálico ,Nema 1', 'C/U', '0.00', '1.00', 'Materiales Eléctricos', '2022-05-17', 17, 5, 2022),
(70120206, 32121502, 'Capacitor De Marcha De 30mfd, 440vac 60hz', 'C/U', '13.00', '3.50', 'Materiales Eléctricos', '2022-02-11', 11, 2, 2022),
(70120207, 32121502, 'Capacitor De Marcha De 35mfd, 440vac 60hz', 'C/U', '2.00', '3.50', 'Materiales Eléctricos', '2022-02-11', 11, 2, 2022),
(70120208, 32121502, 'Capacitor De Marcha De 40mfd, 440vac 60hz', 'C/U', '11.00', '3.80', 'Materiales Eléctricos', '2022-02-11', 11, 2, 2022),
(70120209, 32121502, 'Capacitor De Marcha De 55mfd, 440vac 60hz', 'C/U', '56.00', '6.40', 'Materiales Eléctricos', '2022-02-11', 11, 2, 2022),
(70120211, 32121502, 'Capacitor De Marcha De 5o Mfd, 440 Vac', 'C/U', '13.00', '4.50', 'Materiales Eléctricos', '2022-02-11', 11, 2, 2022),
(70120212, 32121502, 'Capacitor De Marcha De 5mfd 370v', 'C/U', '20.00', '1.50', 'Materiales Eléctricos', '2022-02-11', 11, 2, 2022),
(70120213, 32121502, 'Capacitor De Marcha De 7.5mfd 370v', 'C/U', '17.00', '1.70', 'Materiales Eléctricos', '2022-02-11', 11, 2, 2022),
(70120216, 32121502, 'Capacitor De Marcha De 15 Mfd, 370 Vac', 'C/U', '19.00', '2.90', 'Materiales Eléctricos', '2022-02-11', 11, 2, 2022),
(70120222, 32121502, 'Capacitor De Marcha De 35 Mfd. 370 Vac', 'C/U', '10.00', '3.60', 'Materiales Eléctricos', '2022-02-11', 11, 2, 2022),
(70120224, 32121502, 'Capacitor De Marcha De 45 Mfd, 370 Vac', 'C/U', '27.00', '4.30', 'Materiales Eléctricos', '2022-02-11', 11, 2, 2022),
(70120225, 32121502, 'Capacitor De Marcha De 3 Mfd, 450 Vac', 'C/U', '1.00', '0.90', 'Materiales Eléctricos', '2022-02-11', 11, 2, 2022),
(70120226, 32121502, 'Capacitor De Marcha De 2 Mfd, 450 Vac', 'C/U', '10.00', '1.00', 'Materiales Eléctricos', '2022-02-11', 11, 2, 2022),
(70120227, 32121502, 'Capacitor De Marcha De 70 Mfd, 370 Vac', 'C/U', '27.00', '5.90', 'Materiales Eléctricos', '2022-02-11', 11, 2, 2022),
(70120228, 32121502, 'Capacitor De Marcha De 1.5 Mfd, 450 Vac', 'C/U', '12.00', '0.80', 'Materiales Eléctricos', '2022-02-11', 11, 2, 2022),
(70120229, 32121502, 'Capacitor De Marcha De 2.5 Mfd, 450 Vac', 'C/U', '3.00', '1.00', 'Materiales Eléctricos', '2022-02-11', 11, 2, 2022),
(70120231, 32121502, 'Capacitor De Marcha De 4.5 Mfd, 450 Vac', 'C/U', '2.00', '1.30', 'Materiales Eléctricos', '2022-02-11', 11, 2, 2022),
(70120234, 32121502, 'Capacitor De Arranque De 130-156 Mfd, 220 V', 'C/U', '12.00', '3.10', 'Materiales Eléctricos', '2022-02-11', 11, 2, 2022),
(70120238, 32121502, 'Capacitor De Arranque De 161-193 Mdf 110-125 Vac', 'C/U', '11.00', '3.60', 'Materiales Eléctricos', '2022-02-11', 11, 2, 2022),
(70120245, 32121502, 'Capacitor De Arranque De 161-193 Mfd, 440 V', 'C/U', '6.00', '3.60', 'Materiales Eléctricos', '2022-02-24', 24, 2, 2022),
(70120247, 32121502, 'Capacitor De Arranque De 189-227 Mfd 370 Vac', 'C/U', '8.00', '5.20', 'Materiales Eléctricos', '2022-02-11', 11, 2, 2022),
(70121027, 40151607, 'Compresor Hermético Para Aire Acondicionado De 12,000 Btu/H, 208/230 Voltios, Monofásico, 60 Hz., Tipo Scroll, Gas Ecológico 410-A, Seer 13 O Mayor', 'C/U', '1.00', '0.00', 'Materiales Eléctricos', '2022-03-03', 3, 3, 2022),
(70121081, 40161514, 'Filtro Deshidratador Para 7. 5 toneladas, De /8", A Soldar', 'C/U', '12.00', '25.00', 'Herramientas Y Repuestos', '2022-02-11', 11, 2, 2022),
(70121047, 40151607, 'Compresor Hermético De 1/3 H. P., 120 Voltios, Refrigerante 134a, Enfriado Por Aire, Con Kit De Arranque', 'C/U', '3.00', '191.25', 'Materiales Eléctricos', '2022-03-03', 3, 3, 2022),
(70120254, 32121502, 'Capacitor De Marcha De 60 Mfd, (370-440) Vac', 'C/U', '16.00', '4.60', 'Materiales Eléctricos', '2022-02-11', 11, 2, 2022),
(70121088, 40161514, 'Filtro Deshidratador 3/8" A Roscar Flare', 'Cto', '3.00', '6.00', 'Herramientas Y Repuestos', '2022-02-11', 11, 2, 2022),
(70121089, 40161514, 'Filtro Deshidratador 1/4" A Roscar Flare', 'C/U', '2.00', '0.00', 'Herramientas Y Repuestos', '2022-02-11', 11, 2, 2022),
(70121091, 40161514, 'Filtro Deshidratador 3/4" A Roscar Flare', 'C/U', '1.00', '0.00', 'Herramientas Y Repuestos', '2022-02-11', 11, 2, 2022),
(70121092, 40161514, 'Filtro Deshidratador 5/8" A Roscar, Flare', 'C/U', '20.00', '13.00', 'Herramientas Y Repuestos', '2022-02-11', 11, 2, 2022),
(70121095, 40161514, 'Filtro Deshidratador De 1/2? A Soldar', 'C/U', '3.00', '0.00', 'Herramientas Y Repuestos', '2022-02-11', 11, 2, 2022),
(70121115, 41112209, 'Termostato De Pared Para Aire Acondicionado, 24 Vac', 'C/U', '5.00', '20.00', 'Materiales Eléctricos', '2022-02-11', 11, 2, 2022),
(70121127, 41112209, 'Termostato Para Cuarto Frio, Análogo', 'C/U', '1.00', '5.30', 'Materiales Eléctricos', '2022-02-11', 11, 2, 2022),
(70121142, 39121523, 'Timar Retardador De 0-8 Minutos', 'C/U', '15.00', '10.00', 'Materiales Eléctricos', '2022-02-11', 11, 2, 2022),
(70121178, 0, 'Protector De Fase/Voltaje Monofásico, Digital', 'C/U', '1.00', '78.00', 'Materiales Eléctricos', '2022-02-11', 11, 2, 2022),
(70121180, 39121523, 'Replay Fan Para Aire Acondicionado, 24 Voltios, 1 Paso', 'C/U', '6.00', '8.50', 'Materiales Eléctricos', '2022-02-11', 11, 2, 2022),
(70121497, 39122219, 'Switch De Nivel Flotador Para Cisternas Y Tanques', 'C/U', '1.00', '13.30', 'Materiales Eléctricos', '2022-02-11', 11, 2, 2022),
(70121599, 47131805, 'Jabón Limpiador De Serpentines De Aire Acondicionado', 'C/U', '2.00', '11.50', 'Químicos', '2022-02-25', 25, 2, 2022),
(70121654, 0, 'Control De Presión Modulante (Vapor),Marca Honeywell, L91a', 'C/U', '1.00', '0.00', 'Herramientas Y Repuestos', '2022-02-11', 11, 2, 2022),
(70121708, 0, 'Medidor De Flujo De Combustible, Digital', 'C/U', '0.00', '975.00', 'Herramientas Y Repuestos', '2022-02-11', 11, 2, 2022),
(70140024, 31162903, 'Abrazadera De Acero Inoxidable Sin Fin Para Manguera De 3/8"', 'C/U', '48.00', '0.80', 'Minerales Metálicos', '2022-02-11', 11, 2, 2022),
(70140025, 31162903, 'Abrazadera De Acero Inoxidable Sin Fin Para Manguera De 5/8"', 'C/U', '44.00', '1.10', 'Minerales Metálicos', '2022-02-11', 11, 2, 2022),
(70140026, 31162903, 'Abrazadera De Acero Inoxidable Sin Fin Para Manguera De 1"', 'C/U', '6.00', '0.30', 'Minerales Metálicos', '2022-02-11', 11, 2, 2022),
(70140027, 31162903, 'Abrazadera De Acero Inoxidable Sin Fin Para Manguera De 1 1/2"', 'C/U', '25.00', '1.80', 'Minerales Metálicos', '2022-02-11', 11, 2, 2022),
(70140028, 31162903, 'Abrazadera De Acero Inoxidable Sin Fin Para Manguera De 2"', 'C/U', '20.00', '0.70', 'Minerales Metálicos', '2022-02-11', 11, 2, 2022),
(70140070, 31162903, 'Abrazadera De Acero Inoxidable Sin Fin 3/4"', 'C/U', '30.00', '0.80', 'Minerales Metálicos', '2022-02-11', 11, 2, 2022),
(70150073, 25174009, 'Faja Industrial No. A38', 'C/U', '55.00', '4.00', 'Cuero Y Caucho', '2022-02-11', 11, 2, 2022),
(70150139, 25174009, 'Faja Spa- 3182 Para Lavadora', 'C/U', '10.00', '90.00', 'Cuero Y Caucho', '2022-05-18', 18, 5, 2022),
(70150198, 39121032, 'Transformador 100 Va', 'C/U', '1.00', '125.00', 'Materiales Eléctricos', '2022-02-11', 11, 2, 2022),
(70150208, 39122243, 'Micro Switch De Final De Carrera', 'C/U', '1.00', '49.00', 'Materiales Eléctricos', '2022-02-11', 11, 2, 2022),
(70150547, 31171556, 'Rodamiento (Balero) 6202 2z', 'C/U', '1.00', '3.50', 'Herramientas Y Repuestos', '2022-02-11', 11, 2, 2022),
(70150551, 31171556, 'Rodamiento (Balero) 6205 2rsc3', 'C/U', '1.00', '5.30', 'Herramientas Y Repuestos', '2022-02-11', 11, 2, 2022),
(70150563, 31171556, 'Rodamiento (Balero) 6305 Rs', 'C/U', '2.00', '7.50', 'Herramientas Y Repuestos', '2022-02-11', 11, 2, 2022),
(70150580, 72154072, 'Botonera De Paro De Emergencia', 'C/U', '2.00', '11.00', 'Materiales Eléctricos', '2022-02-11', 11, 2, 2022),
(70154063, 25174009, 'Faja A63', 'C/U', '3.00', '0.00', 'Cuero Y Caucho', '2022-02-11', 11, 2, 2022),
(70154142, 25174009, 'Faja A42', 'C/U', '61.00', '4.30', 'Cuero Y Caucho', '2022-02-11', 11, 2, 2022),
(70154144, 25174009, 'Faja A44', 'C/U', '4.00', '0.00', 'Cuero Y Caucho', '2022-02-11', 11, 2, 2022),
(70154416, 25174009, 'Faja Ax 36', 'C/U', '21.00', '0.00', 'Cuero Y Caucho', '2022-02-11', 11, 2, 2022),
(70154422, 25174009, 'Fajas Faja Ap-74 En', 'C/U', '4.00', '35.00', 'Cuero Y Caucho', '2022-05-18', 18, 5, 2022),
(70154424, 24100000, 'Faja 3v 710 En"', 'Cto', '6.00', '60.00', 'Cuero Y Caucho', '2022-05-18', 18, 5, 2022),
(70154510, 25174009, 'Faja Ax 40', 'C/U', '84.00', '0.00', 'Cuero Y Caucho', '2022-02-11', 11, 2, 2022),
(70170007, 31162702, 'Rodo Giratorio De 60 Milímetros ( 2 Pulg)', 'C/U', '6.00', '2.95', 'Herramientas Y Repuestos', '2022-05-17', 17, 5, 2022),
(70170019, 31162702, 'Rodo Giratorio De 125 Milímetros ( O Su equivalente En Pulgadas)', 'C/U', '26.00', '9.94', 'Herramientas Y Repuestos', '2022-02-11', 11, 2, 2022),
(70170060, 31162702, 'Rodo Fijo De 60 Milímetros ( O Su Equivalente En Pulgadas)', 'C/U', '31.00', '2.20', 'Herramientas Y Repuestos', '2022-02-11', 11, 2, 2022),
(70170069, 31162702, 'Rodo Fijo De 125 Milímetros (5 Pulgadas)', 'C/U', '26.00', '2.75', 'Herramientas Y Repuestos', '2022-02-11', 11, 2, 2022),
(70170100, 31162702, 'Rueda De Hule De 80', 'C/U', '6.00', '5.58', 'Herramientas Y Repuestos', '2022-05-17', 17, 5, 2022),
(70205062, 26121634, 'Cable Thhn No 12 Awg, Milímetros ( 3 Plg)', 'Mts', '325.00', '0.70', 'Materiales Eléctricos', '2022-02-11', 11, 2, 2022),
(70189075, 45121518, 'Cable De Audio Mini Jack 3,5 Mm Trrs (Cable Plano P/', 'C/U', '100.00', '1.50', 'Materiales Eléctricos', '2022-05-17', 17, 5, 2022),
(70190804, 25170000, 'Llanta Para Bicicleta 24" X 2.125"', 'C/U', '6.00', '9.80', 'Cuero Y Caucho', '2022-02-11', 11, 2, 2022),
(70190806, 25170000, 'Llanta Para Bicicleta 26" X 2.125"', 'C/U', '11.00', '9.80', 'Cuero Y Caucho', '2022-02-11', 11, 2, 2022),
(70190825, 25170000, 'Tubo Para Bicicleta 24" X 1.90" X 2.125"', 'C/U', '27.00', '5.20', 'Cuero Y Caucho', '2022-02-11', 11, 2, 2022),
(70190826, 0, 'Tubo De Bicicleta De 26"', 'C/U', '14.00', '5.20', 'Cuero Y Caucho', '2022-02-11', 11, 2, 2022),
(70190830, 0, 'Parche Para Neumático De Bicicleta, Caja', 'C/U', '120.00', '2.40', 'Cuero Y Caucho', '2022-02-11', 11, 2, 2022),
(70191288, 99999, 'Filtro De Combustible Diesel 50 Psi Fill Rite F2920', 'C/U', '5.00', '299.75', 'Herramientas Y Repuestos', '2022-05-17', 17, 5, 2022),
(70205006, 31152209, 'Alambre De Cobre No. 2 Desnudo', 'Mts', '30.00', '0.60', 'Materiales Eléctricos', '2022-02-24', 24, 2, 2022),
(70205036, 26121634, 'Cable Thhn No 2 Awg, Color Negro', 'Mts', '80.00', '6.20', 'Materiales Eléctricos', '2022-02-11', 11, 2, 2022),
(70205037, 26121634, 'Cable Thhn No. 4 Awg, Color Negro', 'Mts', '40.00', '3.40', 'Materiales Eléctricos', '2022-02-11', 11, 2, 2022),
(70205042, 26121634, 'Cable Thhn No. 6 Awg, Color Rojo', 'Mts', '70.00', '2.20', 'Materiales Eléctricos', '2022-02-11', 11, 2, 2022),
(70205043, 26121634, 'Cable Thhn No. 6 Awg, Color Negro', 'Mts', '80.00', '2.20', 'Materiales Eléctricos', '2022-02-11', 11, 2, 2022),
(70205044, 26121634, 'Cable Thhn No. 6 Awg, Color Blanco', 'Mts', '82.00', '2.20', 'Materiales Eléctricos', '2022-02-11', 11, 2, 2022),
(70205048, 26121634, 'Cable Thhn No. 8 Awg, Color Rojo', 'Mts', '100.00', '1.30', 'Materiales Eléctricos', '2022-02-11', 11, 2, 2022),
(70205049, 26121634, 'Cable Thhn No. 8 Awg, Color Negro', 'Mts', '170.00', '1.30', 'Materiales Eléctricos', '2022-02-11', 11, 2, 2022),
(70205050, 26121634, 'Cable Thhn No. 8 Awg, Color Blanco', 'Mts', '150.00', '1.30', 'Materiales Eléctricos', '2022-02-11', 11, 2, 2022),
(70205054, 26121634, 'Cable Thhn No.10 Awg, Color Rojo', 'Mts', '50.00', '1.00', 'Materiales Eléctricos', '2022-05-23', 23, 5, 2022),
(70205055, 26121634, 'Cable Thhn No. 10 Awg, Color Negro', 'Mts', '50.00', '0.70', 'Materiales Eléctricos', '2022-02-11', 11, 2, 2022),
(70205056, 26121634, 'Cable Thhn No. 10 Awg, Color Blanco', 'Mts', '50.00', '1.00', 'Materiales Eléctricos', '2022-02-11', 11, 2, 2022),
(70205057, 26121634, 'Cable Thhn No.10 Awg, Color Azul', 'Mts', '150.00', '0.70', 'Materiales Eléctricos', '2022-02-11', 11, 2, 2022),
(70205058, 26121634, 'Cable Thhn No 10 Awg, Color Verde', 'Mts', '0.00', '1.00', 'Materiales Eléctricos', '2022-02-11', 11, 2, 2022),
(70205060, 26121634, 'Cable Thhn No. 12 Awg, Color Rojo', 'Mts', '175.00', '0.70', 'Materiales Eléctricos', '2022-02-11', 11, 2, 2022),
(70205061, 26121634, 'Cable Thhn No 12 Awg, Color Negro', 'Mts', '30.00', '0.70', 'Materiales Eléctricos', '2022-02-11', 11, 2, 2022),
(70205130, 39121602, 'Dado Térmico De 20 Amperios,1 De Polo De Primera Calidad, Igual O Compatible Con La Marca General Electric', 'C/U', '6.00', '5.42', 'Materiales Eléctricos', '2022-05-17', 17, 5, 2022),
(70205135, 39121602, 'Dado Térmico De 50 Amperios, 1 Polo De Primera Calidad, Igual O Compatible Con La Marca General Electric', 'C/U', '10.00', '7.00', 'Materiales Eléctricos', '2022-02-11', 11, 2, 2022),
(70205140, 39121602, 'Dado Térmico De 50 Amperios, 2 Polos De Primera Calidad', 'C/U', '2.00', '28.90', 'Materiales Eléctricos', '2022-02-11', 11, 2, 2022),
(70205141, 39121602, 'Dado Térmico De 100 Amperios, 2 Polos De Primera Calidad, Igual O Compatible Con La Marca General', 'C/U', '3.00', '49.80', 'Materiales Eléctricos', '2022-02-11', 11, 2, 2022),
(70205063, 26121634, 'Cable Thhn No 12 Awg, Color Verde', 'Mts', '100.00', '0.59', 'Materiales Eléctricos', '2022-02-11', 11, 2, 2022),
(70205066, 26121634, 'Cable Thhn No. 14 Awg, Color Rojo', 'Mts', '189.00', '0.50', 'Materiales Eléctricos', '2022-02-11', 11, 2, 2022),
(70205075, 26121634, 'Cable Tnm No 10/2', 'Mts', '30.00', '2.40', 'Materiales Eléctricos', '2022-02-11', 11, 2, 2022),
(70205076, 26121634, 'Cable Tnm No. 12/2', 'Mts', '9.00', '2.40', 'Materiales Eléctricos', '2022-02-11', 11, 2, 2022),
(70205085, 26121634, 'Cable Tnm No. 10/3', 'Mts', '295.00', '3.10', 'Materiales Eléctricos', '2022-02-11', 11, 2, 2022),
(70205086, 26121634, 'Cable Tnm No. 12/3', 'Mts', '240.00', '2.00', 'Materiales Eléctricos', '2022-02-11', 11, 2, 2022),
(70205089, 26121634, 'Cable Eléctrico Tsj 12/2 (Vulcan)', 'Mts', '204.00', '1.00', 'Materiales Eléctricos', '2022-02-11', 11, 2, 2022),
(70205090, 26121634, 'Cable Eléctrico Tsj 14/2 (Vulcan)', 'Mts', '232.00', '0.70', 'Materiales Eléctricos', '2022-02-11', 11, 2, 2022),
(70205092, 26121634, 'Cable Eléctrico Tsj 6/3 (Vulcan)', 'Mts', '12.00', '9.60', 'Materiales Eléctricos', '2022-02-11', 11, 2, 2022),
(70205093, 26121634, 'Cable Eléctrico Tsj 14/3 (Vulcan)', 'Mts', '435.00', '1.60', 'Materiales Eléctricos', '2022-02-11', 11, 2, 2022),
(70205094, 26121634, 'Cable Eléctrico Tsj 10/3 (Vulcan)', 'Mts', '12.00', '4.00', 'Materiales Eléctricos', '2022-02-11', 11, 2, 2022),
(70205097, 26121634, 'Cable Eléctrico Tsj 12/3 (Vulcan)', 'Mts', '96.00', '1.40', 'Materiales Eléctricos', '2022-02-11', 11, 2, 2022),
(70205099, 26121634, 'Cable Dúplex No. 12', 'Mts', '95.00', '0.80', 'Materiales Eléctricos', '2022-02-11', 11, 2, 2022),
(70205100, 26121634, 'Cable Dúplex No. 14', 'Mts', '122.00', '0.50', 'Materiales Eléctricos', '2022-02-11', 11, 2, 2022),
(70205105, 26121634, 'Cable Dúplex No. 10', 'Mts', '20.00', '1.50', 'Materiales Eléctricos', '2022-02-11', 11, 2, 2022),
(70205125, 26121634, 'Cable Porta electrodo para Soldar Pawc 4 Awg', 'Mts', '21.00', '6.10', 'Herramientas Y Repuestos', '2022-02-11', 11, 2, 2022),
(70205126, 26121634, 'Cable Para Bocina', 'Mts', '217.00', '0.60', 'Materiales Eléctricos', '2022-02-11', 11, 2, 2022),
(70205140, 39121602, 'Dado Térmico De 50 Amperios, 2 Polos De Primera Calidad', 'C/U', '2.00', '28.90', 'Materiales Eléctricos', '2022-02-11', 11, 2, 2022),
(70205144, 39121640, 'Dado Térmico De 40 Amperios, 3 Polos De Primera Calidad, Igual O Compatible Con La Marca General Electric', 'C/U', '9.00', '43.90', 'Materiales Eléctricos', '2022-02-11', 11, 2, 2022),
(70205149, 39121640, 'Marca General dado Térmico De 40 Amp, 2 Polos De Primera Calidad, Igual O Compatible Con La Electric', 'C/U', '10.00', '14.90', 'Materiales Eléctricos', '2022-02-11', 11, 2, 2022),
(70205156, 39121602, 'Dado Térmico De 30 Amperios, 3 Polos De Primera Calidad, Igual O Compatible Con La Marca General Electric', 'C/U', '9.00', '34.60', 'Materiales Eléctricos', '2022-02-11', 11, 2, 2022),
(70205157, 39121529, 'Dado Térmico De 100 Amperios, 3 Polos De Primera Calidad, Igual O Compatible Con La Marca General Electric', 'C/U', '5.00', '82.00', 'Materiales Eléctricos', '2022-02-11', 11, 2, 2022),
(70205152, 39121602, 'Dado Térmico De 30 Amperios, 2 Polos De Primera Calidad, Igual O Compatible Con La Marca General Electric', 'C/U', '5.00', '14.70', 'Materiales Eléctricos', '2022-02-11', 11, 2, 2022),
(70205148, 39121602, 'Dado Térmico De 40 Amperios, 1 Polos De Primera Calidad, Igual O Compatible Con La Marca General Electric', 'C/U', '62.00', '7.00', 'Materiales Eléctricos', '2022-02-11', 11, 2, 2022),
(70205170, 39121303, 'Caja Térmica De 4 Circuitos, 2 Polos, 240 Voltios, Igual O Compatible Con La Marca General Electric', 'C/U', '9.00', '27.00', 'Materiales Eléctricos', '2022-02-11', 11, 2, 2022),
(70205190, 39121303, 'Caja Rectangular De PVC 4" X 2"', 'C/U', '250.00', '0.40', 'Materiales Eléctricos', '2022-02-11', 11, 2, 2022),
(70205158, 39121602, 'Dado Térmico De 50 Amperios, 3 Polos De Primera Calidad, Igual O Compatible Con La Marca General Electric', 'C/U', '5.00', '34.60', 'Materiales Eléctricos', '2022-02-11', 11, 2, 2022),
(70205192, 39121309, 'Caja Octagonal PVC', 'C/U', '9.00', '0.70', 'Materiales Eléctricos', '2022-02-11', 11, 2, 2022),
(70205193, 39121304, 'Tapadera Para Caja Octagonal', 'C/U', '115.00', '0.30', 'Materiales Eléctricos', '2022-02-11', 11, 2, 2022),
(70205215, 39121303, 'Caja Térmica Monofásica De 12 Circuitos, 2 Polos, Nema 3r, 120/240 Voltios', 'C/U', '1.00', '125.00', 'Materiales Eléctricos', '2022-02-11', 11, 2, 2022),
(70205222, 39101801, 'Bombillo Para Lampara De Mercurio De 175w, 220 Voltios.', 'C/U', '15.00', '4.00', 'Materiales Eléctricos', '2022-02-11', 11, 2, 2022),
(70205223, 39111810, 'Fotocelda Para Lampara De Mercurio De 175w, 220 Voltios', 'C/U', '15.00', '8.00', 'Materiales Eléctricos', '2022-02-11', 11, 2, 2022),
(70205227, 39101801, 'Foco Ahorrador De Energía De 25 Watts, 110 Voltios', 'C/U', '17.00', '3.30', 'Materiales Eléctricos', '2022-02-11', 11, 2, 2022),
(70205231, 39101605, 'Tubo Fluorescente De 15 Watts, 120 Voltios', 'C/U', '51.00', '4.50', 'Materiales Eléctricos', '2022-02-11', 11, 2, 2022),
(70205232, 39101605, 'Tubo Fluorescente De 17 Watts, 120 Voltios', 'C/U', '77.00', '1.40', 'Materiales Eléctricos', '2022-02-11', 11, 2, 2022),
(70205233, 39101605, 'Tubo Fluorescentes De 20 Watts, 120 Voltios', 'C/U', '130.00', '1.00', 'Materiales Eléctricos', '2022-02-11', 11, 2, 2022),
(70205236, 39101605, 'Tubo Fluorescente De 55 Watts, 120 Voltios', 'C/U', '18.00', '2.90', 'Materiales Eléctricos', '2022-02-11', 11, 2, 2022),
(70205237, 39101605, 'Tubo Fluorescente De 40 Watts, 120 Voltios', 'C/U', '33.00', '0.80', 'Materiales Eléctricos', '2022-02-11', 11, 2, 2022),
(70205242, 39101801, 'Foco Corriente De 60 Watts', 'Cto', '49.00', '0.40', 'Materiales Eléctricos', '2022-02-11', 11, 2, 2022),
(70205250, 39101901, 'Balastro De 2x40w, 120 Voltios, Rapid Star', 'C/U', '34.00', '18.40', 'Materiales Eléctricos', '2022-02-11', 11, 2, 2022),
(70205252, 39101901, 'Balastro Electrónico De 1x20 W, 120 Voltios.', 'C/U', '72.00', '3.30', 'Materiales Eléctricos', '2022-02-11', 11, 2, 2022),
(70205259, 39101901, 'Balastro Electrónico De 2x32 W, 120 Voltios', 'C/U', '8.00', '8.50', 'Materiales Eléctricos', '2022-02-11', 11, 2, 2022),
(70205284, 39121406, 'Receptáculo De Baquelita Fijo', 'C/U', '34.00', '0.90', 'Materiales Eléctricos', '2022-02-11', 11, 2, 2022),
(70205288, 39120000, 'Soporte Para Lampara C/U Fluorescente Tipo Riel', 'C/U', '29.00', '0.50', 'Materiales Eléctricos', '2022-02-11', 11, 2, 2022),
(70205295, 39121308, 'Tomacorriente Hembra Tipo Dado, Polarizado', 'C/U', '34.00', '0.00', 'Materiales Eléctricos', '2022-03-11', 11, 3, 2022),
(70205296, 39121308, 'Tomacorriente Hembra, Doble, Polarizado', 'C/U', '134.00', '1.00', 'Herramientas Y Repuestos', '2022-02-24', 24, 2, 2022),
(70205297, 39121308, 'Tomacorriente Hembra , 220 Voltios, 50 Amperios', 'C/U', '8.00', '2.80', 'Materiales Eléctricos', '2022-02-28', 28, 2, 2022),
(70205300, 39121308, 'Toma Corriente Hembra Para Voltios 50 Amperios', 'C/U', '8.00', '2.80', 'Materiales Eléctricos', '2022-02-11', 11, 2, 2022),
(70205301, 39121308, 'Toma Corriente Hembra Para Empotrar, De Seguridad, 220 Voltios 50 Amperios, L630r Tipo Nema', 'C/U', '0.00', '9.50', 'Materiales Eléctricos', '2022-06-07', 7, 6, 2022),
(70205310, 39121308, 'Toma Corriente Hembra, Doble, Polarizado, Grado Hospitalario, 125 Voltios, 15 Amperios', 'C/U', '5.00', '7.50', 'Materiales Eléctricos', '2022-02-11', 11, 2, 2022),
(70205312, 39121308, 'Toma Corriente Hembra , 220 Voltios, 30 Amperios Incluye Placa', 'C/U', '4.00', '4.20', 'Materiales Eléctricos', '2022-02-11', 11, 2, 2022),
(70205319, 39121308, 'Toma Corriente Macho, Tipo Chino De 15 Amperios', 'C/U', '66.00', '1.30', 'Materiales Eléctricos', '2022-02-11', 11, 2, 2022),
(70205320, 39121308, 'Toma Corriente Macho, Tipo Chino De 20 Amperios', 'C/U', '8.00', '2.00', 'Materiales Eléctricos', '2022-02-11', 11, 2, 2022),
(70205328, 39121308, 'Toma Corriente Hembra, 220 Voltios, Tipo Chino 15 Amperios.', 'C/U', '28.00', '3.20', 'Materiales Eléctricos', '2022-03-14', 14, 3, 2022),
(70205329, 39121308, 'Toma Corriente Hembra A 220 Voltios, Tipo Chino 20 Amperios', 'C/U', '3.00', '3.50', 'Materiales Eléctricos', '2022-03-14', 14, 3, 2022),
(70205331, 39121302, 'Placa Doble De Baquelita (Para Toma Polarizado)', 'C/U', '30.00', '0.30', 'Materiales Eléctricos', '2022-02-11', 11, 2, 2022),
(70205338, 39121302, 'Placa Sencilla Metálica', 'C/U', '0.00', '2.25', 'Materiales Eléctricos', '2022-06-07', 7, 6, 2022),
(70205344, 39111810, 'Interruptor Sencillo Integrado De Primera Calidad', 'C/U', '106.00', '2.00', 'Materiales Eléctricos', '2022-02-11', 11, 2, 2022),
(70205345, 39111810, 'Interruptor Doble Integrado De Primera Calidad', 'C/U', '10.00', '2.43', 'Materiales Eléctricos', '2022-05-23', 23, 5, 2022),
(70205357, 70205357, 'Switch Superficial Para Timbre', 'C/U', '8.00', '1.40', 'Materiales Eléctricos', '2022-02-11', 11, 2, 2022),
(70205359, 0, 'Timbre A 110 Voltios Difusor Acrílico Tipo diamante Para Lámpara De 4x2 Pies', 'C/U', '5.00', '7.80', 'Materiales Eléctricos', '2022-02-11', 11, 2, 2022),
(70205362, 39122251, 'Switch Superficial De 10a, 125 Vac Fusible Para Alta Tensión De 10 Amperios, Tipo K', 'C/U', '20.00', '1.50', 'Materiales Eléctricos', '2022-02-11', 11, 2, 2022),
(70205421, 39121432, 'Terminal De Bandera 12-10', 'C/U', '40.00', '0.16', 'Materiales Eléctricos', '2022-05-26', 26, 5, 2022),
(70205428, 39121432, 'Terminal De Ojo No. 8', 'C/U', '12.00', '0.30', 'Materiales Eléctricos', '2022-02-11', 11, 2, 2022),
(70205429, 39120000, 'Terminal De Ojo No. 10', 'C/U', '206.00', '0.40', 'Materiales Eléctricos', '2022-02-11', 11, 2, 2022),
(70205434, 9999, 'Barra Coperwell De 5/8" X 2" Con Cepo', 'C/U', '2.00', '4.80', 'Materiales Eléctricos', '2022-03-14', 14, 3, 2022),
(70205778, 39121434, 'Conector Recto Para 5/8" X 2" Con Cepo', 'C/U', '60.00', '10.50', 'Materiales Eléctricos', '2022-02-11', 11, 2, 2022),
(70205453, 39121434, 'Conector Recto De 1/2" Metálico', 'C/U', '6.00', '0.20', 'Materiales Eléctricos', '2022-02-11', 11, 2, 2022),
(70205456, 39120000, 'Conector Recto De 3/4", Metálico', 'C/U', '80.00', '0.90', 'Materiales Eléctricos', '2022-02-11', 11, 2, 2022),
(70205459, 39121434, 'Conector Recto De 1" Metálico', 'C/U', '44.00', '0.70', 'Materiales Eléctricos', '2022-02-11', 11, 2, 2022),
(70205490, 31231313, 'Eléctrico Poliducto De 1/2"', 'Mts', '50.00', '1.00', 'Materiales Eléctricos', '2022-03-11', 11, 3, 2022),
(70205499, 39131601, 'Tecno ducto De 3/4"', 'Mts', '35.00', '0.50', 'Materiales Eléctricos', '2022-02-23', 23, 2, 2022),
(70205500, 39131601, 'Tecno ducto De 1"', 'Mts', '100.00', '0.75', 'Materiales Eléctricos', '2022-05-23', 23, 5, 2022),
(70205521, 39121705, 'Grapa Plástica Para Tnm 12/3', 'C/U', '100.00', '0.00', 'Materiales Eléctricos', '2022-02-11', 11, 2, 2022),
(70205522, 39121705, 'Grapa Plástica Para Tnm 10/3', 'C/U', '173.00', '0.00', 'Materiales Eléctricos', '2022-02-11', 11, 2, 2022),
(70205530, 39121705, 'Grapa Plástica Para Tnm 12/2', 'C/U', '37.00', '0.10', 'Materiales Eléctricos', '2022-02-11', 11, 2, 2022),
(70205531, 39121705, 'Grapa Plástica Para Tnm 14/2', 'C/U', '85.00', '0.00', 'Materiales Eléctricos', '2022-02-11', 11, 2, 2022),
(70205570, 31201502, 'Cinta Aislante PVC 19 Mm X 20 Ydas X 0.177 Mm, Aproximadamente, Rollo', 'C/U', '104.00', '5.00', 'Materiales Eléctricos', '2022-02-11', 11, 2, 2022),
(70205572, 31201502, 'Cinta Aislante # 23, Rollo', 'C/U', '21.00', '4.50', 'Materiales Eléctricos', '2022-02-11', 11, 2, 2022),
(70205575, 39121424, 'Scotchlock Azul', 'C/U', '147.00', '0.10', 'Materiales Eléctricos', '2022-02-11', 11, 2, 2022),
(70205577, 39121424, 'Scotchlock Rojo', 'C/U', '82.00', '0.10', 'Materiales Eléctricos', '2022-02-11', 11, 2, 2022),
(70205603, 39121311, 'Cuerpo Terminal De 1"', 'C/U', '0.00', '2.20', 'Materiales Eléctricos', '2022-02-11', 11, 2, 2022),
(70205626, 39121613, 'Cepo Bimetálico No. 1/0', 'C/U', '2.00', '3.20', 'Materiales Eléctricos', '2022-02-11', 11, 2, 2022),
(70205627, 39121613, 'Cepo Bimetálico No. 2/0', 'C/U', '2.00', '5.80', 'Materiales Eléctricos', '2022-02-11', 11, 2, 2022),
(70205687, 31162906, 'Abrazadera Conduit De 2"', 'C/U', '60.00', '0.90', 'Materiales Eléctricos', '2022-02-11', 11, 2, 2022),
(70205688, 31162906, 'Abrazadera Conduit De 1 1/2"', 'C/U', '24.00', '0.60', 'Materiales Eléctricos', '2022-02-11', 11, 2, 2022),
(70205690, 31162305, 'Abrazadera Emt De 1 1/4"', 'C/U', '19.00', '1.10', 'Materiales Eléctricos', '2022-02-11', 11, 2, 2022),
(70205693, 39121409, 'Conector De Compresión Ypc2a8u', 'C/U', '24.00', '1.53', 'Materiales Eléctricos', '2022-05-18', 18, 5, 2022),
(70205744, 30101809, 'Cepo Galvanizado De 1/4"', 'C/U', '10.00', '0.39', 'Minerales Metálicos', '2022-06-07', 7, 6, 2022),
(70205763, 46171608, 'Sensor De Movimiento con Socket Doble, 180° Coraza Galvanizada De 2"', 'C/U', '1.00', '15.30', 'Materiales Eléctricos', '2022-02-11', 11, 2, 2022),
(70205823, 26121616, 'Cable Telefónico 2 Pares', 'Mts', '340.00', '0.20', 'Materiales Eléctricos', '2022-02-11', 11, 2, 2022),
(70205825, 0, 'Cable De Extensión En espiral Para Auricular', 'C/U', '103.00', '3.00', 'Materiales Eléctricos', '2022-02-11', 11, 2, 2022),
(70205826, 39121310, 'Caja Telefónica Modular', 'C/U', '95.00', '0.90', 'Materiales Eléctricos', '2022-02-11', 11, 2, 2022),
(70205870, 39101609, 'Luminaria Empotrar, Panel Led 2 X 4, 60watts,100-227 Vac, 6500k, 4800 Lumens', 'C/U', '0.00', '50.95', 'Materiales Eléctricos', '2022-05-23', 23, 5, 2022),
(70205880, 39101609, 'Luminaria Led De Alta Eficiencia Para Exteriores, De 50 Watts, 100-277 Vac', 'C/U', '12.00', '30.94', 'Materiales Eléctricos', '2022-05-18', 18, 5, 2022),
(70205886, 39111705, 'Tubo Led De 18 Watts, T8, 120 Voltios', 'C/U', '150.00', '3.80', 'Materiales Eléctricos', '2022-02-24', 24, 2, 2022),
(70206050, 11101716, 'Estaño 60x40 Con Resina De 1 Mm En Carrete De 500g', 'C/U', '3.00', '32.00', 'Materiales Eléctricos', '2022-02-11', 11, 2, 2022),
(70207003, 12142102, 'Limpiador De Sistema De Tubería De Aire Acondicionado', 'Kg', '32.00', '24.70', 'Químicos', '2022-02-11', 11, 2, 2022),
(70207022, 12142102, 'Gas Refrigerante R410a, (Tambo De 25 Libras)', 'C/U', '5.00', '119.90', 'Químicos', '2022-02-24', 24, 2, 2022),
(70207025, 12142102, 'Gas Refrigerante Suva 134-A (Tambo De 24 Libras)', 'C/U', '2.00', '149.88', 'Químicos', '2022-05-23', 23, 5, 2022),
(70207026, 12142102, 'Gas Refrigerante Suva 134-A (Frasco De 1 Kg)', '-', '7.00', '5.40', 'Químicos', '2022-02-11', 11, 2, 2022),
(70207046, 40171511, 'Tubo De Cobre Flexible Pie De 3/8"', '-', '150.00', '1.10', 'Minerales Metálicos', '2022-02-11', 11, 2, 2022),
(70207047, 40171511, 'Tubo De Cobre Flexible Pie De 7/8"', '-', '40.00', '2.30', 'Minerales Metálicos', '2022-02-11', 11, 2, 2022),
(70207049, 40171511, 'Tubo De Cobre Flexible Pie De 1/4"', '-', '150.00', '0.80', 'Minerales Metálicos', '2022-02-11', 11, 2, 2022),
(70207066, 40172103, 'Codo De Cobre De 1/2" X90°', '-', '5.00', '0.80', 'Minerales Metálicos', '2022-02-11', 11, 2, 2022),
(70207070, 40172103, 'Codo De Cobre De 3/4" X90°', 'C/U', '112.00', '1.20', 'Minerales Metálicos', '2022-02-11', 11, 2, 2022),
(70207072, 40172103, 'Codo De Cobre De 1" X90°', 'C/U', '55.00', '2.00', 'Minerales Metálicos', '2022-02-11', 11, 2, 2022),
(70207078, 40172103, 'Codo De Cobre De 2.1/8" X90°', 'C/U', '4.00', '9.30', 'Minerales Metálicos', '2022-02-11', 11, 2, 2022),
(70207080, 40183103, 'Camisa De Cobre De 3/4"', 'C/U', '16.00', '0.90', 'Minerales Metálicos', '2022-02-11', 11, 2, 2022),
(70207090, 40183103, 'Camisa De Cobre De 2-1/8"', 'C/U', '5.00', '5.30', 'Minerales Metálicos', '2022-02-11', 11, 2, 2022),
(70207092, 40183103, 'Camisa De Cobre De 1/2', 'C/U', '20.00', '0.70', 'Minerales Metálicos', '2022-02-11', 11, 2, 2022),
(70207101, 31161722, 'Tuercas De Bronce De 1/4", Flare', 'C/U', '34.00', '0.50', 'Minerales Metálicos', '2022-02-11', 11, 2, 2022),
(70207106, 31161722, 'Tuerca De Bronce De 5/8", Flare', 'C/U', '37.00', '0.60', 'Minerales Metálicos', '2022-03-30', 30, 3, 2022),
(70207110, 31161722, 'Tuercas De Bronce De 3/8", Flare', 'C/U', '15.00', '1.00', 'Minerales Metálicos', '2022-02-11', 11, 2, 2022),
(70207126, 40183103, 'Unión De Bronce De 5/8", Flare', 'C/U', '3.00', '1.30', 'Minerales Metálicos', '2022-02-11', 11, 2, 2022),
(70207143, 0, 'Visor De Liquido 1/2"', 'C/U', '4.00', '9.00', 'Herramientas Y Repuestos', '2022-02-11', 11, 2, 2022),
(70207144, 0, 'Visor De Liquido 3/8"', 'C/U', '9.00', '5.60', 'Herramientas Y Repuestos', '2022-02-11', 11, 2, 2022),
(70207145, 0, 'Visor De Liquido 5/8"', 'C/U', '14.00', '22.80', 'Herramientas Y Repuestos', '2022-02-11', 11, 2, 2022),
(70207146, 0, 'Visor De Liquido 7/8"', 'C/U', '22.00', '14.30', 'Herramientas Y Repuestos', '2022-02-11', 11, 2, 2022),
(70207147, 40141609, 'Válvula De Paso De 3/8"', 'C/U', '1.00', '0.00', 'Herramientas Y Repuestos', '2022-02-11', 11, 2, 2022),
(70207148, 40141609, 'Válvula De Paso De 5/8"', 'C/U', '10.00', '0.00', 'Herramientas Y Repuestos', '2022-02-11', 11, 2, 2022),
(70207155, 39100000, 'Soldadura De Bronce 1/8" (Varilla)', 'C/U', '46.00', '2.30', 'Minerales Metálicos', '2022-02-11', 11, 2, 2022),
(70207156, 23271804, 'Soldadura De Plata Al 5% (Varilla)', 'C/U', '94.00', '2.60', 'Minerales Metálicos', '2022-02-11', 11, 2, 2022),
(70207162, 31201503, 'Cinta Arnold Primera Calidad, Rollo', 'C/U', '34.00', '2.30', 'Materiales Eléctricos', '2022-02-11', 11, 2, 2022),
(70207670, 39121529, 'Contactor Electromecánico, Trifásico, Bobina 110 V', 'C/U', '2.00', '21.90', 'Materiales Eléctricos', '2022-02-11', 11, 2, 2022),
(70207683, 99999, 'Trampa De Vapor, Tipo Termodinámica, Diámetro De Conexión 3/4", Roscada', 'C/U', '3.00', '110.00', 'Minerales Metálicos', '2022-03-08', 8, 3, 2022),
(70207774, 99999, 'Sal Industrial Sin Yodo, Para Regenerar Resina Catiónica', 'Qq', '0.00', '17.38', 'Minerales No Metálicos', '2022-03-25', 25, 3, 2022),
(70207781, 99999, 'Producto Químico Para Tratamiento Del Agua En Calderas, Anti-Incrustante (', 'Galón', '90.00', '15.00', 'Químicos', '2022-03-01', 1, 3, 2022),
(70207782, 99999, 'Producto Químico Para Tratamiento Del Agua En Calderas, Anticorrosivo (310-A)', 'Galón', '30.00', '18.00', 'Químicos', '2022-03-01', 1, 3, 2022),
(70207803, 41103311, 'Manómetro', 'C/U', '3.00', '23.00', 'Herramientas Y Repuestos', '2022-02-11', 11, 2, 2022),
(70207860, 40141609, 'Válvula De Globo De Acero Al Carbono, Diámetro 2" Para Agua', 'C/U', '6.00', '46.00', 'Minerales Metálicos', '2022-03-08', 8, 3, 2022),
(70207979, 40141607, 'Válvula De Bola, Esfera O Cierre Rápido, Acero Al Carbono, Diámetro 1/2"', 'C/U', '1.00', '55.00', 'Minerales Metálicos', '2022-03-08', 8, 3, 2022),
(70208043, 30161602, 'Capote Intermedio Para Lamina Metálica Troquelada', 'C/U', '7.00', '10.80', 'Minerales Metálicos', '2022-03-11', 11, 3, 2022),
(70208067, 31161507, 'Autorizante 3/4" X 5/16"', 'C/U', '150.00', '0.00', 'Materiales Eléctricos', '2022-03-16', 16, 3, 2022),
(70208068, 31161507, 'Tornillo Autorizante 1"', 'C/U', '4.00', '0.06', 'Minerales Metálicos', '2022-03-15', 15, 3, 2022),
(70208080, 99999, 'Masilla Para Tabla Roca', 'Galón', '25.00', '3.90', 'Minerales No Metálicos', '2022-05-05', 5, 5, 2022),
(70208081, 31201604, 'Cemento Asfaltico Tapagoteras', 'Galón', '18.00', '16.57', 'Químicos', '2022-03-29', 29, 3, 2022),
(70208083, 31201513, 'Cinta Antideslizante 50 Mm De Ancho , Rollo', 'C/U', '7.00', '13.50', 'Minerales No Metálicos', '2022-02-11', 11, 2, 2022),
(70208086, 99999, 'Impermeabilizante Para Concreto', 'Galón', '10.00', '10.45', 'Químicos', '2022-05-23', 23, 5, 2022),
(70208110, 30171703, 'Celosía De Vidrio Nevado De 1 Metro', 'C/U', '43.00', '1.30', 'Minerales No Metálicos', '2022-02-24', 24, 2, 2022),
(70208115, 27111721, 'Operador De Ventana', 'C/U', '1.00', '2.50', 'Herramientas Y Repuestos', '2022-02-28', 28, 2, 2022),
(70208119, 30111601, 'Cemento Para Piso Cerámico ,Bolsa De 20 Kilogramos', 'C/U', '38.00', '4.30', 'Minerales No Metálicos', '2022-02-24', 24, 2, 2022),
(70208120, 30111601, 'Cemento Portland, Bolsa De 42.5 Kilogramos', 'C/U', '15.00', '10.80', 'Minerales No Metálicos', '2022-02-24', 24, 2, 2022),
(70208300, 30161509, 'Tabla Roca De Yeso Para Interiores De 1.22 Metros X 2.44 Metros X 1/2"', 'C/U', '11.00', '8.56', 'Minerales No Metálicos', '2022-03-29', 29, 3, 2022),
(70208307, 30151703, 'Poste Metálico Galvanizado De 3.05 Metros Para Tabla Roca', 'C/U', '25.00', '1.90', 'Minerales Metálicos', '2022-02-24', 24, 2, 2022),
(70208312, 31201510, 'Cinta Para Tabla Roca, Uso Interiores, Rollo', 'C/U', '1.00', '2.80', 'Minerales No Metálicos', '2022-02-11', 11, 2, 2022),
(70208492, 30171514, 'Brazo Hidráulico Tipo Liviano Para Cierre De Puerta', 'C/U', '1.00', '24.50', 'Herramientas Y Repuestos', '2022-02-11', 11, 2, 2022),
(70208495, 30171514, 'Brazo Hidráulico Para Cierre De Puerta', 'C/U', '8.00', '24.50', 'Herramientas Y Repuestos', '2022-02-11', 11, 2, 2022),
(70208499, 31162801, 'Chapa Para Gaveta De Escritorio Tipo Paleta', 'C/U', '8.00', '3.60', 'Herramientas Y Repuestos', '2022-02-24', 24, 2, 2022),
(70208500, 31161606, 'Cerradura Para Gaveta', 'C/U', '30.00', '2.00', 'Herramientas Y Repuestos', '2022-02-11', 11, 2, 2022),
(70208514, 31162801, 'Chapa Para Puerta , Con Apertura Eléctrica, (Incluye Accesorios)', 'C/U', '1.00', '69.00', 'Herramientas Y Repuestos', '2022-02-11', 11, 2, 2022),
(70208520, 31162801, 'Chapa De Parche Derecha', 'C/U', '2.00', '24.50', 'Herramientas Y Repuestos', '2022-02-11', 11, 2, 2022),
(70208521, 31162801, 'Chapa De Parche Izquierda', 'C/U', '1.00', '15.95', 'Minerales Metálicos', '2022-05-17', 17, 5, 2022),
(70208522, 31162801, 'Chapa De Pin Derecha', 'C/U', '2.00', '29.80', 'Herramientas Y Repuestos', '2022-02-11', 11, 2, 2022),
(70208523, 31162801, 'Chapa De Pin Izquierda', 'C/U', '2.00', '29.80', 'Herramientas Y Repuestos', '2022-02-11', 11, 2, 2022),
(70208527, 31162801, 'Chapa Cilíndrica De Palanca Con Llave', 'C/U', '13.00', '22.30', 'Herramientas Y Repuestos', '2022-02-11', 11, 2, 2022),
(70208549, 46171501, 'Candado Para Intemperie De 30 Milímetros', 'C/U', '2.00', '3.40', 'Minerales Metálicos', '2022-02-11', 11, 2, 2022),
(70208554, 46171501, 'Candado Para Intemperie De 60 Mm', 'C/U', '5.00', '11.50', 'Minerales Metálicos', '2022-02-11', 11, 2, 2022),
(70208581, 30161716, 'Separador Plástico De 1/4", Para Cerámica', 'C/U', '750.00', '0.00', 'Herramientas Y Repuestos', '2022-03-11', 11, 3, 2022),
(70208630, 0, 'Piso De (33 X 33) Cms, Para Tráfico Pesado, Varios Diseños Y Colores', 'C/U', '430.00', '1.25', 'Minerales No Metálicos', '2022-05-31', 31, 5, 2022),
(70208750, 30161602, 'Loseta Para Cielo Falso, De Yeso, De (4 X 2) Pies Perno 1/2 X 2" Con Arandela Plana Y Presión Cabeza Lisa', 'C/U', '198.00', '3.40', 'Minerales No Metálicos', '2022-05-30', 30, 5, 2022),
(70209066, 31161601, 'Perno 5 1/16 X 1 1/2" Rosca Ordinaria', 'C/U', '12.00', '0.30', 'Minerales Metálicos', '2022-02-11', 11, 2, 2022),
(70209069, 31161601, 'Perno 5/16 X 2" Rosca Ordinaria', 'C/U', '46.00', '0.40', 'Minerales Metálicos', '2022-02-11', 11, 2, 2022),
(70209073, 31161700, 'Perno 5/16 X 3/4" Todo Rosca', 'C/U', '42.00', '0.20', 'Minerales Metálicos', '2022-02-11', 11, 2, 2022),
(70209280, 40173608, 'Cushing Reductor De 1 1/2 A 1/2 PVC', 'C/U', '6.00', '0.55', 'Herramientas Y Repuestos', '2022-05-05', 5, 5, 2022),
(70209283, 40173608, 'Cushing Reductor De 3" A 1" PVC', 'C/U', '6.00', '4.50', 'Minerales No Metálicos', '2022-02-25', 25, 2, 2022),
(70209284, 40173608, 'Cushing Reductor De 3" A 2" PVC', 'C/U', '24.00', '1.70', 'Herramientas Y Repuestos', '2022-02-25', 25, 2, 2022),
(70209286, 40175208, 'Codo PVC De 1 1/2 X 45', 'C/U', '4.00', '1.80', 'Herramientas Y Repuestos', '2022-05-05', 5, 5, 2022),
(70209289, 40142604, 'Codo PVC 2 1/2 X 45', 'C/U', '21.00', '0.00', 'Herramientas Y Repuestos', '2022-03-03', 3, 3, 2022),
(70209295, 40175208, 'Codo PVC De 3/4 1 Boca Con Rosca', 'C/U', '47.00', '0.70', 'Herramientas Y Repuestos', '2022-03-01', 1, 3, 2022),
(70209296, 40175208, 'Codo PVC De 1" X 90° Con Rosca', 'C/U', '31.00', '1.20', 'Minerales No Metálicos', '2022-02-25', 25, 2, 2022),
(70209297, 40175208, 'Codo PVC De 1 1/2" X 90° Con Rosca', 'C/U', '13.00', '2.10', 'Minerales No Metálicos', '2022-02-25', 25, 2, 2022),
(70209299, 40142115, 'Tubería De 1 1 /2" De 125 P.S.I De P.V.C', 'Mts', '5.00', '0.80', 'Herramientas Y Repuestos', '2022-03-02', 2, 3, 2022),
(70209328, 9999, 'Camisa De 1 1/4 Galvanizado', 'C/U', '6.00', '1.80', 'Minerales Metálicos', '2022-02-24', 24, 2, 2022),
(70209331, 99999, 'Codo Galvanizado De 4" X 90', 'C/U', '2.00', '0.00', 'Minerales Metálicos', '2022-03-04', 4, 3, 2022),
(70209385, 40142305, 'Reductor Campana De 1 1/4 A 1" Galvanizado', 'C/U', '3.00', '2.00', 'Minerales Metálicos', '2022-02-24', 24, 2, 2022),
(70209388, 40142305, 'Reductor Campana De 2" A 1" Galvanizado', 'C/U', '4.00', '0.00', 'Minerales Metálicos', '2022-03-04', 4, 3, 2022),
(70209427, 40183104, 'Tapón Macho De 1 1/2', 'C/U', '23.00', '1.30', 'Herramientas Y Repuestos', '2022-02-28', 28, 2, 2022),
(70208527, 31162801, 'Chapa Cilíndrica De Palanca Con Llave', 'C/U', '13.00', '22.30', 'Herramientas Y Repuestos', '2022-02-11', 11, 2, 2022),
(70209519, 0, 'Camisa Galvanizada De 2 1/2"', 'C/U', '3.00', '4.90', 'Minerales Metálicos', '2022-02-24', 24, 2, 2022),
(70209654, 39121705, 'Grapa Para Cable 16-2', 'C/U', '85.00', '0.10', 'Materiales Eléctricos', '2022-02-11', 11, 2, 2022),
(70209720, 39121602, 'Dado Térmico De 20 Igual O Compatible Con El Tipo Chb, Marca', 'C/U', '15.00', '5.30', 'Materiales Eléctricos', '2022-02-11', 11, 2, 2022),
(70209721, 39121602, 'Dado Térmico De 30 Amperios, 1 Polo, Igual O Compatible Con El Tipo Chb, Marca Cutler Hammer', 'C/U', '3.00', '6.00', 'Materiales Eléctricos', '2022-02-11', 11, 2, 2022),
(70209719, 39121601, 'Dado Térmico De 15 Amperios, 1 Polo, Igual O Compatible Con El Tipo Chb, Marca Cutler Hammer 2 1/2"', 'C/U', '1.00', '5.30', 'Materiales Eléctricos', '2022-02-11', 11, 2, 2022),
(70209616, 0, 'Fusible De 10 Amp 250v', 'C/U', '66.00', '0.30', 'Materiales Eléctricos', '2022-02-11', 11, 2, 2022),
(70209618, 0, 'Fusible De 2 Amp 250v', 'C/U', '22.00', '0.20', 'Materiales Eléctricos', '2022-02-11', 11, 2, 2022),
(70209620, 0, 'Fusible De 3 Amp 250v', 'C/U', '28.00', '0.30', 'Materiales Eléctricos', '2022-02-11', 11, 2, 2022),
(70209622, 0, 'Fusible De 5 Amp 250v', 'C/U', '57.00', '0.30', 'Materiales Eléctricos', '2022-02-11', 11, 2, 2022),
(70209646, 0, 'Fusible 250v 6 A', 'C/U', '1.00', '0.80', 'Materiales Eléctricos', '2022-02-11', 11, 2, 2022),
(70209746, 39121602, 'Dado Térmico De 40 Amperios, 2 Polos, Modelo Bab', 'C/U', '0.00', '23.30', 'Materiales Eléctricos', '2022-06-07', 7, 6, 2022),
(70210041, 30103605, 'Tabloncillo De Cedro De 3 Varas', 'C/U', '6.00', '33.65', 'Agropecuarios Y Forestales', '2022-03-29', 29, 3, 2022),
(70210087, 30103605, 'Tabla De Cedro De 3 Varas', 'C/U', '12.00', '37.11', 'Agropecuarios Y Forestales', '2022-03-29', 29, 3, 2022),
(70210139, 30103607, 'Regla Pacha De Cedro De 4 Varas', 'C/U', '6.00', '14.10', 'Agropecuarios Y Forestales', '2022-03-29', 29, 3, 2022),
(70210181, 30103601, 'Cuartón De Cedro De 3 Varas', 'C/U', '15.00', '32.80', 'Agropecuarios Y Forestales', '2022-02-24', 24, 2, 2022),
(70210189, 30103607, 'Costanera De Pino De 3.5 Varas', 'C/U', '0.00', '14.10', 'Agropecuarios Y Forestales', '2022-03-29', 29, 3, 2022),
(70210211, 99999, 'Costanera De Cedro De 3 Varas', 'C/U', '18.00', '16.35', 'Agropecuarios Y Forestales', '2022-02-24', 24, 2, 2022),
(70210280, 11122001, 'Plywood Banack Clase B De 4 Pies X 8 Pies X 3/8", Pliego', 'C/U', '6.00', '33.23', 'Agropecuarios Y Forestales', '2022-03-29', 29, 3, 2022),
(70210283, 11122001, 'Plywood Banack Clase B De 4 Pies X 8 Pies X 3/4", Pliego', 'C/U', '0.00', '65.79', 'Agropecuarios Y Forestales', '2022-03-29', 29, 3, 2022),
(70210289, 11122001, 'Plywood Banack Clase B De 4 Pies X 8 Pies X 1/4", Pliego', 'C/U', '0.00', '25.05', 'Agropecuarios Y Forestales', '2022-03-29', 29, 3, 2022),
(70210292, 11122001, 'Plywood Banack Clase B De 4 Pies X 8 Forestales Pies X 1/2", Pliego', 'C/U', '5.00', '42.05', 'Agropecuarios Y Forestales', '2022-03-29', 29, 3, 2022),
(70210315, 30103604, 'Formica Color Blanco C/U Brillante, Pliego', 'C/U', '0.00', '31.95', 'Agropecuarios Y Forestales', '2022-03-25', 25, 3, 2022),
(70210350, 31191501, 'Lija Para Madera No. Pliego', 'C/U', '10.00', '0.55', 'Minerales No Metálicos', '2022-03-29', 29, 3, 2022),
(70210356, 31191501, 'Lija Para Madera No.36,Pliego', 'C/U', '27.00', '0.49', 'Minerales No Metálicos', '2022-03-29', 29, 3, 2022),
(70210357, 31191501, 'Lija Para Madera No. 50,Pliego', 'C/U', '30.00', '0.49', 'Minerales No Metálicos', '2022-03-29', 29, 3, 2022),
(70210359, 31191501, 'Lija Para Madera No. 80,Pliego', 'C/U', '40.00', '0.70', 'Minerales No Metálicos', '2022-03-29', 29, 3, 2022),
(70210360, 31191501, 'Lija Para Madera No. 100,Pliego', 'C/U', '92.00', '0.65', 'Minerales No Metálicos', '2022-03-29', 29, 3, 2022),
(70210362, 31191501, 'Lija Para Madera No. 150, Pliego', 'C/U', '61.00', '0.70', 'Minerales No Metálicos', '2022-03-29', 29, 3, 2022),
(70210363, 31191501, 'Lija Para Madera No. 180, Pliego', 'C/U', '32.00', '0.65', 'Minerales No Metálicos', '2022-03-29', 29, 3, 2022),
(70210365, 31191501, 'Lija Para Madera No. 220, Pliego', 'C/U', '10.00', '0.25', 'Minerales No Metálicos', '2022-03-29', 29, 3, 2022),
(70210400, 31162801, 'Heladera Cromada De 4"', 'C/U', '18.00', '0.10', 'Herramientas Y Repuestos', '2022-02-11', 11, 2, 2022),
(70210500, 31201610, 'Pegamento Para Madera', 'Galón', '14.05', '14.00', 'Químicos', '2022-02-25', 25, 2, 2022),
(70211000, 30181506, 'Urinario Color Blanco Completo Estándar', 'C/U', '1.00', '115.00', 'Herramientas Y Repuestos', '2022-03-29', 29, 3, 2022),
(70211005, 30181505, 'Sanitario Color Blanco Completo Standard', 'C/U', '3.00', '52.40', 'Herramientas Y Repuestos', '2022-03-29', 29, 3, 2022),
(70211017, 30181809, 'Sifón Al Piso Roscado De 1 1/2 P/Fregadero De P.V.C.', 'C/U', '18.00', '3.50', 'Herramientas Y Repuestos', '2022-02-24', 24, 2, 2022),
(70211037, 40141613, 'Válvula, Tipo Compuerta, Bronce,125 Psi, Diámetro 2"', 'C/U', '6.00', '95.50', 'Minerales Metálicos', '2022-03-08', 8, 3, 2022),
(70211041, 40141643, 'Válvula Check Horizontal 1 / 2"', 'C/U', '1.00', '43.00', 'Minerales Metálicos', '2022-03-09', 9, 3, 2022),
(70211049, 30181810, 'Válvula Para Ducha De 1 /2"', 'C/U', '29.00', '11.40', 'Herramientas Y Repuestos', '2022-02-28', 28, 2, 2022),
(70211050, 40141609, 'Válvula De Control Cromada De 1 /2" Al Piso', 'C/U', '36.00', '2.75', 'Herramientas Y Repuestos', '2022-05-05', 5, 5, 2022),
(70211051, 40141609, 'Válvula De Control Cromada De 1 / 2"A La Pared', 'C/U', '88.00', '2.50', 'Herramientas Y Repuestos', '2022-02-22', 22, 2, 2022),
(70211063, 30181810, 'Manecilla Para Válvula Para Ducha', 'C/U', '32.00', '1.90', 'Herramientas Y Repuestos', '2022-03-02', 2, 3, 2022),
(70211064, 30181809, 'Manecilla Cromada Para Servicio Sanitario', 'C/U', '74.00', '0.94', 'Herramientas Y Repuestos', '2022-02-24', 24, 2, 2022),
(70211066, 30181603, 'Asiento Plástico Color Blanco Para Sanitario Standard', 'C/U', '11.00', '4.40', 'Herramientas Y Repuestos', '2022-02-28', 28, 2, 2022),
(70211071, 40142020, 'Tubo De Abasto De Acero Inoxidable Para Sanitario', 'C/U', '63.00', '2.60', 'Herramientas Y Repuestos', '2022-02-11', 11, 2, 2022),
(70211109, 40142604, 'Codo Liso De 4" X 90', 'C/U', '12.00', '5.60', 'Herramientas Y Repuestos', '2022-02-25', 25, 2, 2022),
(70211073, 40142020, 'Tubo De Abasto De Acero Inoxidable Para Lavamanos', 'C/U', '10.00', '2.60', 'Herramientas Y Repuestos', '2022-02-11', 11, 2, 2022),
(70211074, 30181804, 'Llave De 1 /2" Con Rosca Para Manguera', 'C/U', '28.00', '5.00', 'Herramientas Y Repuestos', '2022-05-18', 18, 5, 2022),
(70211076, 30181804, 'Llave De 1/2" Cromado Para Lavamanos 1a Calidad', 'C/U', '21.00', '6.00', 'Minerales Metálicos', '2022-02-25', 25, 2, 2022),
(70211078, 30181804, 'Llave Cuello De Ganso Al Piso Para Fregadero', 'C/U', '63.00', '13.50', 'Herramientas Y Repuestos', '2022-02-11', 11, 2, 2022),
(70211087, 30181809, 'Sifón Horizontal De 1 1/4" P.V.C', 'C/U', '10.00', '3.30', 'Herramientas Y Repuestos', '2022-02-25', 25, 2, 2022),
(70211089, 4014719, 'Adaptador Macho De 3" De P.V.C.', 'C/U', '27.00', '2.00', 'Herramientas Y Repuestos', '2022-02-25', 25, 2, 2022),
(70211091, 40141719, 'Adaptador Macho De 3 /4" P. V. C', 'C/U', '83.00', '0.10', 'Herramientas Y Repuestos', '2022-02-25', 25, 2, 2022),
(70211092, 40141719, 'Adaptador Macho De 1" De P.V.C', 'C/U', '217.00', '0.30', 'Herramientas Y Repuestos', '2022-02-11', 11, 2, 2022),
(70211093, 40141719, 'Adaptador Macho De 1.1 / 4" De P.V.C', 'C/U', '53.00', '0.40', 'Herramientas Y Repuestos', '2022-02-25', 25, 2, 2022),
(70211094, 40141719, 'Adaptador Macho De 1. 1 / 2" De P.V.C', 'C/U', '146.00', '0.60', 'Herramientas Y Repuestos', '2022-02-25', 25, 2, 2022),
(70211095, 40141719, 'Adaptador Macho De PVC 2"', 'C/U', '41.00', '3.00', 'Minerales No Metálicos', '2022-02-25', 25, 2, 2022),
(70211096, 40141719, 'Adaptador Macho PVC 2-1/2"', 'C/U', '28.00', '1.90', 'Herramientas Y Repuestos', '2022-02-25', 25, 2, 2022),
(70211097, 40141719, 'Adaptador Hembra De 1/2" De P.V.C', 'C/U', '55.00', '0.20', 'Herramientas Y Repuestos', '2022-02-25', 25, 2, 2022),
(70211098, 40141719, 'Adaptador Macho PVC 4"', 'C/U', '22.00', '2.80', 'Herramientas Y Repuestos', '2022-02-25', 25, 2, 2022),
(70211099, 40141719, 'Adaptador Hembra De 1" De P.V.C', 'C/U', '66.00', '0.90', 'Herramientas Y Repuestos', '2022-02-25', 25, 2, 2022),
(70211100, 40141719, 'Adaptador Hembra De 1. 1 / 4" De P.V.C', 'C/U', '47.00', '0.40', 'Herramientas Y Repuestos', '2022-02-25', 25, 2, 2022),
(70211101, 40141719, 'Adaptador Hembra De 1. 1 / 2" De P.V.C', 'C/U', '38.00', '0.51', 'Herramientas Y Repuestos', '2022-02-25', 25, 2, 2022),
(70211102, 40141719, 'Adaptador Hembra Liso De 1" P.V.C.', 'C/U', '12.00', '0.27', 'Herramientas Y Repuestos', '2022-03-29', 29, 3, 2022),
(70211103, 40141751, 'Codo Liso De 1" De P.V.C', 'C/U', '41.00', '0.30', 'Herramientas Y Repuestos', '2022-02-25', 25, 2, 2022),
(70211104, 40141751, 'Codo Liso De 2" X 90 De P.V.C.', 'C/U', '23.00', '0.90', 'Herramientas Y Repuestos', '2022-02-24', 24, 2, 2022),
(70211105, 40141751, 'Codo Liso De 1 /2" X 90 De P.V.C', 'C/U', '226.00', '0.10', 'Herramientas Y Repuestos', '2022-02-25', 25, 2, 2022),
(70211106, 40141751, 'Codo Liso De 3 /4" X 90 P.V.C', 'C/U', '82.00', '0.20', 'Herramientas Y Repuestos', '2022-02-25', 25, 2, 2022),
(70211107, 40141751, 'Codo De 1 1/4" X 90 P.V.C', 'C/U', '20.00', '0.50', 'Herramientas Y Repuestos', '2022-02-28', 28, 2, 2022),
(70211108, 40142604, 'Codo Liso De 3" X 90 PVC', 'C/U', '15.00', '3.40', 'Herramientas Y Repuestos', '2022-02-25', 25, 2, 2022),
(70211109, 40142604, 'Codo Liso De 4" X 90 P.V.C', 'C/U', '12.00', '5.60', 'Herramientas Y Repuestos', '2022-02-25', 25, 2, 2022),
(70211115, 40173608, 'Reductor De 3 / 4" A 1 / 2" De P.V.C', 'C/U', '35.00', '0.10', 'Herramientas Y Repuestos', '2022-02-25', 25, 2, 2022),
(70211116, 40173608, 'Reductor De 1" A 3 / 4" De P.V.C', 'C/U', '60.00', '0.20', 'Herramientas Y Repuestos', '2022-02-24', 24, 2, 2022),
(70211117, 40173608, 'Reductor De 1 1/2 A 1" De P.V.C', 'C/U', '50.00', '0.40', 'Herramientas Y Repuestos', '2022-02-25', 25, 2, 2022),
(70211118, 40173608, 'Reductor De 1 1/4 A 3/4 De P.V.C', 'C/U', '49.00', '0.30', 'Herramientas Y Repuestos', '2022-02-25', 25, 2, 2022),
(70211119, 40173608, 'Reductor De 1" A 1 / 2" De P.V.C', 'C/U', '99.00', '0.70', 'Herramientas Y Repuestos', '2022-03-08', 8, 3, 2022),
(70211120, 40173608, 'Reductor De 1 1/2" A 3/4" De P.V.C', 'C/U', '11.00', '0.80', 'Minerales No Metálicos', '2022-02-25', 25, 2, 2022),
(70211122, 40142615, 'Reductor De 2" A 1/2" De P.V.C', 'C/U', '16.00', '1.10', 'Minerales No Metálicos', '2022-02-25', 25, 2, 2022),
(70211124, 40173608, 'Reductor De 1 1/2 A 1 1/4" De P.V.C', 'C/U', '51.00', '0.40', 'Herramientas Y Repuestos', '2022-02-25', 25, 2, 2022),
(70211125, 40142615, 'Reductor De 2" A 1" De P.V.C', 'C/U', '94.00', '0.80', 'Herramientas Y Repuestos', '2022-02-25', 25, 2, 2022),
(70211126, 40142615, 'Reductor De 2" A 1 1/2" De P.V.C', 'C/U', '25.00', '1.20', 'Minerales No Metálicos', '2022-02-25', 25, 2, 2022),
(70211127, 40142615, 'Reductor De 2" A 1 1/4" De P.V.C.', 'C/U', '66.00', '0.70', 'Herramientas Y Repuestos', '2022-02-24', 24, 2, 2022),
(70211128, 40142615, 'Reductor De 2 1/2" A 2" De P.V.C', 'C/U', '70.00', '4.70', 'Herramientas Y Repuestos', '2022-03-03', 3, 3, 2022),
(70211130, 40173608, 'Té De 1/2" De PVC', 'C/U', '18.00', '0.20', 'Herramientas Y Repuestos', '2022-02-28', 28, 2, 2022),
(70211132, 40173608, 'Tee De 1" De P.V.C', 'C/U', '21.00', '2.80', 'Herramientas Y Repuestos', '2022-03-08', 8, 3, 2022),
(70211133, 40173608, 'Tee De 1 .1/ 4" De P.V.C', 'C/U', '29.00', '1.50', 'Minerales No Metálicos', '2022-03-01', 1, 3, 2022),
(70211134, 40173608, 'Tee De 1 .1/ 2" De P.V.C', 'C/U', '166.00', '1.50', 'Herramientas Y Repuestos', '2022-03-01', 1, 3, 2022),
(70211135, 40173608, 'Tee De 2" De P.V.C', 'C/U', '11.00', '2.40', 'Herramientas Y Repuestos', '2022-03-11', 11, 3, 2022),
(70211138, 40142605, 'Tee De 3" De P.V.C C/U', 'C/U', '22.00', '4.50', 'Herramientas Y Repuestos', '2022-02-28', 28, 2, 2022),
(70211140, 40183103, 'Camisa De 1 /2" P.V.C', 'C/U', '23.00', '0.10', 'Herramientas Y Repuestos', '2022-02-25', 25, 2, 2022),
(70211143, 40183103, 'Camisa De 1 .1 / 4" P.V.C', 'C/U', '34.00', '0.30', 'Herramientas Y Repuestos', '2022-02-28', 28, 2, 2022),
(70211144, 40183103, 'Camisa De 1 .1 / 2" P.V.C', 'C/U', '1.00', '0.80', 'Herramientas Y Repuestos', '2022-03-03', 3, 3, 2022),
(70211145, 40183103, 'Camisa De 2" P.V.C', 'C/U', '28.00', '1.20', 'Herramientas Y Repuestos', '2022-03-01', 1, 3, 2022),
(70211146, 40183103, 'Camisa De 3" P.V.C', 'C/U', '10.00', '1.80', 'Herramientas Y Repuestos', '2022-02-28', 28, 2, 2022),
(70211147, 40141751, 'Codo Liso De 2 1/2" De P.V.C.', 'C/U', '88.00', '0.00', 'Herramientas Y Repuestos', '2022-03-03', 3, 3, 2022),
(70211148, 40141751, 'Codo Liso De 1 1/2" De P.V.C.', 'C/U', '55.00', '0.60', 'Herramientas Y Repuestos', '2022-02-25', 25, 2, 2022),
(70211149, 40142604, 'Codo Mixto De 1/2", PVC', 'C/U', '146.00', '0.20', 'Herramientas Y Repuestos', '2022-02-28', 28, 2, 2022),
(70211150, 40171617, 'Tubería De 1 /2" De 315 P. S. I De P.V.C', 'Mts', '204.00', '0.30', 'Herramientas Y Repuestos', '2022-03-01', 1, 3, 2022),
(70211151, 40171617, 'Tubería De 3 /4" De 250 P.S.I De P.V.C', 'Mts', '132.00', '0.50', 'Herramientas Y Repuestos', '2022-03-01', 1, 3, 2022),
(70211152, 40171617, 'Tubería De 1" De 250 P.S.I. De P.V.C', 'Mts', '246.00', '0.70', 'Herramientas Y Repuestos', '2022-03-01', 1, 3, 2022),
(70211155, 40171617, 'Tubería De 2" De 160 P.S.I. De P.V.C', 'Mts', '310.00', '1.50', 'Herramientas Y Repuestos', '2022-03-01', 1, 3, 2022),
(70211161, 40171617, 'Tubería De 4" De 160 P.S.I De P.V.C', 'Mts', '48.00', '6.70', 'Herramientas Y Repuestos', '2022-02-28', 28, 2, 2022),
(70211163, 40171617, 'Tubería De 6" De 125 P.S.I De P.V.C', 'Mts', '2.00', '21.70', 'Herramientas Y Repuestos', '2022-03-08', 8, 3, 2022),
(70211166, 40171617, 'Tubería De 1 .1 /4" 160 P.S.I De P.V.C', 'Mts', '258.00', '0.70', 'Herramientas Y Repuestos', '2022-03-01', 1, 3, 2022),
(70211174, 40141751, 'Codo Curva De 3" X 90 P.V.C.', 'C/U', '7.00', '1.80', 'Herramientas Y Repuestos', '2022-02-25', 25, 2, 2022),
(70211177, 40183103, 'Unión Universal De 3" PVC', 'C/U', '24.00', '1.36', 'Herramientas Y Repuestos', '2022-03-03', 3, 3, 2022),
(70211179, 40183103, 'Unión Universal De 1 1/4" De P.V.C.', 'C/U', '20.00', '5.10', 'Herramientas Y Repuestos', '2022-03-08', 8, 3, 2022),
(70211197, 40141719, 'Adaptador Hembra De 1/2" De P.V.C', 'C/U', '53.00', '0.20', 'Herramientas Y Repuestos', '2022-02-25', 25, 2, 2022),
(70211220, 39121452, 'Unión Universal De Hierro Galvanizado, Diámetro 1/2"', 'C/U', '31.00', '2.80', 'Minerales Metálicos', '2022-02-24', 24, 2, 2022),
(70211221, 39121452, 'Unión Universal De Hierro Galvanizado, Diámetro 3/4"', 'C/U', '20.00', '3.30', 'Minerales Metálicos', '2022-02-24', 24, 2, 2022),
(70211222, 39121452, 'Unión Universal De Hierro Galvanizado, Diámetro 1"', 'C/U', '6.00', '4.90', 'Minerales Metálicos', '2022-02-24', 24, 2, 2022),
(70211223, 39121452, 'Unión Universal De Hierro Galvanizado, Diámetro 1.1/4"', 'C/U', '1.00', '5.00', 'Minerales Metálicos', '2022-02-24', 24, 2, 2022),
(70211224, 39121452, 'Unión Universal De Hierro Galvanizado, Diámetro 1.1/2"', 'C/U', '5.00', '5.40', 'Minerales Metálicos', '2022-02-24', 24, 2, 2022),
(70211225, 39121452, 'Unión Universal De Hierro Galvanizado, Diámetro 2"', 'C/U', '1.00', '0.00', 'Minerales Metálicos', '2022-03-03', 3, 3, 2022),
(70211227, 9999, 'Camisa Galvanizada, Diámetro 3"', 'C/U', '3.00', '8.00', 'Minerales Metálicos', '2022-02-24', 24, 2, 2022),
(70211229, 9999, 'Camisa Galvanizada, Diámetro 1/2"', 'C/U', '13.00', '0.60', 'Minerales Metálicos', '2022-02-24', 24, 2, 2022),
(70211230, 40142609, 'Codo De Hierro Galvanizado, 90º, Diámetro 1/2"', 'C/U', '198.00', '0.80', 'Minerales Metálicos', '2022-02-24', 24, 2, 2022),
(70211231, 40142317, 'Codo De Hierro Galvanizado, 90º, Diámetro 3/4"', 'C/U', '21.00', '1.10', 'Minerales Metálicos', '2022-02-24', 24, 2, 2022),
(70211232, 40142317, 'Codo De Hierro Galvanizado, 90º, Diámetro 1"', 'C/U', '21.00', '2.00', 'Minerales Metálicos', '2022-02-24', 24, 2, 2022),
(70211233, 40142317, 'Codo De Hierro Galvanizado, 90º,Diametro 1.1/4"', 'C/U', '18.00', '2.60', 'Minerales Metálicos', '2022-02-24', 24, 2, 2022),
(70211235, 40142317, 'Codo De Hierro Galvanizado, 90º, Diámetro 2"', 'C/U', '3.00', '4.80', 'Minerales Metálicos', '2022-02-24', 24, 2, 2022),
(70211241, 40142315, 'Tee De Hierro Galvanizado, Diámetro 3/4"', 'C/U', '19.00', '1.40', 'Minerales Metálicos', '2022-02-24', 24, 2, 2022),
(70211242, 40142315, 'Tee De Hierro Galvanizado ,Diámetro De 1"', 'C/U', '3.00', '2.40', 'Minerales Metálicos', '2022-02-24', 24, 2, 2022),
(70211251, 72154119, 'Niple De Hierro Galvanizado, De 3/4" X 4"', 'C/U', '8.00', '1.90', 'Minerales Metálicos', '2022-02-24', 24, 2, 2022),
(70211254, 72154119, 'Niple De Hierro Galvanizado, De 1.1/2" X 4"', 'C/U', '5.00', '2.60', 'Minerales Metálicos', '2022-02-24', 24, 2, 2022),
(70211255, 72154119, 'Niple De Hierro Galvanizado, De 2" X 4"', 'C/U', '8.00', '4.80', 'Minerales Metálicos', '2022-02-24', 24, 2, 2022),
(70211260, 40171527, 'Caño Galvanizado, De 1/2", Tipo Mediano, Cedula 30', 'Mts', '12.00', '4.00', 'Minerales Metálicos', '2022-02-25', 25, 2, 2022),
(70211261, 40171527, 'Caño Galvanizado, De 3/4", Tipo Mediano, Cedula 30', 'Mts', '18.00', '4.60', 'Minerales Metálicos', '2022-02-25', 25, 2, 2022),
(70211262, 40171527, 'Caño Galvanizado, De 1", Tipo Mediano, Cedula 30', 'Mts', '24.00', '12.20', 'Minerales Metálicos', '2022-02-25', 25, 2, 2022),
(70211264, 40141705, 'Caño Galvanizado, De 1-1/2", Tipo Mediano, Cedula 30', 'Mts', '24.00', '14.90', 'Minerales Metálicos', '2022-02-25', 25, 2, 2022),
(70211280, 40142305, 'Bushing Reductor De Hierro Galvanizado De 1" A 1/2"', 'C/U', '4.00', '0.80', 'Minerales Metálicos', '2022-02-11', 11, 2, 2022),
(70211283, 40142305, 'Bushing Reductor De Hierro Galvanizado De 3/4" A 1/2"', 'C/U', '27.00', '0.60', 'Minerales Metálicos', '2022-02-24', 24, 2, 2022),
(70211287, 72154119, 'Niple De Hierro Galvanizado Todo Rosca De 1/2" X 1"', 'C/U', '0.00', '0.40', 'Minerales Metálicos', '2022-02-24', 24, 2, 2022),
(70211288, 72154119, 'Niple De Hierro Galvanizado Todo Rosca De 1/2" X 2"', 'C/U', '3.00', '0.70', 'Minerales Metálicos', '2022-02-24', 24, 2, 2022),
(70211297, 40142313, 'Tapón Hembra De 1/2" Galvanizado', 'C/U', '15.00', '0.60', 'Minerales Metálicos', '2022-02-24', 24, 2, 2022),
(70211298, 40142313, 'Tapón Hembra De 3/4" Galvanizado', 'C/U', '10.00', '0.80', 'Minerales Metálicos', '2022-02-24', 24, 2, 2022),
(70211300, 31201514, 'Cinta Teflón', 'C/U', '378.00', '0.30', 'Químicos', '2022-03-07', 7, 3, 2022),
(70211303, 40183104, 'Tapón Macho De 1/2" Galvanizado', 'C/U', '4.00', '1.10', 'Minerales Metálicos', '2022-02-24', 24, 2, 2022),
(70211304, 40183104, 'Tapón Macho De 3/4" Galvanizado', 'C/U', '10.00', '1.60', 'Minerales Metálicos', '2022-02-24', 24, 2, 2022),
(70211305, 40183104, 'Tapón Macho De 1" Galvanizado', 'C/U', '2.00', '0.50', 'Minerales Metálicos', '2022-02-24', 24, 2, 2022),
(70211309, 31201610, 'Pegamento Para P.V.C,', 'C/U', '10.00', '9.00', 'Químicos', '2022-02-25', 25, 2, 2022),
(70211400, 40141703, 'Ducha Para Baño', 'C/U', '5.00', '3.30', 'Herramientas Y Repuestos', '2022-02-11', 11, 2, 2022),
(70211423, 40142008, 'Manguera Plástica De 1/2" X 100 Pies Reforzada Con Hilo De Nylon Con Terminales Macho Y Hembra', 'C/U', '1.00', '16.30', 'Herramientas Y Repuestos', '2022-02-28', 28, 2, 2022),
(70211321, 72154119, '1 /8 De Galón Niple De Hierro Galvanizado De 3/4" X 3"', 'C/U', '5.00', '0.70', 'Minerales Metálicos', '2022-02-24', 24, 2, 2022),
(70211337, 40142305, 'Reductor Campana De Hierro Galvanizado 1" A 1/2"', 'C/U', '4.00', '1.10', 'Minerales Metálicos', '2022-02-24', 24, 2, 2022),
(70211346, 9999, 'Camisa De Hierro Galvanizado De 3/4"', 'C/U', '26.00', '0.90', 'Minerales Metálicos', '2022-02-24', 24, 2, 2022),
(70211347, 9999, 'Camisa De Hierro Galvanizado De 1"', 'C/U', '18.00', '1.30', 'Minerales Metálicos', '2022-02-24', 24, 2, 2022),
(70211348, 40141719, 'Camisa De Hierro Galvanizado De 1 1/2"', 'C/U', '6.00', '2.20', 'Minerales Metálicos', '2022-02-24', 24, 2, 2022),
(70211349, 40141719, 'Camisa De Hierro Galvanizado De 2"', 'C/U', '13.00', '3.70', 'Minerales Metálicos', '2022-02-24', 24, 2, 2022),
(70211385, 40171611, 'Válvula Tipo Globo De PP. De 1/2"', 'C/U', '23.00', '3.25', 'Herramientas Y Repuestos', '2022-03-01', 1, 3, 2022),
(70211390, 30181804, 'Grifo De Pedal Horizontal, Cuerpo Y Palanca De Acero Inoxidable Cromado', 'C/U', '5.00', '85.00', 'Minerales Metálicos', '2022-03-01', 1, 3, 2022),
(70211395, 30181804, 'Llave De 3/4" Con Rosca Para Manguera', 'C/U', '52.00', '4.40', 'Herramientas Y Repuestos', '2022-02-11', 11, 2, 2022),
(70211427, 40142002, 'Manguera Plástica Transparente De 3/8"', 'C/U', '4.00', '1.50', 'Herramientas Y Repuestos', '2022-02-11', 11, 2, 2022),
(70211428, 40142002, 'Manguera Plástica Transparente De 3/4"', 'C/U', '5.00', '0.90', 'Herramientas Y Repuestos', '2022-02-11', 11, 2, 2022),
(70211430, 40183104, 'Tapón Macho Con Rosca PVC 1/2"', 'C/U', '612.00', '0.60', 'Minerales No Metálicos', '2022-03-01', 1, 3, 2022),
(70211435, 40183104, 'Tapón Macho Con Rosca PVC 3/4"', 'C/U', '38.00', '0.70', 'Minerales No Metálicos', '2022-03-01', 1, 3, 2022),
(70211440, 40183104, 'Tapón Macho Con Rosca PVC 1"', 'C/U', '113.00', '0.84', 'Minerales No Metálicos', '2022-03-01', 1, 3, 2022),
(70211453, 40183104, 'Tapón Hembra Liso PVC 1/2"', 'C/U', '104.00', '0.05', 'Herramientas Y Repuestos', '2022-02-25', 25, 2, 2022),
(70211454, 40183104, 'Tapón Hembra Liso PVC 3/4"', 'C/U', '101.00', '0.70', 'Herramientas Y Repuestos', '2022-02-11', 11, 2, 2022),
(70211455, 40183104, 'Tapón Hembra Liso PVC 1"', 'C/U', '123.00', '0.40', 'Minerales No Metálicos', '2022-03-01', 1, 3, 2022),
(70211456, 40183104, 'Tapón Hembra Liso PVC 1 1/2"', 'C/U', '31.00', '0.30', 'Herramientas Y Repuestos', '2022-02-28', 28, 2, 2022),
(70211457, 40183104, 'Tapón Hembra Liso PVC 1 1/4"', 'C/U', '20.00', '0.50', 'Minerales No Metálicos', '2022-03-01', 1, 3, 2022),
(70211458, 40183104, 'Tapón Hembra Liso PVC 2"', 'C/U', '19.00', '1.20', 'Minerales No Metálicos', '2022-03-01', 1, 3, 2022),
(70211460, 40183104, 'Tapón Hembra Liso PVC 3"', 'C/U', '29.00', '6.40', 'Herramientas Y Repuestos', '2022-03-08', 8, 3, 2022),
(70211468, 40183104, 'Tapón Hembra Liso PVC 4"', 'C/U', '33.00', '3.20', 'Herramientas Y Repuestos', '2022-02-28', 28, 2, 2022),
(70211472, 40141719, 'Adaptador Hembra De PVC De 3/4"', 'C/U', '4.00', '0.30', 'Herramientas Y Repuestos', '2022-02-25', 25, 2, 2022),
(70211475, 40142612, 'Adaptador Hembra De PVC De 2"', 'C/U', '98.00', '0.70', 'Herramientas Y Repuestos', '2022-02-25', 25, 2, 2022),
(70211481, 30181809, 'Sifón Continuo PVC De 1 1/2"', 'C/U', '8.00', '4.30', 'Herramientas Y Repuestos', '2022-03-09', 9, 3, 2022),
(70211483, 30181809, 'Sifón Continuo PVC De 2"', 'C/U', '8.00', '4.50', 'Herramientas Y Repuestos', '2022-03-09', 9, 3, 2022),
(70211484, 30181809, 'Sifon Flexible Tipo Acordeón De 1 1/4" PVC', 'C/U', '25.00', '4.00', 'Herramientas Y Repuestos', '2022-03-11', 11, 3, 2022),
(70211487, 40141716, 'Sifón A La Pared Plástico Cromado De 1 1/2"', 'C/U', '19.00', '2.20', 'Herramientas Y Repuestos', '2022-02-24', 24, 2, 2022),
(70211534, 40142615, 'Reductor De 2 1/2" A 1" De P.V.C.', 'C/U', '10.00', '1.30', 'Herramientas Y Repuestos', '2022-03-08', 8, 3, 2022),
(70211538, 40173608, 'Reductor De 1 1/2 A 1/2 P.V.C', 'C/U', '23.00', '0.80', 'Herramientas Y Repuestos', '2022-02-25', 25, 2, 2022),
(70211539, 40173608, 'Reductor De 1 1/4 A 1/2 P.V.C', 'C/U', '32.00', '0.60', 'Minerales No Metálicos', '2022-02-25', 25, 2, 2022),
(70211540, 40173608, 'Reductor De 1 1/4" A 1" De P.V.C.', 'C/U', '46.00', '0.70', 'Minerales No Metálicos', '2022-02-25', 25, 2, 2022),
(70211541, 40173608, 'Reductor De 2" A 3/4" De P.V.C', 'C/U', '17.00', '0.70', 'Herramientas Y Repuestos', '2022-02-25', 25, 2, 2022),
(70211542, 40173608, 'Reductor De 3" A 1 1/2" De P.V.C', 'C/U', '6.00', '0.00', 'Herramientas Y Repuestos', '2022-03-03', 3, 3, 2022),
(70211543, 40142615, 'Reductor De 3" A 2 1/2" De P.V.C', 'C/U', '19.00', '5.00', 'Minerales No Metálicos', '2022-02-25', 25, 2, 2022),
(70211544, 40142615, 'Reductor De 4" A 2" De P.V.C', 'C/U', '7.00', '6.50', 'Minerales No Metálicos', '2022-02-25', 25, 2, 2022),
(70211545, 40142615, 'Reductor De 4" A 2 1/2" De P.V.C.', 'C/U', '6.00', '8.50', 'Minerales No Metálicos', '2022-02-25', 25, 2, 2022),
(70211546, 40142615, 'Reductor De 4" A 3" De P.V.C', 'C/U', '23.00', '6.90', 'Minerales No Metálicos', '2022-02-25', 25, 2, 2022),
(70211625, 40142605, 'Tee De 2 1/2" De P.V.C', 'C/U', '16.00', '4.90', 'Herramientas Y Repuestos', '2022-02-28', 28, 2, 2022),
(70211627, 40142020, 'Tubo De Abasto De Nylon Para Lavamanos De 3/8" X 1/2" X 16"', 'C/U', '45.00', '3.50', 'Herramientas Y Repuestos', '2022-02-11', 11, 2, 2022),
(70211647, 40142020, 'Tubo De Abasto De Nylon Para Servicio Sanitario De 3/8" X 7/8" X 20"', 'C/U', '57.00', '2.70', 'Herramientas Y Repuestos', '2022-03-11', 11, 3, 2022),
(70211808, 40171719, 'Adaptador Macho PVC De 1/2"', 'C/U', '165.00', '0.20', 'Herramientas Y Repuestos', '2022-02-25', 25, 2, 2022),
(70211890, 9999, 'Camisa De 2 1 / 2" P.V.C', 'C/U', '13.00', '0.00', 'Herramientas Y Repuestos', '2022-03-03', 3, 3, 2022),
(70211894, 40142610, 'Camisa De 4" P.V.C', 'C/U', '56.00', '0.00', 'Herramientas Y Repuestos', '2022-03-03', 3, 3, 2022),
(70211900, 30181809, 'Kit De Accesorios Para Servicio Sanitario Standard.', 'C/U', '22.00', '5.70', 'Herramientas Y Repuestos', '2022-02-11', 11, 2, 2022),
(70212004, 39121313, 'Cinchos Plásticos, Diferentes Medidas, Juego', 'C/U', '14.00', '7.30', 'Herramientas Y Repuestos', '2022-02-11', 11, 2, 2022),
(70212015, 31162002, 'Clavo Robot De 1"', 'C/U', '172.00', '0.20', 'Minerales Metálicos', '2022-02-11', 11, 2, 2022),
(70212019, 31162002, 'Clavo Corriente De 3/4" Con Cabeza', 'Lb', '25.00', '2.00', 'Minerales Metálicos', '2022-02-11', 11, 2, 2022),
(70212020, 31162002, 'Clavo Corriente De 1" Con Cabeza', 'Lb', '10.50', '2.00', 'Minerales Metálicos', '2022-02-11', 11, 2, 2022),
(70212021, 31162002, 'Clavo Corriente De 1 1/2" Con Cabeza', 'Lb', '19.00', '1.90', 'Minerales Metálicos', '2022-02-25', 25, 2, 2022),
(70212023, 31162002, 'Clavo Corriente De 2" Con Cabeza', 'Lb', '13.00', '1.30', 'Minerales Metálicos', '2022-02-25', 25, 2, 2022),
(70212024, 31162002, 'Clavo Corriente De 21/2" Con Cabeza', 'Lb', '34.00', '0.40', 'Minerales Metálicos', '2022-02-11', 11, 2, 2022),
(70212027, 31162002, 'Clavo Corriente De 4" Con Cabeza', 'Lb', '14.00', '0.50', 'Minerales Metálicos', '2022-02-25', 25, 2, 2022),
(70212033, 31162003, 'Clavo De Acero De 1 1/2"', 'C/U', '0.00', '0.00', 'Minerales Metálicos', '2022-02-11', 11, 2, 2022),
(70212034, 31162003, 'Clavo De Acero De 3/4"', 'C/U', '116.00', '0.10', 'Minerales Metálicos', '2022-02-11', 11, 2, 2022),
(70212035, 31162003, 'Clavo De Acero De 1"', 'C/U', '423.00', '0.00', 'Minerales Metálicos', '2022-02-11', 11, 2, 2022),
(70212038, 31162003, 'Clavo De Acero De 2"', 'C/U', '125.00', '0.00', 'Minerales Metálicos', '2022-02-11', 11, 2, 2022),
(70212039, 31162003, 'Clavo De Acero De 2 1/2"', 'C/U', '188.00', '0.00', 'Minerales Metálicos', '2022-02-11', 11, 2, 2022),
(70212040, 31162003, 'Clavo De Acero De 3"', 'C/U', '168.00', '0.10', 'Minerales Metálicos', '2022-02-11', 11, 2, 2022),
(70212042, 31162003, 'Clavo De Acero De 4"', 'C/U', '73.00', '0.10', 'Minerales Metálicos', '2022-02-11', 11, 2, 2022),
(70212044, 31162003, 'Clavo Corriente De 3/4" Sin Cabeza', 'Lb', '4.00', '2.00', 'Minerales Metálicos', '2022-02-25', 25, 2, 2022),
(70212045, 31162003, 'Clavo Corriente De 1" Sin Cabeza', 'Lb', '43.00', '2.00', 'Minerales Metálicos', '2022-02-25', 25, 2, 2022),
(70212047, 31162003, 'Clavo Corriente De 1 1/2" Sin Cabeza', 'Lb', '31.00', '2.00', 'Minerales Metálicos', '2022-02-25', 25, 2, 2022),
(70212048, 31162003, 'Clavo Corriente De 2" Sin Cabeza', 'Lb', '5.00', '2.00', 'Minerales Metálicos', '2022-03-07', 7, 3, 2022),
(70212065, 30101503, 'Hierro Angulo De 1" X 1" X 1/8" Bajo Norma', 'Mts', '132.00', '1.80', 'Minerales Metálicos', '2022-02-24', 24, 2, 2022),
(70212070, 30101503, 'Hierro Angulo De 1-1/2" X 1-1/2"X 1/8" Bajo Norma', 'Mts', '36.00', '2.65', 'Minerales Metálicos', '2022-05-18', 18, 5, 2022),
(70212072, 30101503, 'Hierro Angulo De 2" X 2" X 1/8" Bajo Norma', 'Mts', '9.00', '3.20', 'Minerales Metálicos', '2022-02-28', 28, 2, 2022),
(70212073, 30101503, 'Angulo De 2" X 2" X 3/16" Bajo Norma', 'Mts', '2.00', '7.10', 'Materiales Eléctricos', '2022-03-08', 8, 3, 2022),
(70212075, 30101503, 'Hierro Angulo De 1 1/2" X 1 1/2" X 3 /16", Bajo Norma', 'Mts', '4.00', '4.60', 'Minerales Metálicos', '2022-02-28', 28, 2, 2022),
(70212078, 30102003, 'Pletina De Hierro, 1" X 1/8", Pieza De 6 Metros', 'Mts', '96.00', '1.90', 'Minerales Metálicos', '2022-02-25', 25, 2, 2022),
(70212080, 30102003, 'Pletina De Hierro, 1 1/2" X 1/8", Pieza De 6 Metros', 'Mts', '60.00', '1.30', 'Minerales Metálicos', '2022-02-28', 28, 2, 2022),
(70212088, 30102403, 'Hierro Cuadrado De 3/8"', 'Mts', '18.00', '1.20', 'Minerales Metálicos', '2022-03-11', 11, 3, 2022),
(70212089, 30102403, 'Hierro Cuadrado De 1/2"', 'Mts', '33.00', '0.90', 'Minerales Metálicos', '2022-03-01', 1, 3, 2022),
(70212095, 30102403, 'Hierro Liso De 3/4"', 'Mts', '8.00', '2.90', 'Minerales Metálicos', '2022-02-28', 28, 2, 2022),
(70212097, 30102403, 'Hierro Liso De 3/8"', 'Mts', '9.00', '0.80', 'Minerales Metálicos', '2022-03-08', 8, 3, 2022),
(70212385, 31161601, 'Perno Todo Rosca De 1/4" X 1" Con Arandela Plana Y Tuerca', 'C/U', '47.00', '0.20', 'Minerales Metálicos', '2022-02-11', 11, 2, 2022),
(70212388, 31161601, 'Perno Todo Rosca De 1/4" X 3" Con Arandela Plana Y Tuerca', 'C/U', '17.00', '0.60', 'Minerales Metálicos', '2022-02-11', 11, 2, 2022),
(70212396, 31162202, 'Remache Pop De 3/16" X 5/8"', 'C/U', '500.00', '0.01', 'Minerales Metálicos', '2022-02-11', 11, 2, 2022),
(70212408, 31162202, 'Remache Pop De 5/32" X 1/2"', 'Cto', '9.00', '1.00', 'Minerales Metálicos', '2022-02-11', 11, 2, 2022),
(70212413, 31162103, 'Ancla Plástica De 3/8"', 'C/U', '818.00', '0.00', 'Herramientas Y Repuestos', '2022-02-11', 11, 2, 2022),
(70212414, 31162103, 'Ancla Plástica De 5/16"', 'C/U', '851.00', '0.00', 'Herramientas Y Repuestos', '2022-02-11', 11, 2, 2022),
(70212415, 31162103, 'Ancla Plástica De 1/4"', 'C/U', '191.00', '0.00', 'Herramientas Y Repuestos', '2022-02-11', 11, 2, 2022),
(70212423, 31161509, 'Tornillo Para Tablaroca De 1/2"', 'Cto', '0.00', '2.00', 'Minerales Metálicos', '2022-02-11', 11, 2, 2022),
(70212424, 31161509, 'Tornillo Para Tablaroca De 1"', 'C/U', '1.00', '0.01', 'Minerales Metálicos', '2022-05-18', 18, 5, 2022),
(70212425, 31161509, 'Tornillo Para Tablaroca De 2"', 'C/U', '348.00', '0.03', 'Minerales Metálicos', '2022-02-11', 11, 2, 2022),
(70212426, 31161509, 'Tornillo Para Tablaroca De 1 1/2"', 'C/U', '1.00', '0.02', 'Minerales Metálicos', '2022-02-11', 11, 2, 2022),
(70212440, 31161512, 'Tornillo Punta Broca De 1"', 'C/U', '1.00', '0.02', 'Minerales Metálicos', '2022-02-11', 11, 2, 2022),
(70212442, 31161512, 'Tornillo Punta Broca De 1 1/2"', 'Cto', '42.00', '1.70', 'Minerales Metálicos', '2022-02-11', 11, 2, 2022),
(70212443, 31161512, 'Tornillo Punta Broca De 1 1/4"', 'C/U', '600.00', '0.10', 'Minerales Metálicos', '2022-02-11', 11, 2, 2022),
(70212444, 31161512, 'Tornillo Punta Broca De 2"', 'C/U', '0.00', '0.00', 'Minerales Metálicos', '2022-02-11', 11, 2, 2022),
(70212453, 1162702, 'Rodo De 8" Con Base Giratorio', 'C/U', '4.00', '15.00', 'Herramientas Y Repuestos', '2022-05-23', 23, 5, 2022),
(70212454, 31162702, 'Rodo De 8" Con Base Fija', 'C/U', '10.00', '15.00', 'Herramientas Y Repuestos', '2022-02-11', 11, 2, 2022),
(70212455, 31162702, 'Rodo De 6" Con Base Giratorio', 'C/U', '8.00', '21.40', 'Herramientas Y Repuestos', '2022-02-11', 11, 2, 2022),
(70212456, 31162702, 'Rodo De 6" Con Base Fija', 'C/U', '16.00', '18.50', 'Herramientas Y Repuestos', '2022-02-11', 11, 2, 2022),
(70212457, 31162702, 'Rodo De 4" Con Base Giratoria De 3" X 4"', 'C/U', '109.00', '9.30', 'Herramientas Y Repuestos', '2022-02-11', 11, 2, 2022),
(70212458, 31162702, 'Rodo De 4" Con Base Fija De 3" X 4"', 'C/U', '56.00', '6.40', 'Herramientas Y Repuestos', '2022-02-11', 11, 2, 2022),
(70212460, 31161507, 'Tornillo Goloso De 3/4"', 'C/U', '70.00', '0.10', 'Minerales Metálicos', '2022-02-11', 11, 2, 2022),
(70212463, 31161507, 'Tornillo Goloso De 2"', 'C/U', '324.00', '0.20', 'Minerales Metálicos', '2022-02-11', 11, 2, 2022),
(70212465, 31162702, 'Rodo Tipo Yoyo De 2" Espiga Lisa', 'C/U', '75.00', '7.00', 'Herramientas Y Repuestos', '2022-02-11', 11, 2, 2022),
(70212483, 31161507, 'Tornillo Goloso De 1" X 10 Mm', 'C/U', '942.00', '0.03', 'Minerales Metálicos', '2022-02-11', 11, 2, 2022),
(70212484, 31161507, 'Tornillo Goloso De 1 1/2" X 10 Mm', 'C/U', '978.00', '0.03', 'Minerales Metálicos', '2022-02-11', 11, 2, 2022),
(70212499, 30102403, 'Varilla Roscada De 1/4"', 'C/U', '10.00', '3.30', 'Minerales Metálicos', '2022-02-11', 11, 2, 2022),
(70212500, 30102403, 'Varilla Roscada De 3/8"', 'C/U', '5.00', '0.80', 'Minerales Metálicos', '2022-02-11', 11, 2, 2022),
(70212501, 30102403, 'Varilla Roscada De 1/2"', 'C/U', '15.00', '13.50', 'Minerales Metálicos', '2022-03-02', 2, 3, 2022),
(70212510, 31161601, 'Perno Ancla 3/8" X 2"', 'C/U', '83.00', '1.20', 'Minerales Metálicos', '2022-02-11', 11, 2, 2022),
(70212535, 31161601, 'Perno De 5/16" X 1" Con Tuerca', 'C/U', '25.00', '0.30', 'Minerales Metálicos', '2022-02-11', 11, 2, 2022),
(70212538, 40171606, 'Tubo Cuadrado Industrial De 1/2"', 'Mts', '222.00', '0.40', 'Minerales Metálicos', '2022-03-01', 1, 3, 2022),
(70212539, 40171606, 'Tubo Cuadrado Industrial De 3/4"', 'Mts', '120.00', '0.80', 'Minerales Metálicos', '2022-02-28', 28, 2, 2022),
(70212540, 40171606, 'Tubo Cuadrado Industrial De 1"', 'Mts', '96.00', '1.20', 'Minerales Metálicos', '2022-02-25', 25, 2, 2022),
(70212560, 40171606, 'Tubo Cuadrado Estructural De 1 1/2" Chapa 16', 'Mts', '78.00', '2.90', 'Minerales Metálicos', '2022-02-25', 25, 2, 2022),
(70212569, 40171606, 'Tubo Cuadrado Estructural De 2" Chapa 14', 'Mts', '78.00', '5.00', 'Minerales Metálicos', '2022-02-25', 25, 2, 2022),
(70212610, 31162403, 'Bisagra Corriente De 1"', 'C/U', '55.00', '0.10', 'Minerales Metálicos', '2022-02-11', 11, 2, 2022),
(70212612, 31162403, 'Bisagra Corriente De 3"', 'C/U', '145.00', '0.60', 'Minerales Metálicos', '2022-02-11', 11, 2, 2022),
(70212613, 31162403, 'Bisagra Corriente De 3"', 'Par', '3.00', '0.60', 'Minerales Metálicos', '2022-02-11', 11, 2, 2022),
(70212617, 31162403, 'Bisagra Corriente De 4"', 'C/U', '39.00', '1.50', 'Herramientas Y Repuestos', '2022-02-11', 11, 2, 2022),
(70212620, 31262403, 'Bisagra Alcayate De 3" X 3"', 'C/U', '9.00', '6.00', 'Minerales Metálicos', '2022-02-11', 11, 2, 2022),
(70212633, 31191602, 'Disco Para Corte De Metal De 4 1/2" X 1/8" X 7/8"', 'C/U', '46.00', '0.65', 'Herramientas Y Repuestos', '2022-03-30', 30, 3, 2022),
(70212635, 31191602, 'Disco Para Corte De Metal De 9" X 1/8" X 7/8"', 'C/U', '48.00', '1.73', 'Herramientas Y Repuestos', '2022-05-17', 17, 5, 2022),
(70212636, 31191602, 'Disco Para Corte De Metal De 9" X 1/4" X 7/8"', 'C/U', '20.00', '2.20', 'Herramientas Y Repuestos', '2022-02-11', 11, 2, 2022),
(70212643, 31191603, 'Disco Para Corte De Concreto De 4«" X 1/8" X 7/8"', 'C/U', '17.00', '0.80', 'Herramientas Y Repuestos', '2022-02-11', 11, 2, 2022),
(70212645, 31191603, 'Disco Para Corte De Concreto De 9" X 1/8" X 7/8"', 'C/U', '25.00', '4.00', 'Herramientas Y Repuestos', '2022-02-11', 11, 2, 2022),
(70212647, 31191603, 'Disco Para Corte De Metal De 4 1/2" X 3/32" X ??', 'C/U', '11.00', '1.60', 'Herramientas Y Repuestos', '2022-02-11', 11, 2, 2022),
(70212648, 31191602, 'Disco Para Esmerilar Metal De 4 1/2" X 1/4" X 7/8"', 'C/U', '14.00', '1.60', 'Herramientas Y Repuestos', '2022-02-11', 11, 2, 2022),
(70212651, 23131503, 'Disco Para Esmerilar Metal De 9" X 1/4" X 7/8"', 'C/U', '35.00', '8.90', 'Herramientas Y Repuestos', '2022-02-11', 11, 2, 2022),
(70212654, 31191510, 'Piedra Combinada Para Afilar De 8"', 'C/U', '3.00', '3.30', 'Equipo Y Herramientas De Mantto', '2022-02-11', 11, 2, 2022),
(70212655, 27112801, 'Broca Para Madera De 1/4", 1/2", 3/4", 1" Juego', 'C/U', '1.00', '7.50', 'Equipo Y Herramientas De Mantto', '2022-05-17', 17, 5, 2022),
(70212688, 31191602, 'Disco Diamantado Segmentado Para Corte De Concreto 4 1/2" X 1/8" X 7/8"', 'C/U', '0.00', '0.65', 'Herramientas Y Repuestos', '2022-03-30', 30, 3, 2022),
(70212694, 0, 'Piedra Para Esmeril De 6" X 1", Grano 40', 'C/U', '1.00', '1.50', 'Equipo Y Herramientas De Mantto', '2022-02-11', 11, 2, 2022),
(70212707, 31162202, 'Remache Pop De 3/16" X 3/4"', 'C/U', '500.00', '3.00', 'Minerales Metálicos', '2022-02-11', 11, 2, 2022),
(70212708, 31162202, 'Remache Pop De 3/16" X 1/2"', 'C/U', '1.00', '0.02', 'Minerales Metálicos', '2022-02-11', 11, 2, 2022),
(70212709, 31162202, 'Remache Pop, De 1/8" X 1/2"', 'C/U', '550.00', '0.02', 'Minerales Metálicos', '2022-02-11', 11, 2, 2022),
(70212712, 31162202, 'Remache Pop, De 3/16" X 1/4"', 'Cto', '19.00', '3.10', 'Minerales Metálicos', '2022-02-11', 11, 2, 2022),
(70212716, 27112802, 'Hoja De Sierra Para Hierro Diente Fino', 'C/U', '58.00', '2.20', 'Equipo Y Herramientas De Mantto', '2022-02-11', 11, 2, 2022),
(70212727, 31162417, 'Pasador Metálico De 2 1/2"', 'C/U', '0.00', '3.50', 'Minerales Metálicos', '2022-02-11', 11, 2, 2022),
(70212729, 31162407, 'Pasador Metálico De 4"', 'C/U', '20.00', '1.30', 'Minerales Metálicos', '2022-02-11', 11, 2, 2022),
(70212735, 27112802, 'Hoja De Sierra De Reciprocante Para Madera', 'C/U', '7.00', '5.50', 'Minerales Metálicos', '2022-02-11', 11, 2, 2022),
(70212736, 27112802, 'Hoja De Sierra De Reciprocante Para Hierro', 'C/U', '5.00', '2.20', 'Equipo Y Herramientas De Mantto', '2022-02-11', 11, 2, 2022),
(70212743, 31191501, 'Lija Para Hierro No. 36, Pliego', 'C/U', '18.00', '1.00', 'Minerales No Metálicos', '2022-03-29', 29, 3, 2022),
(70212745, 31191501, 'Lija Para Hierro No. 50, Pliego', 'C/U', '17.00', '0.80', 'Minerales No Metálicos', '2022-03-29', 29, 3, 2022),
(70212748, 31191501, 'Lija Para Hierro No. 80,Pliego', 'C/U', '13.00', '0.80', 'Minerales No Metálicos', '2022-03-29', 29, 3, 2022),
(70212750, 31191501, 'Lija Para Hierro No. 100, Pliego', 'C/U', '12.00', '0.80', 'Minerales No Metálicos', '2022-03-29', 29, 3, 2022),
(70212751, 31191501, 'Lija Para Hierro No. 150, Pliego', 'C/U', '17.00', '0.80', 'Minerales No Metálicos', '2022-03-30', 30, 3, 2022),
(70212754, 31191501, 'Lija Para Hierro No. 320,Pliego', 'C/U', '6.00', '0.50', 'Minerales No Metálicos', '2022-03-30', 30, 3, 2022),
(70212763, 31191501, 'Lija Para Agua No. 100, Pliego', 'C/U', '3.00', '0.50', 'Minerales No Metálicos', '2022-03-30', 30, 3, 2022),
(70212765, 31191501, 'Lija Para Agua No. 150, Pliego', 'C/U', '14.00', '0.50', 'Minerales No Metálicos', '2022-03-30', 30, 3, 2022),
(70212770, 31191501, 'Lija Para Agua No. 400, Pliego', 'C/U', '30.00', '0.50', 'Minerales No Metálicos', '2022-03-30', 30, 3, 2022),
(70212798, 39121436, 'Electrodo Para Hierro Lb Dulce, 3/32",6013', 'Lb', '257.00', '1.00', 'Materiales Eléctricos', '2022-02-11', 11, 2, 2022),
(70212800, 39121436, 'Electrodo 3/32" Para Hierro Dulce', 'Lb', '90.50', '1.00', 'Materiales Eléctricos', '2022-02-22', 22, 2, 2022),
(70212801, 39121436, 'Electrodo Para Acero Inoxidable, 3/32"', 'Lb', '18.00', '7.22', 'Herramientas Y Repuestos', '2022-02-11', 11, 2, 2022),
(70212825, 12352310, 'Tubo Silicon De Alta Temperatura Color Rojo', 'C/U', '61.00', '1.90', 'Químicos', '2022-02-11', 11, 2, 2022),
(70212829, 31201610, 'Pegamento Acero Plástico, Tubo', 'C/U', '15.00', '9.70', 'Químicos', '2022-02-11', 11, 2, 2022),
(70212833, 47131818, 'Limpiador De Polvo Por Aire A Presión ( Aire Comprimido ), Para Electrónica, Óptica E Informática, Frasco De 20 Onzas', 'C/U', '8.00', '10.00', 'Químicos', '2022-02-11', 11, 2, 2022),
(70212837, 47131825, 'Limpiador De Contactos Electricos,Spray De 10-11 Onzas', 'C/U', '20.00', '4.30', 'Químicos', '2022-02-11', 11, 2, 2022),
(70212838, 15121501, 'Lubricante Wd-40, Spray De 11 Onzas', 'C/U', '12.00', '2.60', 'Químicos', '2022-02-11', 11, 2, 2022),
(70212992, 31152209, 'Alambre Espigado Galvanizado No. 16 Rollo', 'C/U', '7.00', '36.00', 'Minerales Metálicos', '2022-03-11', 11, 3, 2022),
(70212995, 26121540, 'Galvanizado Calibre 16', 'Lb', '24.00', '1.15', 'Minerales Metálicos', '2022-05-05', 5, 5, 2022),
(70212998, 31152209, 'Alambre De Amarre', 'Lb', '10.00', '1.05', 'Minerales Metálicos', '2022-05-17', 17, 5, 2022),
(70212999, 11101716, 'Estaño Puro En Barra', 'C/U', '4.00', '44.00', 'Minerales Metálicos', '2022-02-11', 11, 2, 2022),
(70213013, 31211502, 'Pintura De Agua Color Galón Azul Naval', 'Galón', '30.00', '46.80', 'Químicos', '2022-02-24', 24, 2, 2022),
(70213020, 31211502, 'Pintura De Agua Color Galón Blanco', 'Galón', '16.00', '8.50', 'Químicos', '2022-02-24', 24, 2, 2022),
(70213041, 31211502, 'Pintura De Agua Color Galón Gris Meteoro', 'Galón', '28.00', '28.40', 'Químicos', '2022-02-24', 24, 2, 2022),
(70213060, 31211502, 'Pintura De Agua Color Galón Melón', 'Galón', '7.00', '23.00', 'Químicos', '2022-02-24', 24, 2, 2022),
(70213105, 31211505, 'Pintura De Aceite Galón Color Amarillo', 'Galón', '2.00', '17.90', 'Químicos', '2022-02-25', 25, 2, 2022),
(70213112, 31211502, 'Pintura Para Trafico, Color Amarillo', 'Galón', '3.00', '45.00', 'Químicos', '2022-02-24', 24, 2, 2022),
(70213450, 31201605, 'Masilla Plástica Para Sos Múltiples', 'Galón', '2.00', '7.50', 'Químicos', '2022-02-25', 25, 2, 2022),
(70213113, 31211502, 'Pintura Para Trafico, Color Blanco', 'Galón', '3.00', '45.00', 'Químicos', '2022-02-24', 24, 2, 2022),
(70213122, 31211507, 'Pintura Color Azul, En Aerosol O Spray, Frasco', 'C/U', '30.00', '2.40', 'Químicos', '2022-02-11', 11, 2, 2022),
(70213126, 31211505, 'Pintura De Aceite Color Café', 'Galón', '1.00', '35.00', 'Químicos', '2022-02-25', 25, 2, 2022),
(70213135, 31211505, 'Pintura De Aceite Color Blanco Ostra', 'Galón', '4.00', '29.00', 'Químicos', '2022-02-22', 22, 2, 2022),
(70213145, 31211505, 'Pintura De Aceite Color Gris Oscuro', 'Galón', '1.00', '22.10', 'Químicos', '2022-02-28', 28, 2, 2022),
(70213188, 31211505, 'Pintura Epódica Color Aqua Incluye Catalizador', 'Galón', '0.00', '80.90', 'Químicos', '2022-02-24', 24, 2, 2022),
(70213189, 31211505, 'Pintura Epódica Color Blanco Incluye Catalizador', 'Galón', '1.00', '112.70', 'Químicos', '2022-02-25', 25, 2, 2022),
(70213190, 31211505, 'Pintura Epódica Color Blanco Hueso Incluye Catalizador', 'Galón', '1.00', '85.20', 'Químicos', '2022-02-28', 28, 2, 2022),
(70213197, 31211505, 'Pintura Epódica Color Verde Incluye Catalizador', 'Galón', '22.00', '112.70', 'Químicos', '2022-02-25', 25, 2, 2022),
(70213200, 31211518, 'Pintura Anticorrosiva Color Blanco', 'Galón', '1.00', '18.00', 'Químicos', '2022-02-24', 24, 2, 2022),
(70213202, 31211518, 'Pintura Anticorrosiva Color Azul', 'Galón', '4.75', '12.50', 'Químicos', '2022-02-25', 25, 2, 2022),
(70213205, 31211518, 'Pintura Anticorrosiva Color Negro', 'Galón', '0.00', '19.10', 'Químicos', '2022-02-24', 24, 2, 2022),
(70213206, 31211518, 'Pintura Anticorrosiva Color Negro Brillante', 'Galón', '1.25', '17.90', 'Químicos', '2022-02-25', 25, 2, 2022),
(70213210, 31211518, 'Pintura Anticorrosiva Color Rojo', 'Galón', '2.00', '10.50', 'Químicos', '2022-02-28', 28, 2, 2022),
(70213221, 31211507, 'Pintura De Aluminio', 'Galón', '1.75', '32.00', 'Químicos', '2022-02-25', 25, 2, 2022),
(70213303, 31211803, 'Thinner Corriente', 'Cto', '1.00', '2.00', 'Químicos', '2022-03-15', 15, 3, 2022),
(70213308, 31211906, 'Rodillo Completo', 'C/U', '29.00', '2.80', 'Herramientas Y Repuestos', '2022-02-24', 24, 2, 2022),
(70213309, 31211904, 'Brocha De 1"', 'C/U', '53.00', '0.30', 'Herramientas Y Repuestos', '2022-02-11', 11, 2, 2022),
(70213310, 31211904, 'Brocha De 1 1/2"', 'C/U', '58.00', '0.50', 'Herramientas Y Repuestos', '2022-02-11', 11, 2, 2022),
(70213313, 31211904, 'Brocha De 3"', 'C/U', '6.00', '0.91', 'Herramientas Y Repuestos', '2022-05-17', 17, 5, 2022),
(70213315, 31211904, 'Brocha De 2"', 'C/U', '10.00', '0.50', 'Herramientas Y Repuestos', '2022-02-11', 11, 2, 2022),
(70213316, 31211904, 'Brocha De 4"', 'C/U', '18.00', '1.30', 'Herramientas Y Repuestos', '2022-02-11', 11, 2, 2022),
(70213448, 31201605, 'Masilla Automotriz 1/4 De Galón', 'C/U', '2.00', '9.00', 'Químicos', '2022-03-07', 7, 3, 2022),
(70302062, 23101502, 'Kit De Taladro Y Atornillador De Impacto, Inalámbrico, Con Cargador Y Dos Baterías, 20 Voltios', 'C/U', '0.00', '168.00', 'Equipo Y Herramientas De Mantto', '2022-03-01', 1, 3, 2022),
(70302069, 99999, 'Lavadora Alta Presión, 1200 Psi, 115 Voltios, Consumo 2.1 Gpm, Para Agua Fría, Pistola Y Manguera De 25 Pies, Motor (2 A 5) Hp, Fácil Transportación (2 Ruedas)', 'C/U', '1.00', '300.00', 'Equipo Y Herramientas De Mantto', '2022-02-28', 28, 2, 2022),
(70213507, 31211507, 'Pintura En Spray 24 Onzas Color Blanco', 'C/U', '16.00', '4.30', 'Químicos', '2022-02-11', 11, 2, 2022),
(70213553, 31211507, 'Pintura En Spray 12 Onzas Color Gris', 'C/U', '9.00', '4.30', 'Químicos', '2022-02-11', 11, 2, 2022),
(70215029, 39121434, 'Conector Para Tecno ducto De 1 1/4"', 'C/U', '6.00', '0.50', 'Materiales Eléctricos', '2022-02-25', 25, 2, 2022),
(70225085, 0, 'Cadena Galvanizada De 1/8', 'Mts', '9.00', '0.90', 'Minerales Metálicos', '2022-02-11', 11, 2, 2022),
(70225093, 0, 'Cadena Galvanizada De 3/16', 'Mts', '9.00', '1.10', 'Minerales Metálicos', '2022-02-11', 11, 2, 2022),
(70225097, 0, 'Cadena Galvanizada De 1/4"', 'Mts', '9.00', '1.90', 'Minerales Metálicos', '2022-02-11', 11, 2, 2022),
(70225267, 99999, 'Gasolina Regular', 'Cuarto Gal', '19.50', '1.10', 'Combustibles Y Lubricantes', '2022-03-15', 15, 3, 2022),
(70225269, 15121902, 'Grasa', 'Lb', '1.00', '10.00', 'Químicos', '2022-02-11', 11, 2, 2022),
(70225400, 25174004, 'Refrigerante Para Radiador', 'C/U', '9.00', '0.00', 'Químicos', '2022-03-04', 4, 3, 2022),
(70226434, 0, 'Fusible De 15 Amperios 12 Voltios', 'C/U', '42.00', '0.50', 'Materiales Eléctricos', '2022-02-11', 11, 2, 2022),
(70301255, 43222643, 'Probador De Línea Para Jack R11/Rj12/ Rj45, Sobre Cable Utp /Stp / Ftp', 'C/U', '1.00', '69.75', 'Equipo Y Herramientas De Mantto', '2022-05-17', 17, 5, 2022),
(70302014, 11101502, 'Esmeril Pequeño De Banco, 3450 Rpm, 120 Voltios, 60hz. Marca Total', 'C/U', '1.00', '79.00', 'Equipo Y Herramientas De Mantto', '2022-05-05', 5, 5, 2022),
(70302020, 23101512, 'Caladora 6.5 Amp Tipo T Velocidad Variable Marca Total', 'C/U', '1.00', '50.29', 'Equipo Y Herramientas De Mantto', '2022-05-17', 17, 5, 2022),
(70302035, 27111515, 'Taladro Rotomartillo', 'C/U', '1.00', '199.95', 'Equipo Y Herramientas De Mantto', '2022-05-17', 17, 5, 2022),
(70302040, 23101509, 'Lijadora Palma Portátil 1,400 Rpm 24 Amp Marca Total', 'C/U', '1.00', '50.00', 'Equipo Y Herramientas De Mantto', '2022-05-05', 5, 5, 2022),
(70302203, 32141108, 'Tenaza Polo Tierra De 600 Amperios Para Soldadura Eléctrica', 'C/U', '11.00', '7.20', 'Herramientas Y Repuestos', '2022-02-11', 11, 2, 2022),
(70302204, 32141108, 'Tenaza Porta Electrodo De 600 Impacto, Inalámbrico, Con Cargador Y Dos Baterías, 20 Voltios', 'C/U', '7.00', '13.40', 'Materiales Eléctricos', '2022-02-11', 11, 2, 2022),
(70302236, 27111514, 'Cortador De Vidrio', 'C/U', '2.00', '2.50', 'Equipo Y Herramientas De Mantto', '2022-05-05', 5, 5, 2022),
(70305083, 27112845, 'Básicas De Taller Amperios Para Soldadura Eléctrica', 'C/U', '1.00', '22.45', 'Equipo Y Herramientas De Mantto', '2022-05-05', 5, 5, 2022),
(70305098, 27110000, 'Broca Piloto Para Cierra Copa, 1/4"', 'C/U', '1.00', '3.00', 'Equipo Y Herramientas De Mantto', '2022-02-11', 11, 2, 2022),
(70305128, 27111907, 'Cepillo De Alambre Mango De Madera', 'C/U', '22.00', '1.80', 'Herramientas Y Repuestos', '2022-02-24', 24, 2, 2022),
(70305129, 27111907, 'Cepillo De Alambre De Copa Para Pulidora, De Diámetro 4"', 'C/U', '1.00', '13.30', 'Herramientas Y Repuestos', '2022-02-24', 24, 2, 2022),
(70305165, 27112502, 'Grifa Armador Para Varilla De 3 /8" Par', 'C/U', '1.00', '15.45', 'Equipo Y Herramientas De Mantto', '2022-05-05', 5, 5, 2022),
(70305270, 27112104, 'Tenaza De Presión De 10 Pulgadas', 'C/U', '10.00', '3.96', 'Equipo Y Herramientas De Mantto', '2022-05-17', 17, 5, 2022),
(70305275, 27112104, 'Tenaza De Presión De 7 Pulgadas', 'C/U', '6.00', '3.56', 'Equipo Y Herramientas De Mantto', '2022-05-17', 17, 5, 2022),
(70305308, 25170000, 'Ventosa Para Destapar Lavamanos/ Inodoros', 'C/U', '36.00', '2.30', 'Herramientas Y Editar Repuestos', '2022-02-24', 24, 2, 2022),
(70305333, 14110000, 'Es cartabón De 12x24 Pulgadas', 'C/U', '1.00', '8.00', 'Equipo Y Herramientas De Mantto', '2022-05-17', 17, 5, 2022),
(70305338, 27111801, 'Cinta Métrica Enrollable, Metálica De 8 Metros', 'C/U', '12.00', '6.77', 'Equipo Y Herramientas De Mantto', '2022-05-17', 17, 5, 2022),
(70305348, 27111903, 'Cepillo Numero 4 Con Cuchilla Para Carpintero', 'C/U', '1.00', '36.41', 'Equipo Y Herramientas De Mantto', '2022-05-05', 5, 5, 2022),
(70305387, 27112825, 'Broca Para Hierro De 3/16"', 'C/U', '2.00', '1.10', 'Equipo Y Herramientas De Mantto', '2022-03-15', 15, 3, 2022),
(70305402, 27112843, 'Broca Centro De 5/16"', 'C/U', '1.00', '5.00', 'Equipo Y Herramientas De Mantto', '2022-02-11', 11, 2, 2022),
(70305720, 27112502, 'Grifa Armador Para Varilla De 1/4¨, Par', 'C/U', '1.00', '12.61', 'Equipo Y Herramientas De Mantto', '2022-05-05', 5, 5, 2022),
(70305931, 40142002, 'Manguera Industrial Para Acetileno 1/4" (Roja)', 'C/U', '65.00', '38.00', 'Equipo Y Herramientas De Mantto', '2022-02-11', 11, 2, 2022),
(70330015, 27113203, 'Ponchadora Para Estructurado, Con Cableado Cortador', 'C/U', '1.00', '28.74', 'Equipo Y Herramientas De Mantto', '2022-05-17', 17, 5, 2022),
(80200415, 39111702, 'Lampara De Frente, Incorporado', 'C/U', '6.00', '9.95', 'Equipo Y Herramientas De Mantto', '2022-05-05', 5, 5, 2022),
(70330040, 0, 'Pasta Para Soldar, Frasco De 50g', 'C/U', '6.00', '2.30', 'Químicos', '2022-02-11', 11, 2, 2022),
(70408004, 46181704, 'Casco De Seguridad Para Obra, De Polietileno', 'C/U', '13.00', '4.10', 'Equipo Y Herramientas De Mantto', '2022-05-05', 5, 5, 2022),
(70408010, 46181802, 'Anteojos De Seguridad Claros', 'C/U', '20.00', '1.40', 'Equipo Y Herramientas De Mantto', '2022-02-11', 11, 2, 2022),
(70408011, 46181804, 'Gafas Para Soldadura Autógena', 'C/U', '6.00', '4.30', 'Equipo Y Herramientas De Mantto', '2022-02-11', 11, 2, 2022),
(70408020, 46182001, 'Mascarillas De Protección De Un Filtro Intercambiable', 'C/U', '31.00', '16.30', 'Equipo Y Herramientas De Mantto', '2022-02-11', 11, 2, 2022),
(70408053, 99999, 'Zapato De Seguridad Con Puntera De Acero, Suela Antiestática, Resistente A Perforaciones, Con Absorción De Energía En El Talón, Par', 'C/U', '13.00', '59.92', 'Equipo Y Herramientas De Mantto', '2022-05-06', 6, 5, 2022),
(70408070, 46181703, 'Careta Con Vidrio Para Soldador', 'C/U', '7.00', '6.30', 'Equipo Y Herramientas De Mantto', '2022-02-11', 11, 2, 2022),
(70408071, 46181703, 'Careta Electrónica Para Soldadura', 'C/U', '2.00', '36.12', 'Equipo Y Herramientas De Mantto', '2022-05-23', 23, 5, 2022),
(70408073, 46181548, 'Delantal (Mandil) De Cuero, Y Para Soldador', 'C/U', '13.00', '11.30', 'Equipo Y Herramientas De Mantto', '2022-02-11', 11, 2, 2022),
(70408550, 46181504, 'Guantes De Protección Multiuso, Par Guantes Antideslizantes, Par', 'C/U', '23.00', '3.80', 'Equipo Y Herramientas De Mantto', '2022-02-11', 11, 2, 2022),
(70409200, 99999, 'Caja Protectora De Aerosoles', 'C/U', '1.00', '66.00', 'Herramientas Y Repuestos', '2022-02-24', 24, 2, 2022),
(72011259, 72154119, 'Niple De Hierro Galvanizado, Diámetro De 4" X 9"', 'C/U', '12.00', '15.30', 'Minerales Metálicos', '2022-03-07', 7, 3, 2022),
(79001200, 99999, 'Accesorios Para Silla De Ruedas, Caja', 'C/U', '1.00', '77.30', 'Herramientas Y Repuestos', '2022-02-24', 24, 2, 2022),
(80200211, 26111701, 'Batería Recargable Pequeña De 1.5 V Tipo A.', 'C/U', '2.00', '0.90', 'Materiales Eléctricos', '2022-02-11', 11, 2, 2022),
(80200215, 26111701, 'Batería Recargable Mediana De 1.2 V Tipo A', 'C/U', '12.00', '1.00', 'Materiales Eléctricos', '2022-02-11', 11, 2, 2022),
(80200230, 26111701, 'Batería Recargable Cuadrada De 9v Manos Libres, Tipo Casería, Luz Led', 'C/U', '6.00', '3.40', 'Materiales Eléctricos', '2022-02-11', 11, 2, 2022),
(80804065, 46181525, 'Capa Impermeables De 1 Pieza Varios Colores Y Tallas', 'C/U', '12.00', '11.95', 'Equipo Y Herramientas De Mantto', '2022-05-17', 17, 5, 2022);




INSERT INTO `tb_bodega` (`codBodega`, `departamento`, `usuario`, `fecha_registro`, `estado`, `idusuario`, `Mes`, `Año`) VALUES
(5, 'Dirección Hospital', 'Ernesto González Choto', '2022-04-04', 'Rechazado', 1, 04, 2022),
(32, 'Unidad Financiara Institucional', 'Baltazar Alexander Marinero Pérez', '2022-03-30', 'Aprobado', 2, 03, 2022),
(33, 'Departamento Mantenimiento Local', 'René Adán Villalta Pérez', '2022-02-20', 'Aprobado', 2, 02, 2022),
(40, 'Radiología E Imágenes', 'Baltazar Alexander Marinero Pérez', '2022-05-16', 'Aprobado', 2, 05, 2022),
(42, 'Dirección Hospital', 'Baltazar Alexander Marinero Pérez', '2022-04-04', 'Rechazado', 2, 04, 2022),
(45, 'Subdirección Hospital', 'Ernesto González Choto', '2022-03-21', 'Pendiente', 1, 03, 2022),
(46, 'Servicio Consulta Externa', 'Baltazar Alexander Marinero Pérez', '2022-05-24', 'Aprobado', 2, 05, 2022),
(102, 'Departamento Activo Fijo', 'Ernesto González Choto', '2022-03-15', 'Pendiente', 1, 03, 2022),
(113, 'Servicio Almacén', 'Ernesto González Choto', '2022-03-15', 'Pendiente', 1, 03, 2022),
(123, 'Subdirección Hospital', 'Ernesto González Choto', '2022-03-15', 'Pendiente', 1, 03, 2022),
(148, 'Sección Equipo Básico', 'Baltazar Alexander Marinero Pérez', '2022-03-30', 'Aprobado', 2, 03, 2022),
(151, 'Unidad Sala De Partos', 'Baltazar Alexander Marinero Pérez', '2022-04-05', 'Aprobado', 2, 04, 2022),
(170, 'Unidad Máxima Urgencia', 'Anderson Eduardo López Rodríguez', '2022-04-04', 'Pendiente', 2, 04, 2022),
(179, 'Emergencia', 'Jenifer Marisol Campos Yánez', '2022-04-06', 'Aprobado', 2, 04, 2022),
(188, 'Unidad Máxima Urgencia', 'Jenifer Marisol Campos Yánez', '2022-04-04', 'Aprobado', 2, 04, 2022),
(209, 'Departamento Mantenimiento Local', 'Ernesto González Choto', '2022-03-15', 'Pendiente', 1, 03, 2022),
(215, 'Departamento Mantenimiento Local', 'Ernesto González Choto', '2022-03-10', 'Pendiente', 1, 03, 2022),
(218, 'Área COVID 19', 'Jenifer Marisol Campos Yánez', '2022-04-06', 'Aprobado', 2, 04, 2022),
(224, 'Bienestar Magisterial', 'Jenifer Marisol Campos Yánez', '2022-04-06', 'Aprobado', 2, 04, 2022),
(228, 'Unidad Neonatos', 'Ernesto González Choto', '2022-03-15', 'Pendiente', 1, 03, 2022),
(229, 'Unidad Neonatos', 'Ernesto González Choto', '2022-03-25', 'Aprobado', 1, 03, 2022),
(230, 'Unidad Financiara Institucional', 'Ernesto González Choto', '2022-03-25', 'Aprobado', 1, 03, 2022),
(231, 'Laboratorio Clínico', 'Ernesto González Choto', '2022-03-01', 'Pendiente', 1, 03, 2022),
(236, 'Departamento Estadística Y Documento Médicos', 'Miguel Antonio Corvera Torres', '2022-03-25', 'Aprobado', 2, 03, 2022),
(245, 'Servicio Consulta Externa', 'Jenifer Marisol Campos Yánez', '2022-04-04', 'Aprobado', 2, 04, 2022),
(255, 'Servicio Consulta Externa', 'René Adán Villalta Pérez', '2022-03-30', 'Aprobado', 2, 03, 2022),
(257, 'Aérea Servicios Auxiliares', 'Miguel Antonio Corvera Torres', '2022-03-01', 'Aprobado', 03, 03, 2022),
(260, 'Departamento Recursos Humanos', 'Ernesto González Choto', '2022-03-25', 'Aprobado', 1, 03, 2022),
(263, 'Servicio Almacén', 'René Adán Villalta Pérez', '2022-03-25', 'Aprobado', 2, 03, 2022),
(264, 'Área COVID 19', 'Miguel Antonio Corvera Torres', '2022-02-20', 'Aprobado', 2, 02, 2022),
(268, 'Emergencia', 'Jenifer Marisol Campos Yánez', '2022-04-06', 'Aprobado', 2, 04, 2022),
(269, 'Unidad Sala De Partos', 'Jenifer Marisol Campos Yánez', '2022-04-06', 'Aprobado', 2, 04, 2022),
(273, 'Unidad Máxima Urgencia', 'Jenifer Marisol Campos Yánez', '2022-04-04', 'Aprobado', 2, 04, 2022),
(278, 'Unidad Máxima Urgencia', 'Jenifer Marisol Campos Yánez', '2022-04-04', 'Aprobado', 2, 04, 2022),
(280, 'Área COVID 19', 'Jenifer Marisol Campos Yánez', '2022-04-04', 'Aprobado', 2, 04, 2022),
(281, 'Unidad Sala De Operación', 'Ernesto González Choto', '2022-04-06', 'Aprobado', 1, 04, 2022),
(282, 'Departamento Mantenimiento Local', 'Ernesto González Choto', '2022-04-06', 'Aprobado', 1, 04, 2022),
(284, 'Servicio Consulta Externa', 'Anderson Eduardo López Rodríguez', '2022-03-29', 'Aprobado', 2, 03, 2022),
(287, 'Departamento Lavandería Y Ropería', 'Jenifer Marisol Campos Yánez', '2022-03-29', 'Aprobado', 2, 03, 2022),
(294, 'Unidad Sala De Operación', 'Miguel Antonio Corvera Torres', '2022-03-30', 'Aprobado', 2, 03, 2022),
(297, 'Departamento Mantenimiento Local', 'Anderson Eduardo López Rodríguez', '2022-03-01', 'Aprobado', 2, 03, 2022),
(301, 'Departamento Mantenimiento Local', 'Fráncico Tolentino López', '2022-03-30', 'Aprobado', 2, 03, 2022),
(302, 'Departamento Lavandería Y Ropería', 'René Adán Villalta Pérez', '2022-03-01', 'Aprobado', 2, 03, 2022),
(303, 'Servicio Medicina Hombres', 'Ronald Alexander López Cisneros', '2022-04-29', 'Aprobado', 2, 04, 2022),
(304, 'Departamento Mantenimiento Local', 'Anderson Eduardo López Rodríguez', '2022-04-05', 'Aprobado', 2, 04, 2022),
(308, 'Aérea Servicios Auxiliares', 'Fráncico Tolentino López', '2022-04-04', 'Aprobado', 2, 04, 2022),
(309, 'Departamento Mantenimiento Local', 'Miguel Antonio Corvera Torres', '2022-04-05', 'Rechazado', 2, 04, 2022),
(310, 'Departamento Mantenimiento Local', 'Anderson Eduardo López Rodríguez', '2022-04-01', 'Aprobado', 2, 04, 2022),
(312, 'Aérea Servicios Auxiliares', 'Miguel Antonio Corvera Torres', '2022-04-04', 'Pendiente', 2, 04, 2022),
(313, 'Unidad Neonatos', 'Anderson Eduardo López Rodríguez', '2022-05-31', 'Aprobado', 2, 05, 2022),
(314, 'División Administrativa', 'Miguel Antonio Corvera Torres', '2022-05-31', 'Aprobado', 2, 05, 2022),
(315, 'Servicio Almacén', 'José Domingo Echeverría', '2022-04-06', 'Aprobado', 2, 04, 2022),
(316, 'Servicio Medicina Mujeres', 'René Adán Villalta Pérez', '2022-04-04', 'Aprobado', 2, 04, 2022),
(317, 'Servicio Medicina Mujeres', 'René Adán Villalta Pérez', '2022-04-08', 'Aprobado', 2, 04, 2022),
(319, 'Servicio Centro Quirúrgico', 'Napoleón Alfredo Rodas', '2022-04-04', 'Pendiente', 2, 04, 2022),
(322, 'Departamento Mantenimiento Local', 'Miguel Antonio Corvera Torres', '2022-04-06', 'Aprobado', 2, 04, 2022),
(323, 'Fisioterapia', 'Anderson Eduardo López Rodríguez', '2022-04-07', 'Aprobado', 2, 04, 2022),
(326, 'Radiología E Imágenes', 'Jenifer Marisol Campos Yánez', '2022-04-07', 'Aprobado', 2, 04, 2022),
(333, 'Laboratorio Clínico', 'Anderson Eduardo López Rodríguez', '2022-02-20', 'Aprobado', 2, 02, 2022),
(339, 'Departamento Mantenimiento Local', 'Anderson Eduardo López Rodríguez', '2022-02-20', 'Aprobado', 2, 02, 2022),
(342, 'Área Residencial Médica', 'Ernesto González Choto', '2022-02-20', 'Aprobado', 1, 02, 2022),
(354, 'Aérea Servicios Auxiliares', 'Miguel Antonio Corvera Torres', '2022-04-08', 'Aprobado', 2, 04, 2022),
(356, 'Departamento Mantenimiento Local', 'René Adán Villalta Pérez', '2022-02-20', 'Aprobado', 2, 02, 2022),
(357, 'Departamento Mantenimiento Local', 'Napoleón Alfredo Rodas', '2022-02-20', 'Aprobado', 2, 02, 2022),
(358, 'División Administrativa', 'Napoleón Alfredo Rodas', '2022-02-20', 'Aprobado', 2, 02, 2022),
(359, 'Aérea Servicios Auxiliares', 'Miguel Antonio Corvera Torres', '2022-04-01', 'Aprobado', 2, 04, 2022),
(365, 'Unidad Sala De Operación', 'Anderson Eduardo López Rodríguez', '2022-04-05', 'Aprobado', 2, 04, 2022),
(387, 'Sección Equipo Médico', 'José Domingo Echeverría', '2022-04-05', 'Aprobado', 2, 04, 2022),
(388, 'Departamento Mantenimiento Local', 'Napoleón Alfredo Rodas', '2022-04-06', 'Aprobado', 2, 04, 2022),
(390, 'Unidad Sala De Partos', 'Anderson Eduardo López Rodríguez', '2022-04-06', 'Aprobado', 2, 04, 2022),
(396, 'Servicio Consulta Externa', 'Baltazar Alexander Marinero Pérez', '2022-04-29', 'Aprobado', 2, 04, 2022),
(397, 'Servicio Almacén', 'Jenifer Marisol Campos Yánez', '2022-04-29', 'Aprobado', 2, 04, 2022),
(401, 'Radiología E Imágenes', 'Baltazar Alexander Marinero Pérez', '2022-05-16', 'Aprobado', 2, 05, 2022),
(402, 'Emergencia', 'Napoleón Alfredo Rodas', '2022-05-11', 'Aprobado', 2, 05, 2022),
(405, 'Unidad Sala De Operación', 'Kalmar Waldir Pérez Marín', '2022-04-29', 'Aprobado', 2, 04, 2022),
(409, 'Departamento Estadística Y Documento Médicos', 'Fráncico Tolentino López', '2022-05-20', 'Aprobado', 2, 05, 2022),
(411, 'Emergencia', 'Miguel Antonio Corvera Torres', '2022-05-06', 'Aprobado', 2, 05, 2022),
(412, 'Departamento Mantenimiento Local', 'René Adán Villalta Pérez', '2022-05-17', 'Pendiente', 2, 05, 2022),
(418, 'Dirección Hospital', 'Fráncico Tolentino López', '2022-05-30', 'Aprobado', 2, 05, 2022),
(419, 'Dirección Hospital', 'Fráncico Tolentino López', '2022-05-25', 'Aprobado', 2, 05, 2022),
(420, 'Emergencia', 'Fráncico Tolentino López', '2022-05-04', 'Aprobado', 2, 05, 2022),
(422, 'Dirección Hospital', 'Miguel Antonio Corvera Torres', '2022-05-06', 'Aprobado', 2, 05, 2022),
(425, 'Cirugía Hombre', 'Napoleón Alfredo Rodas', '2022-05-06', 'Aprobado', 2, 05, 2022),
(426, 'Servicio Trabajo Social', 'Miguel Antonio Corvera Torres', '2022-05-09', 'Aprobado', 2, 05, 2022),
(427, 'Departamento Mantenimiento Local', 'Miguel Antonio Corvera Torres', '2022-05-11', 'Aprobado', 2, 05, 2022),
(430, 'Laboratorio Clínico', 'Fráncico Tolentino López', '2022-05-16', 'Aprobado', 2, 05, 2022),
(432, 'Farmacia', 'Fráncico Tolentino López', '2022-05-11', 'Aprobado', 2, 05, 2022),
(433, 'Bienestar Magisterial', 'Miguel Antonio Corvera Torres', '2022-05-11', 'Aprobado', 2, 05, 2022),
(445, 'Dirección Hospital', 'Ernesto González Choto', '2022-03-15', 'Pendiente', 1, 03, 2022),
(449, 'Aérea Servicios Auxiliares', 'Kevin Alexander Guevara Marinero', '2022-05-25', 'Aprobado', 2, 05, 2022),
(450, 'Unidad Sala De Partos', 'Napoleón Alfredo Rodas', '2022-05-17', 'Aprobado', 2, 05, 2022),
(451, 'Departamento Mantenimiento Local', 'Napoleón Alfredo Rodas', '2022-05-17', 'Aprobado', 2, 05, 2022),
(452, 'Área COVID 19', 'Miguel Antonio Corvera Torres', '2022-05-17', 'Aprobado', 2, 05, 2022),
(453, 'Fisioterapia', 'René Adán Villalta Pérez', '2022-05-20', 'Aprobado', 2, 05, 2022),
(478, 'Servicio Consulta Externa', 'René Adán Villalta Pérez', '2022-05-24', 'Pendiente', 2, 05, 2022),
(482, 'Departamento Mantenimiento Local', 'Jenifer Marisol Campos Yánez', '2022-05-23', 'Aprobado', 2, 05, 2022),
(483, 'Departamento Mantenimiento Local', 'Baltazar Alexander Marinero Pérez', '2022-05-20', 'Aprobado', 2, 05, 2022),
(486, 'Sección Equipo Básico', 'Baltazar Alexander Marinero Pérez', '2022-05-24', 'Aprobado', 2, 05, 2022),
(496, 'Servicio Obstetricia', 'Anderson Eduardo López Rodríguez', '2022-05-25', 'Aprobado', 2, 05, 2022),
(497, 'Departamento Mantenimiento Local', 'José Domingo Echeverría', '2022-05-25', 'Aprobado', 2, 05, 2022),
(500, 'Unidad Neonatos', 'René Adán Villalta Pérez', '2022-05-27', 'Aprobado', 2, 05, 2022),
(501, 'Departamento Mantenimiento Local', 'José Domingo Echeverría', '2022-05-31', 'Aprobado', 2, 05, 2022),
(502, 'Servicio Obstetricia', 'Fráncico Tolentino López', '2022-05-27', 'Aprobado', 2, 05, 2022),
(504, 'Pediatría', 'Napoleón Alfredo Rodas', '2022-05-01', 'Aprobado', 2, 05, 2022),
(512, 'Área COVID 19', 'Napoleón Alfredo Rodas', '2022-05-31', 'Aprobado', 2, 05, 2022),
(514, 'Departamento Mantenimiento Local', 'Anderson Eduardo López Rodríguez', '2022-05-30', 'Aprobado', 2, 05, 2022),
(515, 'Pediatría', 'René Adán Villalta Pérez', '2022-05-31', 'Aprobado', 2, 05, 2022),
(516, 'Fisioterapia', 'Fráncico Tolentino López', '2022-05-01', 'Aprobado', 2, 05, 2022),
(517, 'Radiología E Imágenes', 'Jenifer Marisol Campos Yánez', '2022-05-31', 'Aprobado', 2, 05, 2022),
(518, 'Bienestar Magisterial', 'René Adán Villalta Pérez', '2022-05-31', 'Aprobado', 2, 05, 2022),
(519, 'Departamento Mantenimiento Local', 'Kevin Alexander Guevara Marinero', '2022-05-01', 'Aprobado', 2, 05, 2022),
(529, 'Ginecología', 'Napoleón Alfredo Rodas', '2022-05-01', 'Aprobado', 2, 05, 2022),
(554, 'Dirección Hospital', 'Ernesto González Choto', '2022-03-15', 'Pendiente', 1, 03, 2022),
(1520, 'Sección Planta Física Y Monitoreo', 'Ernesto González Choto', '2022-03-28', 'Aprobado', 1, 03, 2022),
(1701, 'Unidad Máxima Urgencia', 'Anderson Eduardo López Rodríguez', '2022-04-04', 'Pendiente', 2, 04, 2022),
(2301, 'Unidad Financiara Institucional', 'Ernesto González Choto', '2022-03-15', 'Pendiente', 1, 03, 2022),
(2451, 'Servicio Medicina Mujeres', 'Jenifer Marisol Campos Yánez', '2022-04-06', 'Aprobado', 2, 04, 2022),
(2641, 'Área COVID 19', 'Miguel Antonio Corvera Torres', '2022-02-20', 'Aprobado', 2, 02, 2022),
(2971, 'Departamento Mantenimiento Local', 'Anderson Eduardo López Rodríguez', '2022-03-01', 'Rechazado', 2, 03, 2022),
(2972, 'Departamento Mantenimiento Local', 'Anderson Eduardo López Rodríguez', '2022-03-01', 'Aprobado', 2, 03, 2022),
(3041, 'Departamento Mantenimiento Local', 'Anderson Eduardo López Rodríguez', '2022-04-05', 'Pendiente', 2, 04, 2022),
(3042, 'Departamento Mantenimiento Local', 'Anderson Eduardo López Rodríguez', '2022-04-05', 'Aprobado', 2, 04, 2022),
(3043, 'Departamento Mantenimiento Local', 'Anderson Eduardo López Rodríguez', '2022-04-06', 'Aprobado', 2, 04, 2022),
(3081, 'Aérea Servicios Auxiliares', 'Fráncico Tolentino López', '2022-04-04', 'Aprobado', 2, 04, 2022),
(3082, 'Aérea Servicios Auxiliares', 'Fráncico Tolentino López', '2022-02-20', 'Aprobado', 2, 02, 2022),
(3091, 'Departamento Mantenimiento Local', 'Miguel Antonio Corvera Torres', '2022-04-05', 'Aprobado', 2, 04, 2022),
(3101, 'Departamento Mantenimiento Local', 'Anderson Eduardo López Rodríguez', '2022-04-01', 'Aprobado', 2, 04, 2022),
(3131, 'Unidad Neonatos', 'Anderson Eduardo López Rodríguez', '2022-05-31', 'Aprobado', 2, 05, 2022),
(3141, 'División Administrativa', 'Miguel Antonio Corvera Torres', '2022-02-20', 'Aprobado', 2, 02, 2022),
(3151, 'Servicio Almacén', 'José Domingo Echeverría', '2022-04-06', 'Pendiente', 2, 04, 2022),
(3152, 'Fisioterapia', 'Fráncico Tolentino López', '2022-04-07', 'Aprobado', 2, 04, 2022),
(3871, 'Departamento Mantenimiento Local', 'José Domingo Echeverría', '2022-05-05', 'Aprobado', 2, 05, 2022),
(4051, 'Departamento Mantenimiento Local', 'José Domingo Echeverría', '2022-05-09', 'Aprobado', 2, 05, 2022),
(4191, 'Dirección Hospital', 'Fráncico Tolentino López', '2022-05-25', 'Aprobado', 2, 05, 2022),
(4261, 'Servicio Trabajo Social', 'Miguel Antonio Corvera Torres', '2022-05-25', 'Aprobado', 2, 05, 2022),
(4301, 'Laboratorio Clínico', 'Fráncico Tolentino López', '2022-05-16', 'Aprobado', 2, 05, 2022),
(4321, 'Farmacia', 'Fráncico Tolentino López', '2022-05-11', 'Aprobado', 2, 05, 2022),
(4331, 'Bienestar Magisterial', 'Miguel Antonio Corvera Torres', '2022-05-17', 'Aprobado', 2, 05, 2022),
(4491, 'Aérea Servicios Auxiliares', 'Kevin Alexander Guevara Marinero', '2022-05-25', 'Aprobado', 2, 05, 2022),
(4511, 'Departamento Mantenimiento Local', 'Napoleón Alfredo Rodas', '2022-05-17', 'Aprobado', 2, 05, 2022),
(4512, 'Pediatría', 'Napoleón Alfredo Rodas', '2022-05-06', 'Aprobado', 2, 05, 2022),
(4521, 'Área COVID 19', 'Miguel Antonio Corvera Torres', '2022-05-09', 'Aprobado', 2, 05, 2022),
(4821, 'Departamento Mantenimiento Local', 'Jenifer Marisol Campos Yánez', '2022-05-23', 'Aprobado', 2, 05, 2022),
(4822, 'Departamento Mantenimiento Local', 'Jenifer Marisol Campos Yánez', '2022-05-31', 'Aprobado', 2, 05, 2022),
(5151, 'Pediatría', 'Jenifer Marisol Campos Yánez', '2022-05-31', 'Aprobado', 2, 05, 2022),
(5161, 'Fisioterapia', 'Fráncico Tolentino López', '2022-05-01', 'Aprobado', 2, 05, 2022),
(5181, 'Departamento Mantenimiento Local', 'José Domingo Echeverría', '2022-05-01', 'Aprobado', 2, 05, 2022),
(31601, 'Servicio Medicina Mujeres', 'René Adán Villalta Pérez', '2022-04-05', 'Aprobado', 2, 04, 2022),
(45111, 'Pediatría', 'Napoleón Alfredo Rodas', '2022-05-18', 'Aprobado', 2, 05, 2022),
(70222, 'Departamento Mantenimiento Local', 'Jenifer Marisol Campos Yánez', '2022-04-05', 'Aprobado', 2, 04, 2022),
(90222, 'Unidad Máxima Urgencia', 'Jenifer Marisol Campos Yánez', '2022-04-05', 'Aprobado', 2, 04, 2022),
(150322, 'Departamento Mantenimiento Local', 'Jenifer Marisol Campos Yánez', '2022-04-05', 'Aprobado', 2, 04, 2022),
(203220, 'Departamento Mantenimiento Local', 'Ernesto González Choto', '2022-03-03', 'Pendiente', 1, 03, 2022),
(210422, 'División Administrativa', 'Jenifer Marisol Campos Yánez', '2022-04-01', 'Aprobado', 2, 04, 2022),
(212121, 'Departamento Mantenimiento Local', 'Ernesto González Choto', '2022-02-25', 'Pendiente', 1, 02, 2022),
(250222, 'Departamento Mantenimiento Local', 'Ernesto González Choto', '2022-02-26', 'Pendiente', 1, 02, 2022),
(403220, 'Departamento Mantenimiento Local', 'Ernesto Choto', '2022-03-05', 'Pendiente', 2, 03, 2022),
(403221, 'Departamento Mantenimiento Local', 'Ernesto Choto', '2022-03-05', 'Pendiente', 2, 03, 2022),
(403222, 'Departamento Mantenimiento Local', 'Ernesto Choto', '2022-03-05', 'Pendiente', 2, 03, 2022),
(403223, 'Departamento Mantenimiento Local', 'Ernesto Choto', '2022-03-05', 'Pendiente', 2, 03, 2022),
(403225, 'Departamento Mantenimiento Local', 'Ernesto Choto', '2022-03-05', 'Pendiente', 2, 03, 2022),
(403226, 'Departamento Mantenimiento Local', 'Ernesto Choto', '2022-03-05', 'Pendiente', 2, 03, 2022),
(403227, 'Departamento Mantenimiento Local', 'Ernesto Choto', '2022-03-05', 'Pendiente', 2, 03, 2022),
(1032201, 'Departamento Mantenimiento Local', 'Ernesto González Choto', '2022-03-02', 'Pendiente', 1, 03, 2022),
(1032202, 'Departamento Mantenimiento Local', 'Ernesto González Choto', '2022-03-02', 'Pendiente', 1, 03, 2022),
(1032203, 'Departamento Mantenimiento Local', 'Ernesto González Choto', '2022-03-02', 'Pendiente', 1, 03, 2022),
(1032204, 'Departamento Mantenimiento Local', 'Ernesto González Choto', '2022-03-02', 'Pendiente', 1, 03, 2022),
(1032205, 'Departamento Mantenimiento Local', 'Ernesto González Choto', '2022-03-02', 'Pendiente', 1, 03, 2022),
(1032206, 'Departamento Mantenimiento Local', 'Ernesto González Choto', '2022-03-02', 'Pendiente', 1, 03, 2022),
(1032207, 'Departamento Mantenimiento Local', 'Ernesto González Choto', '2022-03-02', 'Pendiente', 1, 03, 2022),
(1032208, 'Departamento Mantenimiento Local', 'Ernesto González Choto', '2022-03-02', 'Pendiente', 1, 03, 2022),
(1032209, 'Departamento Mantenimiento Local', 'Ernesto González Choto', '2022-03-02', 'Pendiente', 1, 03, 2022),
(1032210, 'Departamento Mantenimiento Local', 'Ernesto González Choto', '2022-03-02', 'Pendiente', 1, 03, 2022),
(1032211, 'Departamento Mantenimiento Local', 'Ernesto González Choto', '2022-03-02', 'Pendiente', 1, 03, 2022),
(1032212, 'Departamento Mantenimiento Local', 'Ernesto González Choto', '2022-03-02', 'Pendiente', 1, 03, 2022),
(1032213, 'Departamento Mantenimiento Local', 'Ernesto González Choto', '2022-03-02', 'Pendiente', 1, 03, 2022),
(1032214, 'Departamento Mantenimiento Local', 'Ernesto González Choto', '2022-03-02', 'Pendiente', 1, 03, 2022),
(1032215, 'Departamento Mantenimiento Local', 'Ernesto González Choto', '2022-03-02', 'Pendiente', 1, 03, 2022),
(1032216, 'Departamento Mantenimiento Local', 'Ernesto González Choto', '2022-03-02', 'Pendiente', 1, 03, 2022),
(1032217, 'Departamento Mantenimiento Local', 'Ernesto González Choto', '2022-03-02', 'Pendiente', 1, 03, 2022),
(1032220, 'Departamento Mantenimiento Local', 'Ernesto González Choto', '2022-03-02', 'Pendiente', 1, 03, 2022),
(1032222, 'Departamento Mantenimiento Local', 'Ernesto González Choto', '2022-03-02', 'Pendiente', 1, 03, 2022),
(1032224, 'Departamento Mantenimiento Local', 'Ernesto González Choto', '2022-03-02', 'Pendiente', 1, 03, 2022),
(1032225, 'Departamento Mantenimiento Local', 'Ernesto González Choto', '2022-03-02', 'Pendiente', 1, 03, 2022),
(1032226, 'Departamento Mantenimiento Local', 'Ernesto González Choto', '2022-03-02', 'Pendiente', 1, 03, 2022),
(1032227, 'Departamento Mantenimiento Local', 'Ernesto González Choto', '2022-03-02', 'Pendiente', 1, 03, 2022),
(1062022, 'Unidad Neonatos', 'Miguel Antonio Corvera Torres', '2022-05-01', 'Aprobado', 2, 05, 2022),
(1532022, 'Departamento Mantenimiento Local', 'Ernesto González Choto', '2022-02-25', 'Pendiente', 1, 02, 2022),
(2032201, 'Departamento Mantenimiento Local', 'Ernesto González Choto', '2022-03-03', 'Pendiente', 1, 03, 2022),
(2032202, 'Departamento Mantenimiento Local', 'Ernesto González Choto', '2022-03-03', 'Pendiente', 1, 03, 2022),
(2032203, 'Departamento Mantenimiento Local', 'Ernesto González Choto', '2022-03-03', 'Pendiente', 1, 03, 2022),
(2032204, 'Departamento Mantenimiento Local', 'Ernesto González Choto', '2022-03-03', 'Pendiente', 1, 03, 2022),
(2032205, 'Departamento Mantenimiento Local', 'Ernesto González Choto', '2022-03-03', 'Pendiente', 1, 03, 2022),
(2032206, 'Departamento Mantenimiento Local', 'Ernesto González Choto', '2022-03-03', 'Pendiente', 1, 03, 2022),
(2032207, 'Departamento Mantenimiento Local', 'Ernesto González Choto', '2022-03-03', 'Pendiente', 1, 03, 2022),
(2032208, 'Departamento Mantenimiento Local', 'Ernesto González Choto', '2022-03-03', 'Pendiente', 1, 03, 2022),
(2032209, 'Departamento Mantenimiento Local', 'Ernesto González Choto', '2022-03-03', 'Pendiente', 1, 03, 2022),
(2032210, 'Departamento Mantenimiento Local', 'Ernesto González Choto', '2022-03-03', 'Pendiente', 1, 03, 2022),
(2032211, 'Departamento Mantenimiento Local', 'Ernesto González Choto', '2022-03-03', 'Pendiente', 1, 03, 2022),
(2032212, 'Departamento Mantenimiento Local', 'Ernesto González Choto', '2022-03-03', 'Pendiente', 1, 03, 2022),
(2032213, 'Departamento Mantenimiento Local', 'Ernesto González Choto', '2022-03-03', 'Pendiente', 1, 03, 2022),
(2032214, 'Departamento Mantenimiento Local', 'Ernesto González Choto', '2022-03-03', 'Pendiente', 1, 03, 2022),
(2032216, 'Departamento Mantenimiento Local', 'Ernesto González Choto', '2022-03-03', 'Pendiente', 1, 03, 2022),
(2032217, 'Departamento Mantenimiento Local', 'Ernesto González Choto', '2022-03-03', 'Pendiente', 1, 03, 2022),
(2502221, 'Departamento Mantenimiento Local', 'Ernesto González Choto', '2022-02-26', 'Pendiente', 1, 02, 2022),
(2502222, 'Departamento Mantenimiento Local', 'Ernesto González Choto', '2022-02-26', 'Pendiente', 1, 02, 2022),
(2502223, 'Departamento Mantenimiento Local', 'Ernesto González Choto', '2022-02-26', 'Pendiente', 1, 02, 2022),
(2502224, 'Departamento Mantenimiento Local', 'Ernesto González Choto', '2022-02-26', 'Pendiente', 1, 02, 2022),
(2502225, 'Departamento Mantenimiento Local', 'Ernesto González Choto', '2022-02-26', 'Pendiente', 1, 02, 2022),
(2502226, 'Departamento Mantenimiento Local', 'Ernesto González Choto', '2022-02-26', 'Pendiente', 1, 02, 2022),
(2502227, 'Departamento Mantenimiento Local', 'Ernesto González Choto', '2022-02-26', 'Pendiente', 1, 02, 2022),
(2502228, 'Departamento Mantenimiento Local', 'Ernesto González Choto', '2022-02-26', 'Pendiente', 1, 02, 2022),
(2502229, 'Departamento Mantenimiento Local', 'Ernesto González Choto', '2022-02-26', 'Pendiente', 1, 02, 2022),
(2822221, 'Departamento Mantenimiento Local', 'Ernesto González Choto', '2022-03-01', 'Pendiente', 1, 03, 2022),
(3032200, 'Departamento Mantenimiento Local', 'Ernesto González Choto', '2022-03-04', 'Pendiente', 1, 03, 2022),
(3032201, 'Departamento Mantenimiento Local', 'Ernesto González Choto', '2022-03-04', 'Pendiente', 1, 03, 2022),
(3032202, 'Departamento Mantenimiento Local', 'Ernesto González Choto', '2022-03-04', 'Pendiente', 1, 03, 2022),
(3032203, 'Departamento Mantenimiento Local', 'Ernesto González Choto', '2022-03-04', 'Pendiente', 1, 03, 2022),
(3032204, 'Departamento Mantenimiento Local', 'Ernesto González Choto', '2022-03-04', 'Pendiente', 1, 03, 2022),
(3032205, 'Departamento Mantenimiento Local', 'Ernesto González Choto', '2022-03-04', 'Pendiente', 1, 03, 2022),
(3032206, 'Departamento Mantenimiento Local', 'Ernesto González Choto', '2022-03-04', 'Pendiente', 1, 03, 2022),
(3032207, 'Departamento Mantenimiento Local', 'Ernesto González Choto', '2022-03-04', 'Pendiente', 1, 03, 2022),
(3032208, 'Departamento Mantenimiento Local', 'Ernesto González Choto', '2022-03-04', 'Pendiente', 1, 03, 2022),
(3032209, 'Departamento Mantenimiento Local', 'Ernesto González Choto', '2022-03-04', 'Pendiente', 1, 03, 2022),
(3032210, 'Departamento Mantenimiento Local', 'Ernesto González Choto', '2022-03-04', 'Pendiente', 1, 03, 2022),
(3032211, 'Departamento Mantenimiento Local', 'Ernesto González Choto', '2022-03-04', 'Pendiente', 1, 03, 2022),
(3032212, 'Departamento Mantenimiento Local', 'Ernesto González Choto', '2022-03-04', 'Pendiente', 1, 03, 2022),
(3032213, 'Departamento Mantenimiento Local', 'Ernesto González Choto', '2022-03-04', 'Pendiente', 1, 03, 2022),
(3032214, 'Departamento Mantenimiento Local', 'Ernesto González Choto', '2022-03-04', 'Pendiente', 1, 03, 2022),
(3032215, 'Departamento Mantenimiento Local', 'Ernesto González Choto', '2022-03-04', 'Pendiente', 1, 03, 2022),
(3032216, 'Departamento Mantenimiento Local', 'Ernesto González Choto', '2022-03-04', 'Pendiente', 1, 03, 2022),
(3032217, 'Departamento Mantenimiento Local', 'Ernesto González Choto', '2022-03-04', 'Pendiente', 1, 03, 2022),
(3032218, 'Departamento Mantenimiento Local', 'Ernesto González Choto', '2022-03-04', 'Pendiente', 1, 03, 2022),
(3032219, 'Departamento Mantenimiento Local', 'Ernesto González Choto', '2022-03-04', 'Pendiente', 1, 03, 2022),
(15320221, 'Departamento Mantenimiento Local', 'Ernesto González Choto', '2022-02-25', 'Pendiente', 1, 02, 2022),
(15320223, 'Departamento Mantenimiento Local', 'Ernesto González Choto', '2022-02-25', 'Pendiente', 1, 02, 2022),
(15320224, 'Departamento Mantenimiento Local', 'Ernesto González Choto', '2022-02-25', 'Pendiente', 1, 02, 2022),
(28022201, 'Departamento Mantenimiento Local', 'Ernesto González Choto', '2022-03-01', 'Pendiente', 1, 03, 2022),
(28022202, 'Departamento Mantenimiento Local', 'Ernesto González Choto', '2022-03-01', 'Pendiente', 1, 03, 2022),
(28022203, 'Departamento Mantenimiento Local', 'Ernesto González Choto', '2022-03-01', 'Pendiente', 1, 03, 2022),
(28022204, 'Departamento Mantenimiento Local', 'Ernesto González Choto', '2022-03-01', 'Pendiente', 1, 03, 2022),
(28022205, 'Departamento Mantenimiento Local', 'Ernesto González Choto', '2022-03-01', 'Pendiente', 1, 03, 2022),
(28022206, 'Departamento Mantenimiento Local', 'Ernesto González Choto', '2022-03-01', 'Pendiente', 1, 03, 2022),
(28022208, 'Departamento Mantenimiento Local', 'Ernesto González Choto', '2022-03-01', 'Pendiente', 1, 03, 2022),
(28022209, 'Departamento Mantenimiento Local', 'Ernesto González Choto', '2022-03-01', 'Pendiente', 1, 03, 2022),
(28022210, 'Departamento Mantenimiento Local', 'Ernesto González Choto', '2022-03-01', 'Pendiente', 1, 03, 2022),
(28022211, 'Departamento Mantenimiento Local', 'Ernesto González Choto', '2022-03-01', 'Pendiente', 1, 03, 2022),
(28022212, 'Departamento Mantenimiento Local', 'Ernesto González Choto', '2022-03-01', 'Pendiente', 1, 03, 2022),
(28022214, 'Departamento Mantenimiento Local', 'Ernesto González Choto', '2022-03-01', 'Pendiente', 1, 03, 2022),
(28022216, 'Departamento Mantenimiento Local', 'Ernesto González Choto', '2022-03-01', 'Pendiente', 1, 03, 2022),
(28022218, 'Departamento Mantenimiento Local', 'Ernesto González Choto', '2022-03-01', 'Pendiente', 1, 03, 2022),
(28022219, 'Departamento Mantenimiento Local', 'Ernesto González Choto', '2022-03-01', 'Pendiente', 1, 03, 2022),
(28022220, 'Departamento Mantenimiento Local', 'Ernesto González Choto', '2022-03-01', 'Pendiente', 1, 03, 2022),
(40530522, 'Departamento Mantenimiento Local', 'José Domingo Echeverría', '2022-05-03', 'Aprobado', 2, 05, 2022),
(406030522, 'Unidad Sala De Operación', 'Miguel Antonio Corvera Torres', '2022-05-03', 'Aprobado', 2, 05, 2022),
(407030522, 'Departamento Mantenimiento Local', 'René Adán Villalta Pérez', '2022-05-03', 'Aprobado', 2, 05, 2022),
(408030522, 'Departamento Mantenimiento Local', 'Fráncico Tolentino López', '2022-05-03', 'Aprobado', 2, 05, 2022);


INSERT INTO `detalle_bodega` (`codigodetallebodega`, `codigo`, `descripcion`, `unidad_medida`, `stock`, `cantidad_despachada`, `precio`, `odt_bodega`) VALUES
(342, 70121708, 'Medidor De Flujo De Combustible, Digital', 'C/U', '1.00', '1.00', '99.99', 5),
(343, 70140024, 'Abrazadera De Acero Inoxidable Sin Fin Para Mangue', 'C/U', '2.00', '2.00', '0.80', 32),
(344, 70212414, 'Ancla Plástica De 5/16"', 'C/U', '4.00', '4.00', '0.00', 33),
(345, 70212483, 'Tornillo Goloso De 1" X 10 Mm', 'C/U', '4.00', '4.00', '0.03', 40),
(346, 70213315, 'Brocha De 2"', 'C/U', '1.00', '1.00', '0.50', 42),
(347, 70205886, 'Tubo Led De 18 Watts, T8, 120 Voltios', 'C/U', '18.00', '18.00', '3.80', 45),
(348, 70205288, 'Soporte Para Lampara Fluorescente Tipo Riel', 'C/U', '18.00', '18.00', '0.50', 46),
(349, 70205090, 'Cable Eléctrico Tsj 14/2 (Vulcan)', 'Mts', '18.00', '18.00', '0.70', 102),
(350, 70205572, 'Cinta Aislante # 23, Rollo', 'C/U', '1.00', '1.00', '14.50', 113),
(351, 70212423, 'Tornillo Para Tablaroca De 1/2"', 'Cto', '30.00', '30.00', '2.00', 123),
(352, 70208527, 'Chapa Cilíndrica De Palanca Con Llave', 'C/U', '2.00', '2.00', '22.30', 148),
(353, 70211071, 'Tubo De Abasto De Acero Inoxidable Para Sanitario', 'C/U', '1.00', '1.00', '2.60', 151),
(354, 70211049, 'Válvula Para Ducha De 1 /2"', 'C/U', '1.00', '1.00', '11.40', 170),
(355, 70208492, 'Brazo Hidráulico Tipo Liviano Para Cierre De Puerta', 'C/U', '1.00', '1.00', '24.50', 179),
(356, 70208300, 'Tabla Roca De Yeso Para Interiores De 1.22 Metros', 'C/U', '10.00', '10.00', '8.56', 188),
(357, 70208307, 'Poste Metálico Galvanizado De 3.05 Metros Para Tabla', 'C/U', '20.00', '20.00', '1.90', 209),
(358, 70212426, 'Tornillo Para Tablaroca De 1 1/2"', 'C/U', '200.00', '200.00', '0.02', 215),
(359, 70212020, 'Clavo Corriente De 1" Con Cabeza', 'Lb', '30.00', '30.00', '2.00', 218),
(360, 70212413, 'Ancla Plástica De 3/8"', 'C/U', '50.00', '50.00', '0.00', 224),
(361, 70212829, 'Pegamento Acero Plástico, Tubo', 'C/U', '1.00', '1.00', '9.70', 228),
(362, 70212483, 'Tornillo Goloso De 1" X 10 Mm', 'C/U', '50.00', '50.00', '0.03', 229),
(363, 70210289, 'Plywood Banack Clase B De 4 Pies X 8 Pies X 1/4",', 'C/U', '1.00', '1.00', '25.05', 230),
(364, 70212454, 'Rodo De 8" Con Base Fija', 'C/U', '2.00', '2.00', '15.00', 231),
(365, 70211145, 'Camisa De 2" P.V.C', 'C/U', '2.00', '2.00', '1.20', 236),
(366, 70212716, 'Hoja De Sierra Para Hierro Diente Fino', 'C/U', '1.00', '1.00', '2.20', 245),
(367, 70211309, 'Pegamento Para P.V.C, 1 /8 De Galón', 'C/U', '1.00', '1.00', '9.00', 255),
(368, 70212763, 'Lija Para Agua No. 100, Pliego', 'C/U', '1.00', '1.00', '0.50', 257),
(369, 70211104, 'Codo Liso De 2" X 90 De P.V.C.', 'C/U', '2.00', '2.00', '0.90', 260),
(370, 70211155, 'Tubería De 2" De 160 P.S.I. De P.V.C', 'Mts', '1.00', '1.00', '1.50', 263),
(371, 70225269, 'Grasa', 'Lb', '1.00', '1.00', '10.00', 264),
(372, 70120211, 'Capacitor De Marcha De 5o Mfd, 440 Vac', 'C/U', '1.00', '1.00', '4.50', 268),
(373, 70120212, 'Capacitor De Marcha De 5mfd 370v', 'C/U', '1.00', '1.00', '1.50', 269),
(374, 70208110, 'Celosía De Vidrio Nevado De 1 Metro', 'C/U', '30.00', '30.00', '1.30', 273),
(375, 70212748, 'Lija Para Hierro No. 80,Pliego', 'C/U', '1.00', '1.00', '0.80', 278),
(376, 70208115, 'Operador De Ventana', 'C/U', '11.00', '11.00', '2.50', 280),
(377, 70211071, 'Tubo De Abasto De Acero Inoxidable Para Sanitario', 'C/U', '1.00', '1.00', '2.60', 281),
(378, 70211051, 'Válvula De Control Cromada De 1 / 2"A La Pared', 'C/U', '1.00', '1.00', '2.50', 282),
(379, 70211900, 'Kit De Accesorios Para Servicio Sanitario Standard', 'C/U', '1.00', '1.00', '5.70', 284),
(380, 70211005, 'Sanitario Color Blanco Completo Standard', 'C/U', '2.00', '2.00', '52.40', 287),
(381, 70211049, 'Válvula Para Ducha De 1 /2"', 'C/U', '3.00', '3.00', '11.40', 294),
(382, 43703018, 'Tubo De Abasto Para Lavamanos Flexible De 3/8" X1/', 'C/U', '3.00', '3.00', '12.50', 297),
(383, 70211076, 'Llave De 1/2" Cromado Para Lavamanos 1a Calidad', 'C/U', '3.00', '3.00', '6.00', 301),
(384, 70211071, 'Tubo De Abasto De Acero Inoxidable Para Sanitario', 'C/U', '1.00', '1.00', '2.60', 302),
(385, 43703010, 'Tapón Macho De 2" PVC Con Rosca', 'C/U', '2.00', '0.00', '1.50', 303),
(386, 70211300, 'Cinta Teflón', 'C/U', '1.00', '0.00', '0.30', 304),
(387, 70208527, 'Chapa Cilíndrica De Palanca Con Llave', 'C/U', '6.00', '6.00', '22.30', 308),
(388, 70212075, 'Hierro Angulo De 1 1/2" X 1 1/2" X 3 /16", Bajo N', 'Mts', '2.00', '2.00', '4.60', 309),
(389, 70211300, 'Cinta Teflón', 'C/U', '2.00', '2.00', '0.30', 310),
(390, 70211051, 'Válvula De Control Cromada De 1 / 2"A La Pared', 'C/U', '3.00', '3.00', '2.50', 312),
(391, 70211071, 'Tubo De Abasto De Acero Inoxidable Para Sanitario', 'C/U', '2.00', '2.00', '2.60', 313),
(392, 70208527, 'Chapa Cilíndrica De Palanca Con Llave', 'C/U', '6.00', '6.00', '22.30', 314),
(393, 70205570, 'Cinta Aislante PVC 19 Mm X 20 Ydas X 0.177 Mm, Apr', 'C/U', '1.00', '1.00', '5.00', 315),
(394, 70205099, 'Cable Dúplex No. 12', 'Mts', '5.00', '5.00', '0.80', 316),
(395, 70205190, 'Caja Rectangular De PVC 4" X 2"', 'C/U', '1.00', '1.00', '0.40', 317),
(396, 70205453, 'Conector Recto De 1/2" Metálico', 'C/U', '3.00', '3.00', '0.20', 319),
(397, 70205296, 'Tomacorriente Hembra, Doble, Polarizado', 'C/U', '1.00', '1.00', '1.00', 322),
(398, 31161502, 'Ancla Plástica Para Tabla Roca', 'C/U', '4.00', '4.00', '0.23', 323),
(399, 70212415, 'Ancla Plástica De 1/4"', 'C/U', '4.00', '4.00', '0.00', 326),
(400, 70212483, 'Tornillo Goloso De 1" X 10 Mm', 'C/U', '8.00', '8.00', '0.03', 333),
(401, 70212838, 'Lubricante Wd-40, Spray De 11 Onzas', 'C/U', '1.00', '1.00', '2.60', 339),
(402, 70225269, 'Grasa', 'Lb', '1.00', '1.00', '10.00', 342),
(403, 70207162, 'Cinta Arnold Primera Calidad, Rollo', 'C/U', '1.00', '1.00', '2.30', 354),
(404, 70205310, 'Toma Corriente Hembra, Doble, Polarizado, Grado Ho', 'C/U', '10.00', '10.00', '7.50', 356),
(405, 70205499, 'Tecno ducto De 3/4" Mt', 'Mts', '50.00', '50.00', '0.50', 357),
(406, 70205603, 'Cuerpo Terminal De 1"', 'C/U', '5.00', '5.00', '2.20', 358),
(407, 70205570, 'Cinta Aislante PVC 19 Mm X 20 Ydas X 0.177 Mm, Apr', 'C/U', '10.00', '10.00', '5.00', 359),
(408, 70205170, 'Caja Térmica De 4 Circuitos, 2 Polos, 240 Voltios,', 'C/U', '4.00', '4.00', '27.20', 365),
(409, 70205190, 'Caja Rectangular De PVC 4" X 2"', 'C/U', '10.00', '10.00', '0.40', 387),
(410, 70205192, 'Caja Octagonal PVC', 'C/U', '10.00', '10.00', '0.70', 388),
(411, 70205066, 'Cable Thhn No. 14 Awg, Color Rojo', 'Mts', '40.00', '40.00', '0.50', 390),
(412, 70205063, 'Cable Thhn No 12 Awg, Color Verde', 'Mts', '50.00', '50.00', '0.59', 396),
(413, 70205060, 'Cable Thhn No. 12 Awg, Color Rojo', 'Mts', '50.00', '50.00', '0.70', 397),
(414, 70205062, 'Cable Thhn No 12 Awg, Color Blanco', 'Mts', '50.00', '50.00', '0.70', 401),
(415, 70205056, 'Cable Thhn No. 10 Awg, Color Blanco', 'Mts', '25.00', '25.00', '1.00', 402),
(416, 70205058, 'Cable Thhn No 10 Awg, Color Verde', 'Mts', '25.00', '25.00', '1.00', 405),
(417, 70205054, 'Cable Thhn No.10 Awg, Color Rojo', 'Mts', '25.00', '25.00', '1.00', 409),
(418, 70205130, 'Dado Térmico De 20 Amperios,1 De Polo De Primera C', 'C/U', '4.00', '4.00', '5.42', 411),
(419, 70205870, 'Luminaria Empotrar, Panel Led 2 X 4, 60watts,100-2', 'C/U', '10.00', '10.00', '50.95', 412),
(420, 70120211, 'Capacitor De Marcha De 5o Mfd, 440 Vac', 'C/U', '1.00', '1.00', '4.50', 418),
(421, 70205284, 'Receptáculo De Baquelita Fijo', 'C/U', '2.00', '2.00', '0.90', 419),
(422, 70205227, 'Foco Ahorrador De Energía De 25 Watts, 110 Voltios', 'C/U', '2.00', '2.00', '3.30', 420),
(423, 70213041, 'Pintura De Agua Color Gris Meteoro', 'Galón', '1.00', '0.00', '28.40', 422),
(424, 70212838, 'Lubricante Wd-40, Spray De 11 Onzas', 'C/U', '1.00', '0.00', '2.60', 425),
(425, 70205190, 'Caja Rectangular De PVC 4" X 2"', 'C/U', '1.00', '1.00', '0.40', 426),
(426, 70205331, 'Placa Doble De Baquelita (Para Toma Polarizado)', 'C/U', '1.00', '1.00', '0.30', 427),
(427, 70205453, 'Conector Recto De 1/2" Metálico', 'C/U', '1.00', '1.00', '0.20', 430),
(428, 70205572, 'Cinta Aislante # 23, Rollo', 'C/U', '1.00', '1.00', '14.50', 432),
(429, 70212829, 'Pegamento Acero Plástico, Tubo', 'C/U', '1.00', '1.00', '9.70', 433),
(430, 70205296, 'Tomacorriente Hembra, Doble, Polarizado', 'C/U', '1.00', '1.00', '1.00', 445),
(431, 70205331, 'Placa Doble De Baquelita (Para Toma Polarizado)', 'C/U', '1.00', '1.00', '0.30', 449),
(432, 70205453, 'Conector Recto De 1/2" Metálico', 'C/U', '2.00', '2.00', '0.20', 450),
(433, 70205097, 'Cable Eléctrico Tsj 12/3 (Vulcan)', 'Mts', '6.00', '6.00', '1.40', 451),
(434, 70212414, 'Ancla Plástica De 5/16"', 'C/U', '3.00', '3.00', '0.00', 452),
(435, 70212463, 'Tornillo Goloso De 2"', 'C/U', '3.00', '3.00', '0.20', 453),
(436, 70205192, 'Caja Octagonal PVC', 'C/U', '1.00', '1.00', '0.70', 478),
(437, 70205296, 'Tomacorriente Hembra, Doble, Polarizado', 'C/U', '1.00', '1.00', '1.00', 482),
(438, 70205331, 'Placa Doble De Baquelita (Para Toma Polarizado)', 'C/U', '1.00', '1.00', '0.30', 483),
(439, 70205097, 'Cable Eléctrico Tsj 12/3 (Vulcan)', 'Mts', '6.00', '6.00', '1.40', 486),
(440, 70212414, 'Ancla Plástica De 5/16"', 'C/U', '3.00', '3.00', '0.00', 496),
(441, 70212463, 'Tornillo Goloso De 2"', 'C/U', '3.00', '3.00', '0.20', 497),
(442, 70205456, 'Conector Recto De 3/4", Metálico', 'C/U', '2.00', '2.00', '0.90', 500),
(443, 70205190, 'Caja Rectangular De PVC 4" X 2"', 'C/U', '1.00', '1.00', '0.40', 501),
(444, 70205572, 'Cinta Aislante # 23, Rollo', 'C/U', '1.00', '1.00', '14.50', 502),
(445, 70208080, 'Masilla Para Tabla Roca', 'Galón', '10.00', '10.00', '3.90', 504),
(446, 70205357, 'Switch Superficial Para Timbre', 'C/U', '1.00', '1.00', '1.40', 512),
(447, 70211287, 'Niple De Hierro Galvanizado Todo Rosca De 1/2" X 1', 'C/U', '2.00', '2.00', '0.40', 514),
(448, 70211076, 'Llave De 1/2" Cromado Para Lavamanos 1a Calidad', 'C/U', '2.00', '2.00', '6.00', 515),
(449, 43703018, 'Tubo De Abasto Para Lavamanos Flexible De 3/8" X1/', 'C/U', '2.00', '2.00', '12.50', 516),
(450, 70211051, 'Válvula De Control Cromada De 1 / 2"A La Pared', 'C/U', '2.00', '2.00', '2.50', 517),
(451, 70211900, 'Kit De Accesorios Para Servicio Sanitario Standard', 'C/U', '1.00', '1.00', '5.70', 518),
(452, 70212033, 'Clavo De Acero De 1 1/2"', 'C/U', '4.00', '4.00', '0.00', 519),
(453, 70212709, 'Remache Pop, De 1/8" X 1/2"', 'C/U', '50.00', '50.00', '1.70', 529),
(454, 70205233, 'Tubo Fluorescentes De 20 Watts, 120 Voltios', 'C/U', '4.00', '4.00', '1.00', 554),
(455, 70205886, 'Tubo Led De 18 Watts, T8, 120 Voltios', 'C/U', '6.00', '6.00', '3.80', 1520),
(456, 70208750, 'Loseta Para Cielo Falso, De Yeso, De (4 X 2) Pies', 'C/U', '2.00', '2.00', '3.40', 1701),
(457, 70205227, 'Foco Ahorrador De Energía De 25 Watts, 110 Voltios', 'C/U', '2.00', '2.00', '3.30', 2301),
(458, 70208300, 'Tabla Roca De Yeso Para Interiores De 1.22 Metros', 'C/U', '2.00', '2.00', '8.56', 2451),
(459, 70212426, 'Tornillo Para Tablaroca De 1 1/2"', 'C/U', '200.00', '200.00', '0.02', 2641),
(460, 70208527, 'Chapa Cilíndrica De Palanca Con Llave', 'C/U', '2.00', '2.00', '22.30', 2971),
(461, 70212727, 'Pasador Metálico De 2 1/2"', 'C/U', '2.00', '2.00', '3.50', 2972),
(462, 70210211, 'Costanera De Cedro De 3 Varas', 'C/U', '1.00', '1.00', '16.35', 3041),
(463, 70120080, 'Interruptor Termomagnético Trifásico, 400 Amperios', 'C/U', '1.00', '1.00', '1.00', 3042),
(464, 70170069, 'Rodo Fijo De 125 Milímetros (5 Pulgadas)', 'C/U', '1.00', '1.00', '2.75', 3043),
(465, 70101779, 'Bisagra De 2"', 'C/U', '2.00', '2.00', '0.40', 3081),
(466, 70212800, 'Electrodo 3/32" Para Hierro Dulce', 'Lb', '0.50', '0.50', '1.00', 3082),
(467, 70211005, 'Sanitario Color Blanco Completo Standard', 'C/U', '1.00', '1.00', '52.40', 3091),
(468, 70211071, 'Tubo De Abasto De Acero Inoxidable Para Sanitario', 'C/U', '2.00', '2.00', '2.60', 3101),
(469, 70211051, 'Válvula De Control Cromada De 1 / 2"A La Pared', 'C/U', '2.00', '2.00', '2.50', 3131),
(470, 70211900, 'Kit De Accesorios Para Servicio Sanitario Standard', 'C/U', '2.00', '2.00', '5.70', 3141),
(471, 70211300, 'Cinta Teflón', 'C/U', '2.00', '2.00', '0.30', 3151),
(472, 70212825, 'Tubo Silicon De Alta Temperatura Color Rojo', 'C/U', '1.00', '1.00', '1.90', 3152),
(473, 70208527, 'Chapa Cilíndrica De Palanca Con Llave', 'C/U', '1.00', '1.00', '22.30', 3871),
(474, 70205242, 'Foco Corriente De 60 Watts', 'Acto', '1.00', '1.00', '0.40', 4051),
(475, 70208630, 'Piso De (33 X 33) Cms, Para Tráfico Pesado, Vario', 'C/U', '720.00', '720.00', '1.25', 4191),
(476, 70210500, 'Pegamento Para Madera', 'Galón', '0.50', '0.50', '14.00', 4261),
(477, 70212425, 'Tornillo Para Tablaroca De 2"', 'C/U', '24.00', '24.00', '0.03', 4301),
(478, 70205089, 'Cable Eléctrico Tsj 12/2 (Vulcan)', 'Mts', '5.00', '5.00', '1.00', 4321),
(479, 70205190, 'Caja Rectangular De PVC 4" X 2"', 'C/U', '1.00', '1.00', '0.40', 4331),
(480, 70205319, 'Toma Corriente Macho, Tipo Chino De 15 Amperios', 'C/U', '1.00', '1.00', '1.30', 4491),
(481, 70205331, 'Placa Doble De Baquelita (Para Toma Polarizado)', 'C/U', '1.00', '1.00', '0.30', 4511),
(482, 70205456, 'Conector Recto De 3/4", Metálico', 'C/U', '1.00', '1.00', '0.90', 4512),
(483, 70212992, 'Alambre Espigado Galvanizado No. 16 Rollo', 'C/U', '1.00', '1.00', '36.00', 4521),
(484, 70205094, 'Cable Eléctrico Tsj 10/3 (Vulcan)', 'Mts', '18.00', '18.00', '4.00', 4821),
(485, 70205296, 'Tomacorriente Hembra, Doble, Polarizado', 'C/U', '1.00', '1.00', '1.00', 4822),
(486, 70211460, 'Tapón Hembra Liso PVC 3"', 'C/U', '1.00', '1.00', '6.40', 5151),
(487, 70211130, 'Té De 1/2" De PVC', 'C/U', '4.00', '4.00', '0.20', 5161),
(488, 70211808, 'Adaptador Macho PVC De 1/2"', 'C/U', '2.00', '2.00', '0.20', 5181),
(489, 70211105, 'Codo Liso De 1 /2" X 90 De P.V.C', 'C/U', '2.00', '2.00', '0.10', 31601),
(490, 70211051, 'Válvula De Control Cromada De 1 / 2"A La Pared', 'C/U', '2.00', '2.00', '2.50', 45111),
(491, 70211071, 'Tubo De Abasto De Acero Inoxidable Para Sanitario', 'C/U', '3.00', '3.00', '2.60', 70222),
(492, 70211073, 'Tubo De Abasto De Acero Inoxidable Para Lavamanos', 'C/U', '2.00', '2.00', '2.60', 90222),
(493, 70211076, 'Llave De 1/2" Cromado Para Lavamanos 1a Calidad', 'C/U', '2.00', '2.00', '6.00', 150322),
(494, 70120208, 'Capacitor De Marcha De 40mfd, 440vac 60hz', 'C/U', '1.00', '1.00', '3.80', 203220);

/*!40101 Set Character_Set_Client=@Old_Character_Set_Client */;
/*!40101 Set Character_Set_Results=@Old_Character_Set_Results */;
/*!40101 Set Collation_Connection=@Old_Collation_Connection */;

/*!40101 SET CHARACTER_SET_CLIENT=@OLD_CHARACTER_SET_CLIENT */;
/*!40101 SET CHARACTER_SET_RESULTS=@OLD_CHARACTER_SET_RESULTS */;
/*!40101 SET COLLATION_CONNECTION=@OLD_COLLATION_CONNECTION */;
