-- phpMyAdmin SQL Dump
-- version 5.1.1
-- https://www.phpmyadmin.net/
--
-- Servidor: 127.0.0.1
-- Tiempo de generación: 15-12-2021 a las 04:21:39
-- Versión del servidor: 10.4.21-MariaDB
-- Versión de PHP: 8.0.10

SET SQL_MODE ="NO_AUTO_VALUE_ON_ZERO";
START TRANSACTION;
SET time_zone ="+00:00";


/*!40101 SET @OLD_CHARACTER_SET_CLIENT=@@CHARACTER_SET_CLIENT */;
/*!40101 SET @OLD_CHARACTER_SET_RESULTS=@@CHARACTER_SET_RESULTS */;
/*!40101 SET @OLD_COLLATION_CONNECTION=@@COLLATION_CONNECTION */;
/*!40101 SET NAMES utf8mb4 */;

--
-- Base de datos: `hospital`
--
CREATE DATABASE IF NOT EXISTS `hospital` DEFAULT CHARACTER SET utf8mb4 COLLATE utf8mb4_general_ci ;
USE `hospital` ;

CREATE TABLE tb_productos (
  cod int(3)  NOT NULL AUTO_INCREMENT PRIMARY KEY,
  codProductos int(15) NOT NULL,
  catalogo int(15) NOT NULL,
  descripcion text NOT NULL,
  unidad_medida text NOT NULL DEFAULT 'C/U',
  stock  decimal(6,2) UNSIGNED NOT NULL  DEFAULT '0.00',
  precio decimal(6,2) NOT NULL  DEFAULT '0.00',
  categoria text NOT NULL,
  fecha_registro date NOT NULL DEFAULT current_timestamp()
)ENGINE=InnoDB DEFAULT CHARSET=utf8 COLLATE=utf8_spanish_ci;




CREATE TABLE tb_usuarios (
  id int(3)  NOT NULl AUTO_INCREMENT,
  username text NOT NULL,
  firstname text NOT NULL,
  lastname text NOT NULL,
  Establecimiento text NOT NULL,
  unidad text NOT NULL,
  password text NOT NULL,
  Habilitado text NOT NULL,
  tipo_usuario int(15) NOT NULL,
    PRIMARY KEY (id)
)ENGINE=InnoDB DEFAULT CHARSET=utf8 COLLATE=utf8_spanish_ci; 

CREATE TABLE tb_bodega (
  codBodega int(11) NOT NULL,
  departamento text NOT NULL,
  usuario text NOT NULL,
  campo text NOT NULL DEFAULT ' Solicitud Bodega',
  fecha_registro date NOT NULL DEFAULT current_timestamp(),
  estado text NOT NULL,
  idusuario int NOT NULL DEFAULT 2,
    PRIMARY KEY (codBodega)
)ENGINE=InnoDB DEFAULT CHARSET=utf8 COLLATE=utf8_spanish_ci;

CREATE TABLE tb_vale (
  codVale int(11) NOT NULL,
  departamento text NOT NULL,
  usuario text NOT NULL,
  idusuario int NOT NULL DEFAULT 1,
  campo text NOT NULL DEFAULT 'Solicitud Vale',
  estado text NOT NULL,
  observaciones text NOT NULL,
 fecha_registro date NOT NULL DEFAULT current_timestamp(),
    PRIMARY KEY (codVale)
)ENGINE=InnoDB DEFAULT CHARSET=utf8 COLLATE=utf8_spanish_ci;

CREATE TABLE tb_compra (
  nSolicitud int(11) NOT NULL,
  dependencia text NOT NULL,
  plazo text NULL,
  unidad_tecnica text NOT NULL,
  descripcion_solicitud text NOT NULL,
    usuario text NOT NULL,
    campo text NOT NULL DEFAULT 'Solicitud Compra',
  estado text NOT NULL,
  idusuario int NOT NULL DEFAULT 1,
  justificacion text NOT NULL,
 fecha_registro date NOT NULL DEFAULT current_timestamp(),
    PRIMARY KEY (nSolicitud)
)ENGINE=InnoDB DEFAULT CHARSET=utf8 COLLATE=utf8_spanish_ci;



CREATE TABLE tb_circulante (
  codCirculante int(15) NOT NULL,
  campo text NOT NULL DEFAULT 'Solicitud Circulante',
  estado text NOT NULL,
  idusuario int NOT NULL DEFAULT 1,
  fecha_solicitud date NOT NULL DEFAULT current_timestamp(),
  PRIMARY KEY (codCirculante)
)ENGINE=InnoDB DEFAULT CHARSET=utf8 COLLATE=utf8_spanish_ci;

CREATE TABLE tb_almacen (
  codAlmacen int(12) NOT NULL,
  departamento text NOT NULL,
  encargado text NOT NULL,
estado text NOT NULL,
  idusuario int NOT NULL DEFAULT 1,
  fecha_solicitud date NOT NULL DEFAULT current_timestamp(),
  PRIMARY KEY (codAlmacen)
)ENGINE=InnoDB DEFAULT CHARSET=utf8 COLLATE=utf8_spanish_ci;


CREATE TABLE detalle_bodega (
  codigodetallebodega int(3)  NOT NULL AUTO_INCREMENT,
  codigo int(15) NOT NULL,
  descripcion text NOT NULL,
  unidad_medida text NOT NULL DEFAULT 'C/U',
  stock decimal(6,2) UNSIGNED NOT NULL  DEFAULT '0.00',
  cantidad_despachada decimal(6,2) NOT NULL  DEFAULT '0.00',
  precio decimal(6,2) NOT NULL  DEFAULT '0.00',
  odt_bodega int(15),

    PRIMARY KEY (codigodetallebodega),
    CONSTRAINT fk_tb_bodega_detalle_bodega FOREIGN KEY (odt_bodega)
    REFERENCES tb_bodega(codBodega)
)ENGINE=InnoDB DEFAULT CHARSET=utf8 COLLATE=utf8_spanish_ci;

CREATE TABLE detalle_vale (
  codigodetallevale int(3)  NOT NULL AUTO_INCREMENT,
  codigo int(15) NOT NULL,
  descripcion text NOT NULL,
  unidad_medida text NOT NULL DEFAULT 'C/U',
  stock decimal(6,2) NOT NULL  DEFAULT '0.00',
  cantidad_despachada decimal(6,2) NOT NULL  DEFAULT '0.00',
  precio decimal(6,2) NOT NULL  DEFAULT '0.00',
  numero_vale int(15),
    PRIMARY KEY (codigodetallevale),
    CONSTRAINT fk_tb_vale_detalle_vale FOREIGN KEY (numero_vale)
    REFERENCES tb_vale(codVale)
)ENGINE=InnoDB DEFAULT CHARSET=utf8 COLLATE=utf8_spanish_ci;

CREATE TABLE detalle_circulante (
codigodetallecirculante int(3)  NOT NULL AUTO_INCREMENT,
  codigo int(15) NOT NULL,
  descripcion text NOT NULL,
  unidad_medida text NOT NULL DEFAULT 'C/U',
  stock decimal(6,2) NOT NULL,
  cantidad_despachada decimal(6,2) NOT NULL,
  precio decimal(6,2) NOT NULL  DEFAULT '0.00',
  tb_circulante int(15),
    PRIMARY KEY (codigodetallecirculante),
    CONSTRAINT fk_tb_circulante_detalle_circulante FOREIGN KEY (tb_circulante)
    REFERENCES tb_circulante(codCirculante)
)ENGINE=InnoDB DEFAULT CHARSET=utf8 COLLATE=utf8_spanish_ci; 

CREATE TABLE detalle_almacen (
codigoalmacen int(3)  NOT NULL AUTO_INCREMENT,
codigo int(15) NOT NULL,
nombre text  NOT NULL,
unidad_medida text NOT NULL,
cantidad_solicitada decimal(6,2) NOT NULL  DEFAULT '0.00',
cantidad_despachada decimal(6,2) NOT NULL  DEFAULT '0.00',
tb_almacen int(20) NOT NULL,
precio decimal(6,2) NOT NULL  DEFAULT '0.00',
    PRIMARY KEY (codigoalmacen),
     CONSTRAINT fk_tb_almacen_detalle_almacen FOREIGN KEY (tb_almacen)
    REFERENCES tb_almacen(codAlmacen)
)ENGINE=InnoDB DEFAULT CHARSET=utf8 COLLATE=utf8_spanish_ci;



CREATE TABLE detalle_compra (
  codigodetallecompra int(3)  NOT NULl AUTO_INCREMENT,
  categoria text NOT NULL,
  codigo int(15) NOT NULL,
  catalogo int(20) NOT NULL,
  descripcion text NOT NULL,
  unidad_medida text NOT NULL DEFAULT 'C/U',
  stock decimal(6,2) UNSIGNED NOT NULL  DEFAULT '0.00',
  cantidad_despachada decimal(6,2) NOT NULL  DEFAULT '0.00',
  precio decimal(6,2) NOT NULL  DEFAULT '0.00',
  solicitud_compra int(8) DEFAULT NULL,
     PRIMARY KEY (codigodetallecompra),
    CONSTRAINT fk_tb_compra_detalle_compra FOREIGN KEY (solicitud_compra)
    REFERENCES tb_compra(nSolicitud)
)ENGINE=InnoDB DEFAULT CHARSET=utf8 COLLATE=utf8_spanish_ci;


CREATE TABLE Selects_unidad_medida (
  id int(3)  NOT NULl AUTO_INCREMENT PRIMARY KEY,
  Habilitado text NOT NULL,
unidad_medida text NOT NULL
)ENGINE=InnoDB DEFAULT CHARSET=utf8 COLLATE=utf8_spanish_ci;

CREATE TABLE Selects_categoria (
  id int(3)  NOT NULl AUTO_INCREMENT PRIMARY KEY,
  Habilitado text NOT NULL,
categoria text NOT NULL
)ENGINE=InnoDB DEFAULT CHARSET=utf8 COLLATE=utf8_spanish_ci;

CREATE TABLE Selects_dependencia (
  id int(3)  NOT NULl AUTO_INCREMENT PRIMARY KEY,
  Habilitado text NOT NULL,
dependencia text NOT NULL
)ENGINE=InnoDB DEFAULT CHARSET=utf8 COLLATE=utf8_spanish_ci;

CREATE TABLE Selects_departamento (
  id int(3)  NOT NULl AUTO_INCREMENT PRIMARY KEY,
  Habilitado text NOT NULL,
departamento text NOT NULL
)ENGINE=InnoDB DEFAULT CHARSET=utf8 COLLATE=utf8_spanish_ci;
INSERT INTO `Selects_unidad_medida` (`unidad_medida`,`Habilitado`)
VALUES ('C/M'  ,'Si'),
       ('Cto'  ,'Si'),
       ('CUARTO GAL' ,'Si'),
       ('C/U'  ,'Si'),
       ('Galón'  ,'Si'),
       ('Lb'  ,'Si'),
       ('Mts'  ,'Si'),
       ('Pgo'  ,'Si'),
       ('Qq'  ,'Si'),
       ('PAR'  ,'Si');
INSERT INTO `Selects_categoria` (`categoria`,`Habilitado`)
VALUES ('Agropecuarios y Forestales' ,'Si'),
       ('Cuero y Caucho' ,'Si'),
       ('Combustibles y Lubricantes' ,'Si'),
       ('Minerales no Metálicos' ,'Si'),
       ('Minerales Metálicos' ,'Si'),
       ('Herramientas y Repuestos' ,'Si'),
       ('Materiales Eléctricos' ,'Si'),
       ('Mobiliario' ,'Si'),
       ('Químicos' ,'Si');

INSERT INTO `Selects_dependencia` (`dependencia`,`Habilitado`)
VALUES ('Dirección Hospital','Si'),
       ('Departamento Mantenimiento Local','Si'),
       ('División Administrativa','Si'),
       ('Departamento Servicios Generales','Si'),
       ('Departamento Enfermeria','Si'),
       ('Sevicio Medicina Interna','Si'),
       ('Sevicio Centro Quirúrgico','Si'),
       ('Sevicio Centro Obstétrico','Si'),
       ('Subdirección Hospital','Si'),
       ('Servicio Consulta Externa','Si'),
       ('Unidad Enfermeria','Si');

INSERT INTO `Selects_departamento` (`departamento`,`Habilitado`)
VALUES ('Área Saneamiento Ambiental','Si'),
       ('Área Servicios Auxiliares','Si'),
       ('Área Clínica De Úlceras Y Heridas','Si'),
       ('Área Residencial Médica','Si'),
       ('Área Epidemiología','Si'),
       ('Área COVID 19','Si'),
       ('Bienestar magisterial' ,'Si'),
       ('Cirugia Hombre' ,'Si'),
       ('Dirección Hospital' ,'Si'),
       ('Departamento Lavandería y Ropería' ,'Si'),
       ('Departamento Mantenimiento Local' ,'Si'),
       ('Departamento Estadística y Documento Médicos','Si'),
       ('Departamento Activo Fijo','Si'),
       ('División Administrativa' ,'Si'),
       ('Departamento Recursos Humanos','Si'),
       ('Departamento Terapia Dialítica','Si'),
       ('Fisioterapia' ,'Si'),
       ('Farmacia' ,'Si'),
       ('Ginecologia' ,'Si'),
       ('Laboratorio Clinico' ,'Si'),
       ('Pediatría' ,'Si'),
       ('Radiologia e imagenes' ,'Si'),
       ('Subdirección Hospital' ,'Si'),
       ('Sección Equipo Médico' ,'Si'),
       ('Sección Equipo Básico' ,'Si'),
       ('Sección Planta Física y Monitoreo' ,'Si'),
       ('Servicio Centro Quirúrgico' ,'Si'),
       ('Servicio Medicina Hombres' ,'Si'),
       ('Servicio Medicina Mujeres','Si'),
       ('Servicio Almacén','Si'),
       ('Servicio Consulta Externa','Si'),
       ('Servicio Trabajo Social','Si'),
       ('Servicio Obstetricia','Si'),
       ('Unidad Sala de Operación','Si'),
       ('Unidad Sala de Partos','Si'),
       ('Unidad Neonatos','Si'),
       ('Unidad Máxima Urgencia','Si'),
       ('Unidad Financiara Institucional','Si'),
       ('Unidad Auditoria Interna','Si'),
       ('Unidad Asesora de Suministro Médicos','Si'),
       ('Unidad Atención Integral e Integrada ala Salud Sexual Reproductiva','Si'),
       ('Unidad Cuidados Especiales','Si');

INSERT INTO `tb_usuarios` (`username`, `firstname`, `lastname`, `Establecimiento`,  `unidad`,`password`,`Habilitado`, `tipo_usuario`) 
VALUES ('Admin', 'Admin', 'Master', 'Hospital Nacional Zacatecoluca PA "Santa Tereza"', 'Sin Unidad', 'Admin','Si', '1'),
       ('Usuario', 'Ernesto', 'Gonzales Choto', 'Hospital Nacional Zacatecoluca PA "Santa Tereza"', 'Departamento Mantenimiento Local', '123','Si', '1'),
       ('Usuario1', 'Baltazar Alexander', 'Marinero Perez', 'Hospital Nacional Zacatecoluca PA "Santa Tereza"', 'Sección Equipo Básico', '123','Si', '2'),
       ('Usuario2', 'Fransico Tolentino', 'López', 'Hospital Nacional Zacatecoluca PA "Santa Tereza"', 'Sección Planta Física y Mobiliario' , '123','Si', '2'),
       ('Usuario3', 'René Adán', 'Villaltá Perez', 'Hospital Nacional Zacatecoluca PA "Santa Tereza"', 'Sección Planta Física y Mobiliario' , '123','Si', '2'),
       ('Usuario4', 'José Walter', 'Pineda Leiva', 'Hospital Nacional Zacatecoluca PA "Santa Tereza"', 'Sección Equipo Básico' , '123','Si', '2'),
       ('Usuario5', 'Justo Antonio', 'Alfaro', 'Hospital Nacional Zacatecoluca PA "Santa Tereza"', 'Sección Planta Física y Mobiliario' , '123','Si', '2'),
       ('Usuario6', 'José Dominguez', 'Echeverría', 'Hospital Nacional Zacatecoluca PA "Santa Tereza"', 'Sección Equipo Médico' , '123','Si', '2'),
       ('Usuario7', 'Nepoldo Alfaro', 'Rodas', 'Hospital Nacional Zacatecoluca PA "Santa Tereza"', 'Sección Equipo Básico' , '123','Si', '2'),
       ('Usuario8', 'Miguel Antonio', 'Corvera Torrez', 'Hospital Nacional Zacatecoluca PA "Santa Tereza"', 'Sección Planta Física y Mobiliario' , '123','Si', '2'),
       ('Usuario9', 'Anderson Eduardo', 'López Rodriguez', 'Hospital Nacional Zacatecoluca PA "Santa Tereza"', 'Departamento Mantenimiento Local' , '123','Si', '2'),
       ('Usuario10', 'kevin Alexander', 'Guevara Marinero', 'Hospital Nacional Zacatecoluca PA "Santa Tereza"', 'Sección Equipo Básico' , '123','Si', '2'),
       ('Usuario11', 'Yenifer Marisol', 'Campos Yanez', 'Hospital Nacional Zacatecoluca PA "Santa Tereza"', 'Departamento Mantenimiento Local' , '123','Si', '2'),
       ('Usuario12', 'kilmar Waldir', 'Pérez Marin', 'Hospital Nacional Zacatecoluca PA "Santa Tereza"', 'Departamento Mantenimiento Local' , '123','Si', '2'),
       ('Usuario13', 'Ronald Alexander', 'Lopez Cisnero', 'Hospital Nacional Zacatecoluca PA "Santa Tereza"', 'Departamento Mantenimiento Local' , '123','Si', '2');




INSERT INTO `tb_productos` (`cod`, `codProductos`, `catalogo`, `descripcion`, `unidad_medida`, `stock`, `precio`, `categoria`, `fecha_registro`) VALUES
(1, 31161502, 70212419, 'ANCLA PLASTICA PARA TABLA ROCA', 'C/U', '56.00', '0.00', 'Herramientas y Repuestos', '2022-05-17'),
(2, 43703002, 72154119, 'NIPLE GALVANIZADO DE 1 X 1 1/2', 'C/U', '7.00', '0.00', 'Minerales Metálico', '2022-03-07'),
(3, 43703003, 40142305, 'REDUCTOR CAMPANA GALVANIZADO DE 2 X 3/4\"', 'C/U', '1.00', '0.00', 'Minerales Metálico', '2022-03-08'),
(4, 43703004, 40142313, 'TAPON HEMBRA GALVANIZADO 1', 'C/U', '10.00', '0.00', 'Minerales Metálico', '2022-03-08'),
(5, 43703005, 40142305, 'REDUCTOR CAMPANA GALVANIZADO DE 1/2 X 5/8', 'C/U', '6.00', '0.00', 'Minerales Metálico', '2022-03-08'),
(6, 43703006, 40142305, 'REDUCTOR CAMPANA GALVANIZADO DE 1 X 5/8', 'C/U', '3.00', '0.00', 'Minerales Metálico', '2022-03-08'),
(7, 43703007, 40142305, 'REDUCTOR CAMPANA GALVANIZADO DE 1 X 3/4\"', 'C/U', '3.00', '0.00', 'Minerales Metálico', '2022-03-08'),
(8, 43703008, 40183104, 'TAPON HEMBRA PVC 1 1/4 CON ROSCA', 'C/U', '9.00', '0.00', 'Herramientas y Repuestos', '2022-03-08'),
(9, 43703009, 40183104, 'TAPON HEMBRA PVC  DE 1 CON ROSCA', 'C/U', '5.00', '0.00', 'Herramientas y Repuestos', '2022-03-08'),
(10, 43703010, 40183104, 'TAPON MACHO DE 2 PVC CON ROSCA', 'C/U', '5.00', '0.00', 'Herramientas y Repuestos', '2022-03-08'),
(11, 43703011, 40175208, 'CODO PVC DE 2 CON  ROSCA', 'C/U', '9.00', '0.00', 'Herramientas y Repuestos', '2022-03-08'),
(12, 43703012, 40175208, 'TEE PVC CON ROSCA 3/4\"', 'C/U', '10.00', '0.00', 'Herramientas y Repuestos', '2022-03-08'),
(13, 43703013, 40161514, 'TAPON HEMBRA PVC 2 1/2', 'C/U', '15.00', '0.00', 'Herramientas y Repuestos', '2022-03-08'),
(14, 43703014, 40171719, 'ADAPTADOR HEMBRA PVC 2 1/2', 'C/U', '4.00', '0.00', 'Herramientas y Repuestos', '2022-03-08'),
(15, 43703015, 40171617, 'TUBO PVC 2 1/2 160 P.S.I.', 'mts', '7.00', '0.00', 'Herramientas y Repuestos', '2022-03-08'),
(16, 43703016, 40141609, 'VALVULA DE PASO DE 1 1/2', 'C/U', '1.00', '0.00', 'Minerales Metálico', '2022-03-08'),
(17, 43703017, 30102403, 'HIERRO CUADRADO SOLIDO DE 1/4\"', 'mts', '66.00', '0.00', 'Minerales Metálico', '2022-03-11'),
(18, 43703018, 40142020, 'TUBO DE ABASTO PARA LAVAMANOS FLEXIBLE DE 3/8 X1/2 X 48', 'C/U', '0.00', '0.00', 'Herramientas y Repuestos', '2022-03-15'),
(19, 43703019, 99999, 'CARBON 0252 PARA PULIDORA', 'C/U', '2.00', '0.00', 'Herramientas y Repuestos', '2022-03-15'),
(20, 43703020, 99999, 'CARBON 1120 PARA PULIDORA', 'C/U', '1.00', '0.00', 'Herramientas y Repuestos', '2022-03-15'),
(21, 43703021, 99999, 'Varilla lisa de 1/2', 'mts', '24.00', '0.00', 'Minerales Metálico', '2022-03-29'),
(22, 43703022, 40142604, 'CODO PVC 90° CON ROSC', 'C/U', '4.00', '0.00', 'Herramientas y Repuestos', '2022-05-17'),
(23, 62502020, 56101504, 'SILLA ERGONOMICAEJECUTIVA CON BRAZOS', 'C/U', '1.00', '0.00', 'MOBILIARIO', '2022-06-07'),
(24, 62504103, 24102004, 'ESTANTE METÁLICO DE CINCO ENTREPAÑ', 'C/U', '0.00', '0.00', 'MOBILIARIO', '2022-06-07'),
(25, 70101135, 39101801, 'FOCO HALOGENO PARA MICROSCOPIO MICROESTAR 12V 20W,BASE G4', 'C/U', '1.00', '0.00', 'Materiales Eléctrico', '2022-02-11'),
(26, 70101450, 31171556, 'BALEROS N° 608-', 'C/U', '2.00', '0.00', 'Herramientas y Repuestos', '2022-02-11'),
(27, 70101453, 31171556, 'BALEROS N° 6005-2', 'C/U', '9.00', '0.00', 'Herramientas y Repuestos', '2022-02-11'),
(28, 70101455, 31171556, 'BALEROS N° 6200-2', 'C/U', '3.00', '0.00', 'Herramientas y Repuestos', '2022-02-11'),
(29, 70101458, 31171556, 'BALEROS N° 6203-2', 'C/U', '14.00', '0.00', 'Herramientas y Repuestos', '2022-02-11'),
(30, 70101465, 31171556, 'BALEROS N° 6309-', 'C/U', '6.00', '0.00', 'Herramientas y Repuestos', '2022-02-11'),
(31, 70101779, 31162403, 'BISAGRA DE 2', 'C/U', '30.00', '0.00', 'Minerales Metálico', '2022-02-11'),
(32, 70102969, 42151657, 'BALONA METALICA DE COMPRESION 3/8', 'C/U', '11.00', '0.00', 'Minerales Metálico', '2022-02-11'),
(33, 70103027, 42182602, 'BOMBILLO PARA LAMPARA DE HENDIDURA 6 V', 'C/U', '5.00', '0.00', 'Materiales Eléctrico', '2022-02-11'),
(34, 70103029, 42182602, 'FOCO XHL DE 6V TUBO FLUORESCENTE DE FOTOTERAPIA F20T12/BB 20W AZUL', 'C/U', '32.00', '0.00', 'Materiales Eléctrico', '2022-02-11'),
(35, 70104092, 0, 'RELE DE ESTADO SOLIDO 120 VAC, 5 VOLTIOS', 'C/U', '1.00', '0.00', 'Materiales Eléctrico', '2022-02-11'),
(36, 70104315, 0, 'EMPAQUE DE COMPUERTA DE ESTERILIZADOR A VAPOR', 'C/U', '3.00', '0.00', 'Herramientas y Repuestos', '2022-02-11'),
(37, 70104350, 99999, 'BOMBA DE AGUA PARA GENERADOR DE VAPOR', 'C/U', '1.00', '0.00', 'Herramientas y Repuestos', '2022-02-22'),
(38, 70105620, 39101801, 'FOCO HALOGENO 24V 150W', 'C/U', '20.00', '0.00', 'Materiales Eléctrico', '2022-02-11'),
(39, 70110102, 42143703, 'TUBO ULTRAVIOLETA PARA LAMPARA DE FOTOTERAPIA POTENCIA 20 WATTS, LUZ DE DIA', 'C/U', '30.00', '0.00', 'Materiales Eléctrico', '2022-05-23'),
(40, 70110115, 39111705, 'LAMPARA FLUORESCENTE LUZ BLANCA 18 W PARA FOTOTERAPIA', 'C/U', '24.00', '0.00', 'Materiales Eléctrico', '2022-02-11'),
(41, 70119002, 32101617, 'TARJETA ELECTRONICA UNIVERSAL PARA EQUIPO DE AIRE ACONDICIONADO DE 9,000 A 24,000 BTU', 'C/U', '4.00', '0.00', 'Materiales Eléctrico', '2022-05-26'),
(42, 70120003, 39121529, 'CONTACTOR DE 50 AMPERIOS, 3 POLOS , 480 VAC, BOBINA 24 VAC,TIPO 3PST', 'C/U', '1.00', '0.00', 'Materiales Eléctrico', '2022-05-13'),
(43, 70120019, 39121529, 'CONTACTOR PARA 40 AMPERIOS, 2 POLOS COIL 220 VAC, 60 HZ.', 'C/U', '2.00', '0.00', 'Materiales Eléctrico', '2022-05-30'),
(44, 70120023, 0, 'SECCIONADOR DE FASE DE 3 POLOS 250 V, 75 AMP', 'C/U', '1.00', '0.00', 'Materiales Eléctrico', '2022-02-11'),
(45, 70120031, 0, 'INTERRUPTOR SECCIONADOR F.160 AMP', 'C/U', '1.00', '0.00', 'Materiales Eléctrico', '2022-02-11'),
(46, 70120080, 99999, 'INTERRUPTOR TERMOMAGNETICO TRIFASICO, 400 AMPERIOS, 240 V., INCORPORADO EN GABINETE METALICO,NEMA 1', 'C/U', '0.00', '0.00', 'Materiales Eléctrico', '2022-05-17'),
(47, 70120206, 32121502, 'CAPACITOR DE MARCHA DE 30MFD, 440VAC 60HZ', 'C/U', '13.00', '0.00', 'Materiales Eléctrico', '2022-02-11'),
(48, 70120207, 32121502, 'CAPACITOR DE MARCHA DE 35MFD, 440VAC 60HZ', 'C/U', '2.00', '0.00', 'Materiales Eléctrico', '2022-02-11'),
(49, 70120208, 32121502, 'CAPACITOR DE MARCHA DE 40MFD, 440VAC 60HZ', 'C/U', '11.00', '0.00', 'Materiales Eléctrico', '2022-02-11'),
(50, 70120209, 32121502, 'CAPACITOR DE MARCHA DE 55MFD, 440VAC 60HZ', 'C/U', '56.00', '0.00', 'Materiales Eléctrico', '2022-02-11'),
(51, 70120211, 32121502, 'CAPACITOR DE MARCHA DE 5O MFD, 440 VAC', 'C/U', '13.00', '0.00', 'Materiales Eléctrico', '2022-02-11'),
(52, 70120212, 32121502, 'CAPACITOR DE MARCHA DE 5MFD 370V', 'C/U', '20.00', '0.00', 'Materiales Eléctrico', '2022-02-11'),
(53, 70120213, 32121502, 'CAPACITOR DE MARCHA DE 7.5MFD 370V', 'C/U', '17.00', '0.00', 'Materiales Eléctrico', '2022-02-11'),
(54, 70120216, 32121502, 'CAPACITOR DE MARCHA DE 15 MFD, 370 VAC', 'C/U', '19.00', '0.00', 'Materiales Eléctrico', '2022-02-11'),
(55, 70120222, 32121502, 'CAPACITOR DE MARCHA DE 35 MFD. 370 VAC', 'C/U', '10.00', '0.00', 'Materiales Eléctrico', '2022-02-11'),
(56, 70120224, 32121502, 'CAPACITOR DE MARCHA DE 45 MFD, 370 VAC', 'C/U', '27.00', '0.00', 'Materiales Eléctrico', '2022-02-11'),
(57, 70120225, 32121502, 'CAPACITOR DE MARCHA DE 3 MFD, 450 VAC', 'C/U', '1.00', '0.00', 'Materiales Eléctrico', '2022-02-11'),
(58, 70120226, 32121502, 'CAPACITOR DE MARCHA DE 2 MFD, 450 VAC', 'C/U', '10.00', '0.00', 'Materiales Eléctrico', '2022-02-11'),
(59, 70120227, 32121502, 'CAPACITOR DE MARCHA DE 70 MFD, 370 VAC', 'C/U', '27.00', '0.00', 'Materiales Eléctrico', '2022-02-11'),
(60, 70120228, 32121502, 'CAPACITOR DE MARCHA DE 1.5 MFD, 450 VAC', 'C/U', '12.00', '0.00', 'Materiales Eléctrico', '2022-02-11'),
(61, 70120229, 32121502, 'CAPACITOR DE MARCHA DE 2.5 MFD, 450 VAC', 'C/U', '3.00', '0.00', 'Materiales Eléctrico', '2022-02-11'),
(62, 70120231, 32121502, 'CAPACITOR DE MARCHA DE 4.5 MFD, 450 VAC', 'C/U', '2.00', '0.00', 'Materiales Eléctrico', '2022-02-11'),
(63, 70120234, 32121502, 'CAPACITOR DE ARRANQUE DE 130-156 MFD, 220 V', 'C/U', '12.00', '0.00', 'Materiales Eléctrico', '2022-02-11'),
(64, 70120238, 32121502, 'CAPACITOR DE ARRANQUE DE 161-193 MDF 110-125 VAC', 'C/U', '11.00', '0.00', 'Materiales Eléctrico', '2022-02-11'),
(65, 70120245, 32121502, 'CAPACITOR DE ARRANQUE DE 161-193 MFD, 440 V', 'C/U', '6.00', '0.00', 'Materiales Eléctrico', '2022-02-24'),
(66, 70120247, 32121502, 'CAPACITOR DE ARRANQUE DE 189-227 MFD 370 VAC', 'C/U', '8.00', '0.00', 'Materiales Eléctrico', '2022-02-11'),
(67, 70121027, 40151607, 'COMPRESOR HERMETICO PARA AIRE ACONDICIONADO DE 12,000 BTU/H, 208/230 VOLTIOS, MONOFASICO, 60 HZ.,  TIPO SCROLL, GAS ECOLOGICO  410-A, SEER 13 O  MAYOR', 'C/U', '1.00', '0.00', 'Materiales Eléctrico', '2022-03-03'),
(68, 70121081, 40161514, 'FILTRO DESHIDRATADOR PARA 7. 5 TONELADAS, DE /8, A SOLDAR', 'C/U', '12.00', '0.00', 'Herramientas y Repuestos', '2022-02-11'),
(69, 70121047, 40151607, 'COMPRESOR HERMETICO DE 1/3 H. P., 120 VOLTIOS, REFRIGERANTE 134A, ENFRIADO POR AIRE, CON KIT DE ARRANQUE', 'C/U', '3.00', '0.00', 'Materiales Eléctrico', '2022-03-03'),
(70, 70120254, 32121502, 'CAPACITOR DE MARCHA DE 60 MFD, (370-440) VAC', 'C/U', '16.00', '0.00', 'Materiales Eléctrico', '2022-02-11'),
(71, 70121088, 40161514, 'FILTRO DESHIDRATADOR 3/8 A ROSCAR FLARE', 'cto', '3.00', '0.00', 'Herramientas y Repuestos', '2022-02-11'),
(72, 70121089, 40161514, 'FILTRO DESHIDRATADOR 1/4 A ROSCAR FLARE', 'C/U', '2.00', '0.00', 'Herramientas y Repuestos', '2022-02-11'),
(73, 70121091, 40161514, 'FILTRO DESHIDRATADOR 3/4 A ROSCAR FLARE', 'C/U', '1.00', '0.00', 'Herramientas y Repuestos', '2022-02-11'),
(74, 70121092, 40161514, 'FILTRO DESHIDRATADOR 5/8 A ROSCAR, FLARE', 'C/U', '20.00', '0.00', 'Herramientas y Repuestos', '2022-02-11'),
(75, 70121095, 40161514, 'FILTRO DESHIDRATADOR DE 1/2? A SOLDAR', 'C/U', '3.00', '0.00', 'Herramientas y Repuestos', '2022-02-11'),
(76, 70121115, 41112209, 'TERMOSTATO DE PARED PARA AIRE ACONDICIONADO, 24 VAC', 'C/U', '5.00', '0.00', 'Materiales Eléctrico', '2022-02-11'),
(77, 70121127, 41112209, 'TERMOSTATO PARA CUARTO FRIO, ANALOGO', 'C/U', '1.00', '0.00', 'Materiales Eléctrico', '2022-02-11'),
(78, 70121142, 39121523, 'TIMER RETARDADOR DE 0-8 MINUTOS', 'C/U', '15.00', '0.00', 'Materiales Eléctrico', '2022-02-11'),
(79, 70121178, 0, 'PROTECTOR DE FASE/VOLTAJE MONOFASICO, DIGITAL', 'C/U', '1.00', '0.00', 'Materiales Eléctrico', '2022-02-11'),
(80, 70121180, 39121523, 'RELAY FAN PARA AIRE ACONDICIONADO, 24 VOLTIOS, 1 PASO', 'C/U', '6.00', '0.00', 'Materiales Eléctrico', '2022-02-11'),
(81, 70121497, 39122219, 'SWITCH DE NIVEL FLOTADOR PARA CISTERNAS Y TANQUES', 'C/U', '1.00', '0.00', 'Materiales Eléctrico', '2022-02-11'),
(82, 70121599, 47131805, 'JABON LIMPIADOR DE SERPENTINES DE AIRE ACONDICIONADO', 'C/U', '2.00', '0.00', 'Químico', '2022-02-25'),
(83, 70121654, 0, 'CONTROL DE PRESION MODULANTE (VAPOR),MARCA HONEYWELL, L91A', 'C/U', '1.00', '0.00', 'Herramientas y Repuestos', '2022-02-11'),
(84, 70121708, 0, 'MEDIDOR DE FLUJO DE COMBUSTIBLE, DIGITAL', 'C/U', '0.00', '0.00', 'Herramientas y Repuestos', '2022-02-11'),
(85, 70140024, 31162903, 'ABRAZADERA DE ACERO INOXIDABLE SIN FIN PARA MANGUERA DE 3/8', 'C/U', '0.00', '0.00', 'Minerales Metálico', '2022-02-11'),
(86, 70140025, 31162903, 'ABRAZADERA DE ACERO INOXIDABLE SIN FIN PARA MANGUERA DE 5/8', 'C/U', '44.00', '0.00', 'Minerales Metálico', '2022-02-11'),
(87, 70140026, 31162903, 'ABRAZADERA DE ACERO INOXIDABLE SIN FIN PARA MANGUERA DE 1', 'C/U', '6.00', '0.00', 'Minerales Metálico', '2022-02-11'),
(88, 70140027, 31162903, 'ABRAZADERA DE ACERO INOXIDABLE SIN FIN PARA MANGUERA DE 1 1/2', 'C/U', '25.00', '0.00', 'Minerales Metálico', '2022-02-11'),
(89, 70140028, 31162903, 'ABRAZADERA DE ACERO INOXIDABLE SIN FIN PARA MANGUERA DE 2', 'C/U', '20.00', '0.00', 'Minerales Metálico', '2022-02-11'),
(90, 70140070, 31162903, 'ABRAZADERA DE ACERO INOXIDABLE SIN FIN 3/4\"', 'C/U', '30.00', '0.00', 'Minerales Metálico', '2022-02-11'),
(91, 70150073, 25174009, 'FAJA INDUSTRIAL No. A38', 'C/U', '55.00', '0.00', 'Cuero y Caucho', '2022-02-11'),
(92, 70150139, 25174009, 'FAJA SPA- 3182 PARA LAVADORA', 'C/U', '10.00', '0.00', 'Cuero y Caucho', '2022-05-18'),
(93, 70150198, 39121032, 'TRANSFORMADOR 100 VA', 'C/U', '1.00', '0.00', 'Materiales Eléctrico', '2022-02-11'),
(94, 70150208, 39122243, 'MICRO SWITCH DE FINAL DE CARRERA', 'C/U', '1.00', '0.00', 'Materiales Eléctrico', '2022-02-11'),
(95, 70150547, 31171556, 'RODAMIENTO (BALERO) 6202 2Z', 'C/U', '1.00', '0.00', 'Herramientas y Repuestos', '2022-02-11'),
(96, 70150551, 31171556, 'RODAMIENTO (BALERO) 6205 2RSC3', 'C/U', '1.00', '0.00', 'Herramientas y Repuestos', '2022-02-11'),
(97, 70150563, 31171556, 'RODAMIENTO (BALERO) 6305 RS', 'C/U', '2.00', '0.00', 'Herramientas y Repuestos', '2022-02-11'),
(98, 70150580, 72154072, 'BOTONERA DE PARO DE EMERGENCIA', 'C/U', '2.00', '0.00', 'Materiales Eléctrico', '2022-02-11'),
(99, 70154063, 25174009, 'FAJA A63', 'C/U', '3.00', '0.00', 'Cuero y Caucho', '2022-02-11'),
(100, 70154142, 25174009, 'FAJA A42', 'C/U', '61.00', '0.00', 'Cuero y Caucho', '2022-02-11'),
(101, 70154144, 25174009, 'FAJA A44', 'C/U', '4.00', '0.00', 'Cuero y Caucho', '2022-02-11'),
(102, 70154416, 25174009, 'FAJA AX 36', 'C/U', '21.00', '0.00', 'Cuero y Caucho', '2022-02-11'),
(103, 70154422, 25174009, 'FAJAS    FAJA AP-74 EN V', 'C/U', '4.00', '0.00', 'Cuero y Caucho', '2022-05-18'),
(104, 70154424, 24100000, 'FAJA 3V 710 EN V', 'cto', '6.00', '0.00', 'Cuero y Caucho', '2022-05-18'),
(105, 70154510, 25174009, 'FAJA AX 40', 'C/U', '84.00', '0.00', 'Cuero y Caucho', '2022-02-11'),
(106, 70170007, 31162702, 'RODO GIRATORIO DE 60 MILIMETROS (2 PULG)', 'C/U', '6.00', '0.00', 'Herramientas y Repuestos', '2022-05-17'),
(107, 70170019, 31162702, 'RODO GIRATORIO DE 125 MILIMETROS (O SUEQUIVALENTE EN PULGADAS)', 'C/U', '26.00', '0.00', 'Herramientas y Repuestos', '2022-02-11'),
(108, 70170060, 31162702, 'RODO FIJO DE 60 MILIMETROS ( O SU EQUIVALENTE EN PULGADAS)', 'C/U', '31.00', '0.00', 'Herramientas y Repuestos', '2022-02-11'),
(109, 70170069, 31162702, 'RODO FIJO DE 125 MILIMETROS (5 PULGADAS)', 'C/U', '26.00', '0.00', 'Herramientas y Repuestos', '2022-02-11'),
(110, 70170100, 31162702, 'RUEDA DE HULE DE 80 ', 'C/U', '6.00', '0.00', 'Herramientas y Repuestos', '2022-05-17'),
(111, 70205062, 26121634, 'CABLE THHN NO 12 AWG, MILIMETROS ( 3 PLG)', 'mts', '325.00', '0.00', 'Materiales Eléctrico', '2022-02-11'),
(112, 70189075, 45121518, 'CABLE DE AUDIO MINI JACK 3,5 MM TRRS  (CABLE PLANO P/TELEFONO', 'C/U', '100.00', '0.00', 'Materiales Eléctrico', '2022-05-17'),
(113, 70190804, 25170000, 'LLANTA PARA BICICLETA 24 X 2.125', 'C/U', '6.00', '0.00', 'Cuero y Caucho', '2022-02-11'),
(114, 70190806, 25170000, 'LLANTA PARA BICICLETA 26 X 2.125', 'C/U', '11.00', '0.00', 'Cuero y Caucho', '2022-02-11'),
(115, 70190825, 25170000, 'TUBO PARA BICICLETA 24 X 1.90 X 2.125', 'C/U', '27.00', '0.00', 'Cuero y Caucho', '2022-02-11'),
(116, 70190826, 0, 'TUBO DE BICICLETA DE 26', 'C/U', '14.00', '0.00', 'Cuero y Caucho', '2022-02-11'),
(117, 70190830, 0, 'PARCHE PARA NEUMATICO DE BICICLETA,CAJA', 'C/U', '120.00', '0.00', 'Cuero y Caucho', '2022-02-11'),
(118, 70191288, 99999, 'FILTRO DE COMBUSTIBLE DIESEL 50 PSI FILL RITE F2920', 'C/U', '5.00', '0.00', 'Herramientas y Repuestos', '2022-05-17'),
(119, 70205006, 31152209, 'ALAMBRE DE COBRE No. 2 DESNUDO', 'mts', '30.00', '0.00', 'Materiales Eléctrico', '2022-02-24'),
(120, 70205036, 26121634, 'CABLE THHN NO 2 AWG, COLOR NEGRO', 'mts', '80.00', '0.00', 'Materiales Eléctrico', '2022-02-11'),
(121, 70205037, 26121634, 'CABLE THHN No. 4 AWG, COLOR NEGRO', 'mts', '40.00', '0.00', 'Materiales Eléctrico', '2022-02-11'),
(122, 70205042, 26121634, 'CABLE THHN No. 6 AWG, COLOR ROJO', 'mts', '70.00', '0.00', 'Materiales Eléctrico', '2022-02-11'),
(123, 70205043, 26121634, 'CABLE THHN No. 6 AWG, COLOR NEGRO', 'mts', '80.00', '0.00', 'Materiales Eléctrico', '2022-02-11'),
(124, 70205044, 26121634, 'CABLE THHN No. 6 AWG, COLOR BLANCO', 'mts', '82.00', '0.00', 'Materiales Eléctrico', '2022-02-11'),
(125, 70205048, 26121634, 'CABLE THHN No. 8 AWG, COLOR ROJO', 'mts', '100.00', '0.00', 'Materiales Eléctrico', '2022-02-11'),
(126, 70205049, 26121634, 'CABLE THHN No. 8 AWG, COLOR NEGRO', 'mts', '170.00', '0.00', 'Materiales Eléctrico', '2022-02-11'),
(127, 70205050, 26121634, 'CABLE THHN No. 8 AWG, COLOR BLANCO', 'mts', '150.00', '0.00', 'Materiales Eléctrico', '2022-02-11'),
(128, 70205054, 26121634, 'CABLE THHN No.10 AWG, COLOR ROJO', 'mts', '50.00', '0.00', 'Materiales Eléctrico', '2022-05-23'),
(129, 70205055, 26121634, 'CABLE THHN No. 10 AWG, COLOR NEGRO', 'mts', '50.00', '0.00', 'Materiales Eléctrico', '2022-02-11'),
(130, 70205056, 26121634, 'CABLE THHN No. 10 AWG, COLOR BLANCO', 'mts', '50.00', '0.00', 'Materiales Eléctrico', '2022-02-11'),
(131, 70205057, 26121634, 'CABLE THHN No.10 AWG, COLOR AZUL', 'mts', '150.00', '0.00', 'Materiales Eléctrico', '2022-02-11'),
(132, 70205058, 26121634, 'CABLE THHN NO 10 AWG, COLOR VERDE', 'mts', '0.00', '0.00', 'Materiales Eléctrico', '2022-02-11'),
(133, 70205060, 26121634, 'CABLE THHN No. 12 AWG, COLOR ROJO', 'mts', '175.00', '0.00', 'Materiales Eléctrico', '2022-02-11'),
(134, 70205061, 26121634, 'CABLE THHN NO 12 AWG, COLOR NEGRO', 'mts', '30.00', '0.00', 'Materiales Eléctrico', '2022-02-11'),
(135, 70205130, 39121602, 'DADO TERMICO DE 20 AMPERIOS,1 DE POLO DE PRIMERA CALIDAD, IGUAL O COMPATIBLE CON LA MARCA GENERAL ELECTRIC', 'C/U', '6.00', '0.00', 'Materiales Eléctrico', '2022-05-17'),
(136, 70205135, 39121602, 'DADO TERMICO DE 50 AMPERIOS, 1 POLO DE PRIMERA CALIDAD, IGUAL O COMPATIBLE CON LA MARCA GENERAL ELECTRI', 'C/U', '10.00', '0.00', 'Materiales Eléctrico', '2022-02-11'),
(137, 70205140, 39121602, 'DADO TERMICO DE 50 AMPERIOS, 2 POLOS DE PRIMERA CALIDAD', 'C/U', '2.00', '0.00', 'Materiales Eléctrico', '2022-02-11'),
(138, 70205141, 39121602, 'DADO TERMICO DE 100 AMPERIOS, 2 POLOS DE PRIMERA CALIDAD, IGUAL O COMPATIBLE CON LA MARCA GENERA', 'C/U', '3.00', '0.00', 'Materiales Eléctrico', '2022-02-11'),
(139, 70205063, 26121634, 'CABLE THHN NO 12 AWG, COLOR VERDE', 'mts', '100.00', '0.00', 'Materiales Eléctrico', '2022-02-11'),
(140, 70205066, 26121634, 'CABLE THHN No. 14 AWG, COLOR ROJO', 'mts', '189.00', '0.00', 'Materiales Eléctrico', '2022-02-11'),
(141, 70205075, 26121634, 'CABLE TNM NO 10/2', 'mts', '30.00', '0.00', 'Materiales Eléctrico', '2022-02-11'),
(142, 70205076, 26121634, 'CABLE TNM No. 12/2', 'mts', '9.00', '0.00', 'Materiales Eléctrico', '2022-02-11'),
(143, 70205085, 26121634, 'CABLE TNM No. 10/3', 'mts', '295.00', '0.00', 'Materiales Eléctrico', '2022-02-11'),
(144, 70205086, 26121634, 'CABLE TNM No. 12/3', 'mts', '240.00', '0.00', 'Materiales Eléctrico', '2022-02-11'),
(145, 70205089, 26121634, 'CABLE ELECTRICO TSJ 12/2 (VULCAN)', 'mts', '204.00', '0.00', 'Materiales Eléctrico', '2022-02-11'),
(146, 70205090, 26121634, 'CABLE ELECTRICO TSJ 14/2 (VULCAN)', 'mts', '232.00', '0.00', 'Materiales Eléctrico', '2022-02-11'),
(147, 70205092, 26121634, 'CABLE ELECTRICO TSJ 6/3 (VULCAN)', 'mts', '12.00', '0.00', 'Materiales Eléctrico', '2022-02-11'),
(148, 70205093, 26121634, 'CABLE ELECTRICO TSJ 14/3 (VULCAN)', 'mts', '435.00', '0.00', 'Materiales Eléctrico', '2022-02-11'),
(149, 70205094, 26121634, 'CABLE ELECTRICO TSJ 10/3 (VULCAN)', 'mts', '12.00', '0.00', 'Materiales Eléctrico', '2022-02-11'),
(150, 70205097, 26121634, 'CABLE ELECTRICO TSJ 12/3 (VULCAN)', 'mts', '96.00', '0.00', 'Materiales Eléctrico', '2022-02-11'),
(151, 70205099, 26121634, 'CABLE DUPLEX No. 12', 'mts', '95.00', '0.00', 'Materiales Eléctrico', '2022-02-11'),
(152, 70205100, 26121634, 'CABLE DUPLEX NO. 14', 'mts', '122.00', '0.00', 'Materiales Eléctrico', '2022-02-11'),
(153, 70205105, 26121634, 'CABLE DUPLEX NO. 10', 'mts', '20.00', '0.00', 'Materiales Eléctrico', '2022-02-11'),
(154, 70205125, 26121634, 'CABLE PORTAELECTRODOPARA SOLDAR PAWC 4 AWG', 'mts', '21.00', '0.00', 'Herramientas y Repuestos', '2022-02-11'),
(155, 70205126, 26121634, 'CABLE PARA BOCINA  ', 'mts', '217.00', '0.00', 'Materiales Eléctrico', '2022-02-11'),
(156, 70205140, 39121602, 'DADO TERMICO DE 50 AMPERIOS, 2 POLOS DE PRIMERA CALIDAD', 'C/U', '2.00', '0.00', 'Materiales Eléctrico', '2022-02-11'),
(157, 70205144, 39121640, 'DADO TERMICO DE 40 AMPERIOS, 3 POLOS DE PRIMERA CALIDAD, IGUAL  O COMPATIBLE CON LA MARCA GENERAL ELECTRIC', 'C/U', '9.00', '0.00', 'Materiales Eléctrico', '2022-02-11'),
(158, 70205149, 39121640, ' MARCA GENERALDADO TERMICO DE 40 AMP, 2 POLOS DE PRIMERA CALIDAD, IGUAL O COMPATIBLE CON LA ELECTRIC', 'C/U', '10.00', '0.00', 'Materiales Eléctrico', '2022-02-11'),
(159, 70205156, 39121602, 'DADO TERMICO DE 30 AMPERIOS, 3 POLOS DE PRIMERA CALIDAD,IGUAL O COMPATIBLE CON LA MARCA GENERAL ELECTRIC', 'C/U', '9.00', '0.00', 'Materiales Eléctrico', '2022-02-11'),
(160, 70205157, 39121529, 'DADO TERMICO DE 100 AMPERIOS, 3 POLOS DE PRIMERA CALIDAD, IGUAL O COMPATIBLE CON LA MARCA GENERAL ELECTRIC', 'C/U', '5.00', '0.00', 'Materiales Eléctrico', '2022-02-11'),
(161, 70205152, 39121602, 'DADO TERMICO DE 30 AMPERIOS, 2 POLOS DE PRIMERA CALIDAD, IGUAL O COMPATIBLE CON LA MARCA GENERAL ELECTRIC', 'C/U', '5.00', '0.00', 'Materiales Eléctrico', '2022-02-11'),
(162, 70205148, 39121602, 'DADO TERMICO DE 40 AMPERIOS, 1 POLOS DE PRIMERA CALIDAD, IGUAL O COMPATIBLE CON LA MARCA GENERAL ELECTRIC', 'C/U', '62.00', '0.00', 'Materiales Eléctrico', '2022-02-11'),
(163, 70205170, 39121303, 'CAJA TERMICA DE 4 CIRCUITOS, 2 POLOS, 240 VOLTIOS, IGUAL O COMPATIBLE CON LA MARCA GENERAL ELECTRIC', 'C/U', '9.00', '0.00', 'Materiales Eléctrico', '2022-02-11'),
(164, 70205190, 39121303, 'CAJA RECTANGULAR DE PVC 4 X 2', 'C/U', '250.00', '0.00', 'Materiales Eléctrico', '2022-02-11'),
(165, 70205158, 39121602, 'DADO TERMICO DE 50 AMPERIOS, 3 POLOS DE PRIMERA CALIDAD,IGUAL O COMPATIBLE CON LA MARCA GENERAL ELECTRIC', 'C/U', '5.00', '0.00', 'Materiales Eléctrico', '2022-02-11'),
(166, 70205192, 39121309, 'CAJA OCTAGONAL PVC', 'C/U', '9.00', '0.00', 'Materiales Eléctrico', '2022-02-11'),
(167, 70205193, 39121304, 'TAPADERA PARA CAJA OCTAGONAL', 'C/U', '115.00', '0.00', 'Materiales Eléctrico', '2022-02-11'),
(168, 70205215, 39121303, 'CAJA TERMICA MONOFASICA DE 12 CIRCUITOS, 2 POLOS, NEMA 3R, 120/240 VOLTIOS', 'C/U', '1.00', '0.00', 'Materiales Eléctrico', '2022-02-11'),
(169, 70205222, 39101801, 'BOMBILLO PARA LAMPARA DE MERCURIO DE 175W, 220 VOLTIOS.', 'C/U', '15.00', '0.00', 'Materiales Eléctrico', '2022-02-11'),
(170, 70205223, 39111810, 'FOTOCELDA PARA LAMPARA DE MERCURIO DE 175W, 220 VOLTIOS', 'C/U', '15.00', '0.00', 'Materiales Eléctrico', '2022-02-11'),
(171, 70205227, 39101801, 'FOCO AHORRADOR DE ENERGIA DE 25 WATTS, 110 VOLTIOS', 'C/U', '17.00', '0.00', 'Materiales Eléctrico', '2022-02-11'),
(172, 70205231, 39101605, 'TUBO FLUORESCENTE DE 15 WATTS, 120 VOLTIOS', 'C/U', '51.00', '0.00', 'Materiales Eléctrico', '2022-02-11'),
(173, 70205232, 39101605, 'TUBO FLUORESCENTE DE 17 WATTS, 120 VOLTIOS', 'C/U', '77.00', '0.00', 'Materiales Eléctrico', '2022-02-11'),
(174, 70205233, 39101605, 'TUBO FLUORESCENTES DE 20 WATTS, 120 VOLTIOS', 'C/U', '130.00', '0.00', 'Materiales Eléctrico', '2022-02-11'),
(175, 70205236, 39101605, 'TUBO FLUORESCENTE DE 55 WATTS, 120 VOLTIOS', 'C/U', '18.00', '0.00', 'Materiales Eléctrico', '2022-02-11'),
(176, 70205237, 39101605, 'TUBO FLUORESCENTE DE 40 WATTS, 120 VOLTIOS', 'C/U', '33.00', '0.00', 'Materiales Eléctrico', '2022-02-11'),
(177, 70205242, 39101801, 'FOCO CORRIENTE DE 60 WATTS', 'cto', '49.00', '0.00', 'Materiales Eléctrico', '2022-02-11'),
(178, 70205250, 39101901, 'BALASTRO DE 2X40W, 120 VOLTIOS, RAPID STAR', 'C/U', '34.00', '0.00', 'Materiales Eléctrico', '2022-02-11'),
(179, 70205252, 39101901, 'BALASTRO ELECTRONICO DE 1X20 W, 120 VOLTIOS.', 'C/U', '72.00', '0.00', 'Materiales Eléctrico', '2022-02-11'),
(180, 70205259, 39101901, 'BALASTRO ELECTRONICO DE 2X32 W, 120 VOLTIOS', 'C/U', '8.00', '0.00', 'Materiales Eléctrico', '2022-02-11'),
(181, 70205284, 39121406, 'RECEPTACULO DE BAQUELITA FIJO', 'C/U', '34.00', '0.00', 'Materiales Eléctrico', '2022-02-11'),
(182, 70205288, 39120000, 'SOPORTE PARA LAMPARA C/U FLOURESCENTE TIPO RIEL', 'C/U', '29.00', '0.00', 'Materiales Eléctrico', '2022-02-11'),
(183, 70205295, 39121308, 'TOMACORRIENTE HEMBRA TIPO DADO, POLARIZADO', 'C/U', '34.00', '0.00', 'Materiales Eléctrico', '2022-03-11'),
(184, 70205296, 39121308, 'TOMACORRIENTE HEMBRA, DOBLE, POLARIZADO', 'C/U', '134.00', '0.00', 'Herramientas y Repuestos', '2022-02-24'),
(185, 70205297, 39121308, 'TOMACORRIENTE HEMBRA , 220 VOLTIOS, 50 AMPERIOS', 'C/U', '8.00', '0.00', 'Materiales Eléctrico', '2022-02-28'),
(186, 70205300, 39121308, 'TOMA CORRIENTE HEMBRA PARA VOLTIOS 50 AMPERIOS', 'C/U', '8.00', '0.00', 'Materiales Eléctrico', '2022-02-11'),
(187, 70205301, 39121308, 'TOMA CORRIENTE  HEMBRA PARA EMPOTRAR, DE SEGURIDAD, 220 VOLTIOS 50 AMPERIOS, L630R TIPO NEMA', 'C/U', '0.00', '0.00', 'Materiales Eléctrico', '2022-06-07'),
(188, 70205310, 39121308, 'TOMA CORRIENTE HEMBRA, DOBLE, POLARIZADO, GRADO HOSPITALARIO, 125 VOLTIOS, 15 AMPERIOS', 'C/U', '5.00', '0.00', 'Materiales Eléctrico', '2022-02-11'),
(189, 70205312, 39121308, 'TOMA CORRIENTE HEMBRA , 220 VOLTIOS, 30 AMPERIOS INCLUYE PLACA', 'C/U', '4.00', '0.00', 'Materiales Eléctrico', '2022-02-11'),
(190, 70205319, 39121308, 'TOMA CORRIENTE MACHO, TIPO CHINO DE 15 AMPERIOS', 'C/U', '66.00', '0.00', 'Materiales Eléctrico', '2022-02-11'),
(191, 70205320, 39121308, 'TOMA CORRIENTE MACHO, TIPO CHINO DE 20 AMPERIOS', 'C/U', '8.00', '0.00', 'Materiales Eléctrico', '2022-02-11'),
(192, 70205328, 39121308, 'TOMA CORRIENTE HEMBRA, 220 VOLTIOS, TIPO CHINO 15 AMPERIOS.', 'C/U', '28.00', '0.00', 'Materiales Eléctrico', '2022-03-14'),
(193, 70205329, 39121308, 'TOMA CORRIENTE HEMBRA A 220 VOLTIOS, TIPO CHINO 20 AMPERIOS', 'C/U', '3.00', '0.00', 'Materiales Eléctrico', '2022-03-14'),
(194, 70205331, 39121302, 'PLACA DOBLE  DE BAQUELITA (PARA TOMA POLARIZADO)', 'C/U', '30.00', '0.00', 'Materiales Eléctrico', '2022-02-11'),
(195, 70205338, 39121302, 'PLACA SENCILLA METALICA', 'C/U', '0.00', '0.00', 'Materiales Eléctrico', '2022-06-07'),
(196, 70205344, 39111810, 'INTERRUPTOR SENCILLO  INTEGRADO DE PRIMERA CALIDAD', 'C/U', '106.00', '0.00', 'Materiales Eléctrico', '2022-02-11'),
(197, 70205345, 39111810, 'INTERRUPTOR DOBLE INTEGRADO DE PRIMERA CALIDAD', 'C/U', '10.00', '0.00', 'Materiales Eléctrico', '2022-05-23'),
(198, 70205357, 70205357, 'SWITCH SUPERFICIAL PARA TIMBRE', 'C/U', '8.00', '0.00', 'Materiales Eléctrico', '2022-02-11'),
(199, 70205359, 0, 'TIMBRE A 110 VOLTIOS DIFUSOR ACRÍLICO TIPODIAMANTE PARA LÁMPARA DE 4x2 PI', 'C/U', '5.00', '0.00', 'Materiales Eléctrico', '2022-02-11'),
(200, 70205362, 39122251, 'SWITCH SUPERFICIAL DE 10A, 125 VAC FUSIBLE PARA ALTA TENSION DE 10 AMPERIOS, TIPO K', 'C/U', '20.00', '0.00', 'Materiales Eléctrico', '2022-02-11'),
(201, 70205421, 39121432, 'TERMINAL DE BANDERA 12-10', 'C/U', '40.00', '0.00', 'Materiales Eléctrico', '2022-05-26'),
(202, 70205428, 39121432, 'TERMINAL DE OJO No. 8', 'C/U', '12.00', '0.00', 'Materiales Eléctrico', '2022-02-11'),
(203, 70205429, 39120000, 'TERMINAL DE OJO No. 10', 'C/U', '206.00', '0.00', 'Materiales Eléctrico', '2022-02-11'),
(204, 70205434, 9999, 'BARRA COPERWELL DE 5/8 X 2 CON CEPO', 'C/U', '2.00', '0.00', 'Materiales  Eléctrico', '2022-03-14'),
(205, 70205778, 39121434, 'CONECTOR RECTO PARA 5/8 X 2 CON CEPO', 'C/U', '60.00', '0.00', 'Materiales Eléctrico', '2022-02-11'),
(206, 70205453, 39121434, 'CONECTOR RECTO DE 1/2 METALICO', 'C/U', '6.00', '0.00', 'Materiales Eléctrico', '2022-02-11'),
(207, 70205456, 39120000, 'CONECTOR RECTO DE 3/4, METALICO', 'C/U', '80.00', '0.00', 'Materiales Eléctrico', '2022-02-11'),
(208, 70205459, 39121434, 'CONECTOR RECTO DE 1 METALICO', 'C/U', '44.00', '0.00', 'Materiales Eléctrico', '2022-02-11'),
(209, 70205490, 31231313, 'ELECTRICO POLIDUCTO DE 1/2', 'mts', '50.00', '0.00', 'Materiales Eléctrico', '2022-03-11'),
(210, 70205499, 39131601, 'TECNODUCTO DE 3/4\"', 'mts', '35.00', '0.00', 'Materiales Eléctrico', '2022-02-23'),
(211, 70205500, 39131601, 'TECNODUCTO DE 1', 'mts', '100.00', '0.00', 'Materiales Eléctrico', '2022-05-23'),
(212, 70205521, 39121705, 'GRAPA PLASTICA PARA TNM 12/3', 'C/U', '100.00', '0.00', 'Materiales Eléctrico', '2022-02-11'),
(213, 70205522, 39121705, 'GRAPA PLASTICA PARA TNM 10/3', 'C/U', '173.00', '0.00', 'Materiales Eléctrico', '2022-02-11'),
(214, 70205530, 39121705, 'GRAPA PLASTICA PARA TNM 12/2', 'C/U', '37.00', '0.00', 'Materiales Eléctrico', '2022-02-11'),
(215, 70205531, 39121705, 'GRAPA PLASTICA PARA TNM 14/2', 'C/U', '85.00', '0.00', 'Materiales Eléctrico', '2022-02-11'),
(216, 70205570, 31201502, 'CINTA AISLANTE PVC 19 mm x 20 ydas x 0.177 mm, APROXIMADAMENTE, ROLLO', 'C/U', '104.00', '0.00', 'Materiales Eléctrico', '2022-02-11'),
(217, 70205572, 31201502, 'CINTA AISLANTE # 23, ROLLO', 'C/U', '21.00', '0.00', 'Materiales Eléctrico', '2022-02-11'),
(218, 70205575, 39121424, 'SCOTCHLOCK AZUL', 'C/U', '147.00', '0.00', 'Materiales Eléctrico', '2022-02-11'),
(219, 70205577, 39121424, 'SCOTCHLOCK ROJO', 'C/U', '82.00', '0.00', 'Materiales Eléctrico', '2022-02-11'),
(220, 70205603, 39121311, 'CUERPO TERMINAL DE 1', 'C/U', '0.00', '0.00', 'Materiales Eléctrico', '2022-02-11'),
(221, 70205626, 39121613, 'CEPO BIMETALICO NO. 1/0', 'C/U', '2.00', '0.00', 'Materiales Eléctrico', '2022-02-11'),
(222, 70205627, 39121613, 'CEPO BIMETALICO NO. 2/0', 'C/U', '2.00', '0.00', 'Materiales Eléctrico', '2022-02-11'),
(223, 70205687, 31162906, 'ABRAZADERA CONDUIT DE 2', 'C/U', '60.00', '0.00', 'Materiales Eléctrico', '2022-02-11'),
(224, 70205688, 31162906, 'ABRAZADERA CONDUIT DE 1 1/2', 'C/U', '24.00', '0.00', 'Materiales Eléctrico', '2022-02-11'),
(225, 70205690, 31162305, 'ABRAZADERA EMT DE 1 1/4\"', 'C/U', '19.00', '0.00', 'Materiales Eléctrico', '2022-02-11'),
(226, 70205693, 39121409, 'CONECTOR DE COMPRESION YPC2A8U', 'C/U', '24.00', '0.00', 'Materiales Eléctrico', '2022-05-18'),
(227, 70205744, 30101809, 'CEPO GALVANIZADO DE 1/4', 'C/U', '10.00', '0.00', 'Minerales Metálico', '2022-06-07'),
(228, 70205763, 46171608, 'SENSOR DE MOVIMIENTOCON SOCKET DOBLE, 180° CORAZA GALVANIZADA DE', 'C/U', '1.00', '0.00', 'Materiales Eléctrico', '2022-02-11'),
(229, 70205823, 26121616, 'CABLE TELEFONICO 2 PARES', 'mts', '340.00', '0.00', 'Materiales Eléctrico', '2022-02-11'),
(230, 70205825, 0, 'CABLE DE EXTENSION ENESPIRAL PARA AURICULAR', 'C/U', '103.00', '0.00', 'Materiales Eléctrico', '2022-02-11'),
(231, 70205826, 39121310, 'CAJA TELEFONICA MODULAR', 'C/U', '95.00', '0.00', 'Materiales Eléctrico', '2022-02-11'),
(232, 70205870, 39101609, 'LUMINARIA EMPOTRAR, PANEL LED 2 X 4, 60WATTS,100-227 VAC, 6500K, 4800 LUMENS', 'C/U', '0.00', '0.00', 'Materiales Eléctrico', '2022-05-23'),
(233, 70205880, 39101609, 'LUMINARIA LED DE ALTA EFICIENCIA PARA EXTERIORES, DE 50 WATTS, 100-277 VAC', 'C/U', '12.00', '0.00', 'Materiales Eléctrico', '2022-05-18'),
(234, 70205886, 39111705, 'TUBO LED DE 18 WATTS, T8, 120 VOLTIOS', 'C/U', '150.00', '0.00', 'Materiales Eléctrico', '2022-02-24'),
(235, 70206050, 11101716, 'ESTAÑO 60X40 CON RESINA DE 1 mm EN CARRETE DE 500', 'C/U', '3.00', '0.00', 'Materiales Eléctrico', '2022-02-11'),
(236, 70207003, 12142102, 'LIMPIADOR DE SISTEMA DE TUBERIA DE AIRE ACONDICIONADO', 'KG', '32.00', '0.00', 'Químico', '2022-02-11'),
(237, 70207022, 12142102, 'GAS REFRIGERANTE R410A,   (TAMBO DE 25 LIBRAS)', 'C/U', '5.00', '0.00', 'Químico', '2022-02-24'),
(238, 70207025, 12142102, 'GAS REFRIGERANTE SUVA  134-A (TAMBO DE 24 LIBRAS)', 'C/U ', '2.00', '0.00', 'Químico', '2022-05-23'),
(239, 70207026, 12142102, 'GAS REFRIGERANTE SUVA  134-A (FRASCO DE 1 Kg)', '-', '7.00', '0.00', 'Químico', '2022-02-11'),
(240, 70207046, 40171511, 'TUBO DE COBRE FLEXIBLE PIE DE 3/8', '-', '150.00', '0.00', 'Minerales Metálico', '2022-02-11'),
(241, 70207047, 40171511, 'TUBO DE COBRE FLEXIBLE PIE DE 7/8', '-', '40.00', '0.00', 'Minerales Metálico', '2022-02-11'),
(242, 70207049, 40171511, 'TUBO DE COBRE FLEXIBLE PIE DE 1/4\"', '-', '150.00', '0.00', 'Minerales Metálico', '2022-02-11'),
(243, 70207066, 40172103, 'CODO DE COBRE DE 1/2 X90', '-', '5.00', '0.00', 'Minerales Metálico', '2022-02-11'),
(244, 70207070, 40172103, 'CODO DE COBRE DE  3/4 X90', ' C/U ', '112.00', '0.00', 'Minerales Metálico', '2022-02-11'),
(245, 70207072, 40172103, 'CODO DE COBRE DE  1 X90', ' C/U ', '55.00', '0.00', 'Minerales Metálico', '2022-02-11'),
(246, 70207078, 40172103, 'CODO DE COBRE DE 2.1/8 X90', ' C/U ', '4.00', '0.00', 'Minerales Metálico', '2022-02-11'),
(247, 70207080, 40183103, 'CAMISA DE COBRE DE 3/4\"', 'C/U ', '16.00', '0.00', 'Minerales Metálico', '2022-02-11'),
(248, 70207090, 40183103, 'CAMISA DE COBRE DE 2-1/8', 'C/U ', '5.00', '0.00', 'Minerales Metálico', '2022-02-11'),
(249, 70207092, 40183103, 'CAMISA DE COBRE DE  1/2', 'C/U', '20.00', '0.00', 'Minerales Metálico', '2022-02-11'),
(250, 70207101, 31161722, 'TUERCAS DE BRONCE DE 1/4, FLARE', 'C/U', '34.00', '0.00', 'Minerales Metálico', '2022-02-11'),
(251, 70207106, 31161722, 'TUERCA DE BRONCE DE 5/8,  FLARE', 'C/U', '37.00', '0.00', 'Minerales Metálico', '2022-03-30'),
(252, 70207110, 31161722, 'TUERCAS DE BRONCE DE 3/8, FLARE', 'C/U', '15.00', '0.00', 'Minerales Metálico', '2022-02-11'),
(253, 70207126, 40183103, 'UNION DE BRONCE DE 5/8, FLARE', 'C/U', '3.00', '0.00', 'Minerales Metálico', '2022-02-11'),
(254, 70207143, 0, 'VISOR DE LIQUIDO 1/2', 'C/U', '4.00', '0.00', 'Herramientas y Repuestos', '2022-02-11'),
(255, 70207144, 0, 'VISOR DE LIQUIDO 3/8', 'C/U', '9.00', '0.00', 'Herramientas y Repuestos', '2022-02-11'),
(256, 70207145, 0, 'VISOR DE LIQUIDO 5/8', 'C/U', '14.00', '0.00', 'Herramientas y Repuestos', '2022-02-11'),
(257, 70207146, 0, 'VISOR DE LIQUIDO 7/8', 'C/U', '22.00', '0.00', 'Herramientas y Repuestos', '2022-02-11'),
(258, 70207147, 40141609, 'VALVULA DE PASO DE 3/8', 'C/U', '1.00', '0.00', 'Herramientas y Repuestos', '2022-02-11'),
(259, 70207148, 40141609, 'VALVULA DE PASO DE 5/8', 'C/U', '10.00', '0.00', 'Herramientas y Repuestos', '2022-02-11'),
(260, 70207155, 39100000, 'SOLDADURA DE BRONCE 1/8 (VARILLA)', 'C/U', '46.00', '0.00', 'Minerales Metálico', '2022-02-11'),
(261, 70207156, 23271804, 'SOLDADURA DE PLATA AL  5% (VARILLA)', 'C/U', '94.00', '0.00', 'Minerales Metálico', '2022-02-11'),
(262, 70207162, 31201503, 'CINTA ARNOLD PRIMERA CALIDAD, ROLLO', 'C/U', '34.00', '0.00', 'Materiales Eléctrico', '2022-02-11'),
(263, 70207670, 39121529, 'CONTACTOR ELECTROMECANICO, TRIFASICO, BOBINA 110 V', 'C/U', '2.00', '0.00', 'Materiales Eléctrico', '2022-02-11'),
(264, 70207683, 99999, 'TRAMPA DE VAPOR, TIPO TERMODINAMICA, DIAMETRO DE CONEXIÓN 3/, ROSCADA', 'C/U', '3.00', '0.00', 'Minerales Metálico', '2022-03-08'),
(265, 70207774, 99999, 'SAL INDUSTRIAL SIN YODO, PARA REGENERAR RESINA CATIONICA', 'Qq', '0.00', '0.00', 'Minerales no Metálico', '2022-03-25'),
(266, 70207781, 99999, 'PRODUCTO QUIMICO PARA TRATAMIENTO DEL AGUA EN CALDERAS, ANTI-INCRUSTANTE (245A)', 'Galon', '90.00', '0.00', 'Químico', '2022-03-01'),
(267, 70207782, 99999, 'PRODUCTO QUIMICO PARA TRATAMIENTO DEL AGUA EN CALDERAS, ANTICORROSIVO (310-A)', 'Galon', '30.00', '0.00', 'Químico', '2022-03-01'),
(268, 70207803, 41103311, 'MANOMETRO', 'C/U', '3.00', '0.00', 'Herramientas y Repuestos', '2022-02-11'),
(269, 70207860, 40141609, 'VALVULA DE GLOBO DE ACERO AL CARBONO, DIAMETRO 2 PARA AGUA', 'C/U', '6.00', '0.00', 'Minerales Metálico', '2022-03-08'),
(270, 70207979, 40141607, 'VALVULA DE BOLA, ESFERA O CIERRE RAPIDO, ACERO AL CARBONO, DIAMETRO 1/2', 'C/U', '1.00', '0.00', 'Minerales Metálico', '2022-03-08'),
(271, 70208043, 30161602, 'CAPOTE INTERMEDIO PARA LAMINA METALICA TROQUELADA', 'C/U', '7.00', '0.00', 'Minerales Metálico', '2022-03-11'),
(272, 70208067, 31161507, 'AUTORROSCANTE 3/4 X 5/16', 'C/U', '150.00', '0.00', 'Materiales Eléctrico', '2022-03-16'),
(273, 70208068, 31161507, 'TORNILLO AUTORROSCANTE 1', 'C/U', '4.00', '0.00', 'Minerales Metálico', '2022-03-15'),
(274, 70208080, 99999, 'MASILLA PARA TABLA ROCA', 'Galon', '25.00', '0.00', 'Minerales no Metálico', '2022-05-05'),
(275, 70208081, 31201604, 'CEMENTO ASFALTICO TAPAGOTERAS', 'Galon', '18.00', '0.00', 'Químico', '2022-03-29'),
(276, 70208083, 31201513, 'CINTA ANTIDESLIZANTE 50 mm DE ANCHO , ROLLO', 'C/U', '7.00', '0.00', 'Minerales no Metálico', '2022-02-11'),
(277, 70208086, 99999, 'IMPERMEABILIZANTE PARA CONCRETO', 'Galon', '10.00', '0.00', 'Químico', '2022-05-23'),
(278, 70208110, 30171703, 'CELOSÍA DE VIDRIO NEVADO DE 1 METR', 'C/U', '43.00', '0.00', 'Minerales no Metálico', '2022-02-24'),
(279, 70208115, 27111721, 'OPERADOR DE VENTANA', 'C/U', '1.00', '0.00', 'Herramientas y Repuestos', '2022-02-28'),
(280, 70208119, 30111601, 'CEMENTO PARA PISO CERAMICO ,BOLSA DE 20 KILOGRAMOS  ', 'C/U', '38.00', '0.00', 'Minerales no Metálico', '2022-02-24'),
(281, 70208120, 30111601, 'CEMENTO PORTLAND, BOLSA DE 42.5 KILOGRAMOS', 'C/U', '15.00', '0.00', 'Minerales no Metálico', '2022-02-24'),
(282, 70208300, 30161509, 'TABLA ROCA DE YESO PARA INTERIORES DE 1.22 METROS X 2.44 METROS X 1/2', 'C/U', '11.00', '0.00', 'Minerales no Metálico', '2022-03-29'),
(283, 70208307, 30151703, 'POSTE METÁLICO GALVANIZADO DE 3.05 METROS PARA TABLA ROC', 'C/U', '25.00', '0.00', 'Minerales Metálico', '2022-02-24'),
(284, 70208312, 31201510, 'CINTA PARA TABLA ROCA, USO INTERIORES,ROLLO', 'C/U', '1.00', '0.00', 'Minerales no Metálico', '2022-02-11'),
(285, 70208492, 30171514, 'BRAZO HIDRAULICO TIPO LIVIANO PARA CIERRE DE PUERTA', 'C/U', '1.00', '0.00', 'Herramientas y Repuestos', '2022-02-11'),
(286, 70208495, 30171514, 'BRAZO HIDRAULICO PARA CIERRE DE PUERTA', 'C/U', '8.00', '0.00', 'Herramientas y Repuestos', '2022-02-11'),
(287, 70208499, 31162801, 'CHAPA PARA GAVETA DE  ESCRITORIO TIPO PALETA', 'C/U', '8.00', '0.00', 'Herramientas y Repuestos', '2022-02-24'),
(288, 70208500, 31161606, 'CERRADURA PARA GAVETA', 'C/U', '30.00', '0.00', 'Herramientas y Repuestos', '2022-02-11'),
(289, 70208514, 31162801, 'CHAPA PARA PUERTA , CON APERTURA ELECTRICA, (INCLUYE ACCESORIOS)', 'C/U', '1.00', '0.00', 'Herramientas y Repuestos', '2022-02-11'),
(290, 70208520, 31162801, 'CHAPA DE PARCHE  DERECHA', 'C/U', '2.00', '0.00', 'Herramientas y Repuestos', '2022-02-11'),
(291, 70208521, 31162801, 'CHAPA DE PARCHE IZQUIERDA', 'C/U', '1.00', '0.00', 'Minerales Metálico', '2022-05-17'),
(292, 70208522, 31162801, 'CHAPA DE PIN DERECHA ', 'C/U', '2.00', '0.00', 'Herramientas y Repuestos', '2022-02-11'),
(293, 70208523, 31162801, 'CHAPA DE PIN IZQUIERDA ', 'C/U', '2.00', '0.00', 'Herramientas y Repuestos', '2022-02-11'),
(294, 70208527, 31162801, 'CHAPA CILÍNDRICA DE PALANCA CON LLAV', 'C/U', '13.00', '0.00', 'Herramientas y Repuestos', '2022-02-11'),
(295, 70208549, 46171501, 'CANDADO PARA INTERPERIE DE 30 MILIMETROS', 'C/U', '2.00', '0.00', 'Minerales Metálico', '2022-02-11'),
(296, 70208554, 46171501, 'CANDADO PARA INTERPERIE DE 60 MM', 'C/U', '5.00', '0.00', 'Minerales Metálico', '2022-02-11'),
(297, 70208581, 30161716, 'SEPARADOR PLASTICO DE 1/4, PARA CERAMICA', 'C/U', '750.00', '0.00', 'Herramientas y Repuestos', '2022-03-11'),
(298, 70208630, 0, 'PISO DE (33 X 33) CMS, PARA TRAFICO PESADO, VARIOS DISEÑOS Y COLORE', 'C/U', '430.00', '0.00', 'Minerales no Metálico', '2022-05-31'),
(299, 70208750, 30161602, 'LOSETA PARA CIELO FALSO, DE YESO, DE (4 X 2) PIES PERNO 1/2 X 2 CON ARANDERLA PLANA Y PRESION CABEZA LISA', 'C/U', '198.00', '0.00', 'Minerales no Metálico', '2022-05-30'),
(300, 70209066, 31161601, 'PERNO 5 1/16 X 1 1/2 ROSCA ORDINARIA', 'C/U', '12.00', '0.00', 'Minerales Metálico', '2022-02-11'),
(301, 70209069, 31161601, 'PERNO 5/16 X 2 ROSCA ORDINARIA', 'C/U', '46.00', '0.00', 'Minerales Metálico', '2022-02-11'),
(302, 70209073, 31161700, 'PERNO 5/16 X 3/4 TODO ROSCA', 'C/U', '42.00', '0.00', 'Minerales Metálico', '2022-02-11'),
(303, 70209280, 40173608, 'BUSHING REDUCTOR DE 1  1/2  A  1/2  PVC', 'C/U', '6.00', '0.00', 'Herramientas y Repuestos', '2022-05-05'),
(304, 70209283, 40173608, 'BUSHING REDUCTOR DE 3” A 1”', 'C/U', '6.00', '0.00', 'Minerales no Metálico', '2022-02-25'),
(305, 70209284, 40173608, 'BUSHING REDUCTOR DE 3” A 2”', 'C/U', '24.00', '0.00', 'Herramientas y Repuestos', '2022-02-25'),
(306, 70209286, 40175208, 'CODO PVC DE 1  1/2  X 45', 'C/U', '4.00', '0.00', 'Herramientas y Repuestos', '2022-05-05'),
(307, 70209289, 40142604, 'CODO PVC 2  1/2  X 45', 'C/U', '21.00', '0.00', 'Herramientas y Repuestos', '2022-03-03'),
(308, 70209295, 40175208, 'CODO PVC DE 3/4  1 BOCA CON ROSCA', 'C/U', '47.00', '0.00', 'Herramientas y Repuestos', '2022-03-01'),
(309, 70209296, 40175208, 'CODO PVC DE 1 X 90° CON ROSC', 'C/U', '31.00', '0.00', 'Minerales no Metálico', '2022-02-25'),
(310, 70209297, 40175208, 'CODO PVC DE 1 1/2 X 90° CON ROSC', 'C/U', '13.00', '0.00', 'Minerales no Metálico', '2022-02-25'),
(311, 70209299, 40142115, 'TUBERÍA DE 1 1 / DE 125 P.S.I DE P.V.C', 'mts', '5.00', '0.00', 'Herramientas y Repuestos', '2022-03-02'),
(312, 70209328, 9999, 'CAMISA DE 1  1/4   GALVANIZADO', 'C/U', '6.00', '0.00', 'Minerales Metálico', '2022-02-24'),
(313, 70209331, 99999, 'CODO GALVANIZADO DE 4” X ', 'C/U', '2.00', '0.00', 'Minerales Metálico', '2022-03-04'),
(314, 70209385, 40142305, 'REDUCTOR CAMPANA DE  1  1/4  A 1” GALVANIZA', 'C/U', '3.00', '0.00', 'Minerales Metálico', '2022-02-24'),
(315, 70209388, 40142305, 'REDUCTOR CAMPANA DE  2” A 1” GALVANI', 'C/U', '4.00', '0.00', 'Minerales Metálico', '2022-03-04'),
(316, 70209427, 40183104, 'TAPON MACHO DE 1  1/2  ', 'C/U', '23.00', '0.00', 'Herramientas y Repuestos', '2022-02-28'),
(317, 70208527, 31162801, 'CHAPA CILÍNDRICA DE PALANCA CON LLAV', 'C/U', '13.00', '0.00', 'Herramientas y ', '2022-02-11'),
(318, 70209519, 0, 'CAMISA GALVANIZADA DE 2  1/2', 'C/U', '3.00', '0.00', 'Minerales Metálico', '2022-02-24'),
(319, 70209654, 39121705, 'GRAPA PARA CABLE 16-2 ', 'C/U', '85.00', '0.00', 'Materiales Eléctrico', '2022-02-11'),
(320, 70209720, 39121602, 'DADO TERMICO DE 20 IGUAL O COMPATIBLE CON EL TIPO CHB, MARCA', 'C/U', '15.00', '0.00', 'Materiales Eléctrico', '2022-02-11'),
(321, 70209721, 39121602, 'DADO TERMICO DE 30 AMPERIOS, 1 POLO, IGUAL O COMPATIBLE CON EL TIPO CHB, MARCA CUTLER HAMMER', 'C/U', '3.00', '0.00', 'Materiales Eléctrico', '2022-02-11'),
(322, 70209719, 39121601, 'DADO TERMICO DE 15  AMPERIOS, 1 POLO, IGUAL O COMPATIBLE CON EL TIPO CHB, MARCA CUTLER HAMMER 2 1/2', 'C/U', '1.00', '0.00', 'Materiales Eléctrico', '2022-02-11'),
(323, 70209616, 0, 'FUSIBLE DE 10 AMP 250V', 'C/U', '66.00', '0.00', 'Materiales Eléctrico', '2022-02-11'),
(324, 70209618, 0, 'FUSIBLE DE 2 AMP 250V', 'C/U', '22.00', '0.00', 'Materiales Eléctrico', '2022-02-11'),
(325, 70209620, 0, 'FUSIBLE DE 3 AMP 250V', 'C/U', '28.00', '0.00', 'Materiales Eléctrico', '2022-02-11'),
(326, 70209622, 0, 'FUSIBLE DE 5 AMP 250V', 'C/U', '57.00', '0.00', 'Materiales Eléctrico', '2022-02-11'),
(327, 70209646, 0, 'FUSIBLE 250V 6 A', 'C/U', '1.00', '0.00', 'Materiales Eléctrico', '2022-02-11'),
(328, 70209746, 39121602, 'DADO TÉRMICO DE 40 AMPERIOS, 2 POLOS, MODELO BA', 'C/U', '0.00', '0.00', 'Materiales Eléctrico', '2022-06-07'),
(329, 70210041, 30103605, 'TABLONCILLO DE CEDRO DE 3 VARAS', 'C/U', '6.00', '0.00', 'Agropecuarios y Forestales', '2022-03-29'),
(330, 70210087, 30103605, 'TABLA DE CEDRO DE 3 VARAS', 'C/U', '12.00', '0.00', 'Agropecuarios y Forestales', '2022-03-29'),
(331, 70210139, 30103607, 'REGLA PACHA DE CEDRO DE 4 VARAS', 'C/U', '6.00', '0.00', 'Agropecuarios y Forestales', '2022-03-29'),
(332, 70210181, 30103601, 'CUARTON DE CEDRO DE 3 VARAS', 'C/U', '15.00', '0.00', 'Agropecuarios y Forestales', '2022-02-24'),
(333, 70210189, 30103607, 'COSTANERA DE PINO DE 3.5 VARAS', 'C/U', '0.00', '0.00', 'Agropecuarios y Forestales', '2022-03-29'),
(334, 70210211, 99999, 'COSTANERA DE CEDRO DE 3 VARAS', 'C/U', '18.00', '0.00', 'Agropecuarios y Forestales', '2022-02-24'),
(335, 70210280, 11122001, 'PLYWOOD BANACK CLASE B DE 4 pies X 8 pies X 3/8, PLIEGO', 'C/U', '6.00', '0.00', 'Agropecuarios y Forestales', '2022-03-29'),
(336, 70210283, 11122001, 'PLYWOOD BANACK CLASE B DE 4 pies X 8 pies X 3/4, PLIEGO', 'C/U', '0.00', '0.00', 'Agropecuarios y Forestales', '2022-03-29'),
(337, 70210289, 11122001, 'PLYWOOD BANACK CLASE B DE 4 PIES X 8 PIES X 1/4, PLIEGO', 'C/U', '0.00', '0.00', 'Agropecuarios y Forestales', '2022-03-29'),
(338, 70210292, 11122001, 'PLYWOOD BANACK CLASE B DE 4 pies X 8 Forestales pies X 1/2, PLIEGO', 'C/U', '5.00', '0.00', 'Agropecuarios y Forestales', '2022-03-29'),
(339, 70210315, 30103604, 'FORMICA COLOR BLANCO C/U BRILLANTE, PLIEGO', 'C/U', '0.00', '0.00', 'Agropecuarios y Forestales', '2022-03-25'),
(340, 70210350, 31191501, 'LIJA PARA MADERA NO.O, PLIEGO', 'C/U', '10.00', '0.00', 'Minerales no Metálico', '2022-03-29'),
(341, 70210356, 31191501, 'LIJA PARA MADERA No.36,PLIEGO', 'C/U', '27.00', '0.00', 'Minerales no Metálico', '2022-03-29'),
(342, 70210357, 31191501, 'LIJA PARA MADERA No. 50,PLIEGO', 'C/U', '30.00', '0.00', 'Minerales no Metálico', '2022-03-29'),
(343, 70210359, 31191501, 'LIJA PARA MADERA No. 80,PLIEGO', 'C/U', '40.00', '0.00', 'Minerales no Metálico', '2022-03-29'),
(344, 70210360, 31191501, 'LIJA PARA MADERA No. 100,PLIEGO', 'C/U', '92.00', '0.00', 'Minerales no Metálico', '2022-03-29'),
(345, 70210362, 31191501, 'LIJA PARA MADERA No. 150, PLIEGO', 'C/U', '61.00', '0.00', 'Minerales no Metálico', '2022-03-29'),
(346, 70210363, 31191501, 'LIJA PARA MADERA No. 180, PLIEGO', 'C/U', '32.00', '0.00', 'Minerales no Metálico', '2022-03-29'),
(347, 70210365, 31191501, 'LIJA PARA MADERA No. 220, PLIEGO', 'C/U', '10.00', '0.00', 'Minerales no Metálico', '2022-03-29'),
(348, 70210400, 31162801, 'HALADERA CROMADA DE 4', 'C/U', '18.00', '0.00', 'Herramientas y Repuestos', '2022-02-11'),
(349, 70210500, 31201610, 'PEGAMENTO PARA MADERA', 'Galon', '14.00', '0.00', 'Químico', '2022-02-25'),
(350, 70211000, 30181506, 'URINARIO COLOR BLANCO COMPLETO ESTÁNDA', 'C/U', '1.00', '0.00', 'Herramientas y Repuestos', '2022-03-29'),
(351, 70211005, 30181505, 'SANITARIO COLOR  BLANCO COMPLETO STANDARD', 'C/U', '3.00', '0.00', 'Herramientas y Repuestos', '2022-03-29'),
(352, 70211017, 30181809, 'SIFON AL PISO ROSCADO DE 1 1/2 P/FREGADERO DE P.V.C.', 'C/U', '18.00', '0.00', 'Herramientas y Repuestos', '2022-02-24'),
(353, 70211037, 40141613, 'VALVULA, TIPO COMPUERTA, BRONCE,125 PSI, DIAMETRO 2', 'C/U', '6.00', '0.00', 'Minerales Metálico', '2022-03-08'),
(354, 70211041, 40141643, 'VÁLVULA CHECK  HORIZONTAL 1 / 2', 'C/U', '1.00', '0.00', 'Minerales Metálico', '2022-03-09'),
(355, 70211049, 30181810, 'VÁLVULA PARA DUCHA DE 1 /2', 'C/U', '29.00', '0.00', 'Herramientas y Repuestos', '2022-02-28'),
(356, 70211050, 40141609, 'VÁLVULA DE CONTROL CROMADA DE 1 /2 AL PISO', 'C/U', '36.00', '0.00', 'Herramientas y Repuestos', '2022-05-05'),
(357, 70211051, 40141609, 'VÁLVULA DE CONTROL CROMADA DE 1 / 2A LA PARED', 'C/U', '88.00', '0.00', 'Herramientas y Repuestos', '2022-02-22'),
(358, 70211063, 30181810, 'MANECILLA PARA VÁLVULA PARA DUCH', 'C/U', '32.00', '0.00', 'Herramientas y Repuestos', '2022-03-02'),
(359, 70211064, 30181809, 'MANECILLA CROMADA PARA SERVICIO SANITARIO', 'C/U', '74.00', '0.00', 'Herramientas y Repuestos', '2022-02-24'),
(360, 70211066, 30181603, 'ASIENTO PLÁSTICO COLOR BLANCO PARA SANITARIO STANDAR', 'C/U', '11.00', '0.00', 'Herramientas y Repuestos', '2022-02-28'),
(361, 70211071, 40142020, 'TUBO DE ABASTO DE  ACERO INOXIDABLE PARA SANITARIO', 'C/U', '63.00', '0.00', 'Herramientas y Repuestos', '2022-02-11'),
(362, 70211109, 40142604, 'CODO LISO DE 4 X 90', 'C/U', '12.00', '0.00', 'Herramientas y Repuestos', '2022-02-25'),
(363, 70211073, 40142020, 'TUBO DE ABASTO DE ACERO INOXIDABLE PARA LAVAMANOS', 'C/U', '10.00', '0.00', 'Herramientas y Repuestos', '2022-02-11'),
(364, 70211074, 30181804, 'LLAVE DE 1 /2” CON  ROSCA PARA MANGUE', 'C/U', '28.00', '0.00', 'Herramientas y Repuestos', '2022-05-18'),
(365, 70211076, 30181804, 'LLAVE DE 1/2 CROMADO PARA LAVAMANOS 1a CALIDAD', 'C/U', '21.00', '0.00', 'Minerales Metálico', '2022-02-25'),
(366, 70211078, 30181804, 'LLAVE CUELLO DE GANSO AL PISO PARA FREGADERO', 'C/U', '63.00', '0.00', 'Herramientas y Repuestos', '2022-02-11'),
(367, 70211087, 30181809, 'SIFÓN HORIZONTAL DE 1 1/4 P.V.C', 'C/U', '10.00', '0.00', 'Herramientas y Repuestos', '2022-02-25'),
(368, 70211089, 4014719, 'ADAPTADOR MACHO DE 3 DE P.V.C.', 'C/U', '27.00', '0.00', 'Herramientas y Repuestos', '2022-02-25'),
(369, 70211091, 40141719, 'ADAPTADOR MACHO DE 3 /4  P. V. C', 'C/U', '83.00', '0.00', 'Herramientas y Repuestos', '2022-02-25'),
(370, 70211092, 40141719, 'ADAPTADOR MACHO DE 1 DE P.V.C', 'C/U', '217.00', '0.00', 'Herramientas y Repuestos', '2022-02-11'),
(371, 70211093, 40141719, 'ADAPTADOR MACHO DE 1.1 / 4  DE P.V.C', 'C/U', '53.00', '0.00', 'Herramientas y Repuestos', '2022-02-25'),
(372, 70211094, 40141719, 'ADAPTADOR MACHO DE 1. 1 / 2  DE P.V.C', 'C/U', '146.00', '0.00', 'Herramientas y Repuestos', '2022-02-25'),
(373, 70211095, 40141719, 'ADAPTADOR MACHO DE PVC 2', 'C/U', '41.00', '0.00', 'Minerales no Metálico', '2022-02-25'),
(374, 70211096, 40141719, 'ADAPTADOR MACHO PVC 2-1/2', 'C/U', '28.00', '0.00', 'Herramientas y Repuestos', '2022-02-25'),
(375, 70211097, 40141719, 'ADAPTADOR HEMBRA DE 1/2  DE P.V.C', 'C/U', '55.00', '0.00', 'Herramientas y Repuestos', '2022-02-25'),
(376, 70211098, 40141719, 'ADAPTADOR MACHO PVC 4', 'C/U', '22.00', '0.00', 'Herramientas y Repuestos', '2022-02-25'),
(377, 70211099, 40141719, 'ADAPTADOR HEMBRA DE 1  DE P.V.C', 'C/U', '66.00', '0.00', 'Herramientas y Repuestos', '2022-02-25'),
(378, 70211100, 40141719, 'ADAPTADOR HEMBRA DE 1. 1 / 4  DE P.V.C', 'C/U', '47.00', '0.00', 'Herramientas y Repuestos', '2022-02-25'),
(379, 70211101, 40141719, 'ADAPTADOR HEMBRA DE 1. 1 / 2  DE P.V.C', 'C/U', '38.00', '0.00', 'Herramientas y Repuestos', '2022-02-25'),
(380, 70211102, 40141719, 'ADAPTADOR HEMBRA LISO DE 1 P.V.C.', 'C/U', '12.00', '0.00', 'Herramientas y Repuestos', '2022-03-29'),
(381, 70211103, 40141751, 'CODO LISO DE 1 DE P.V.C', 'C/U', '41.00', '0.00', 'Herramientas y Repuestos', '2022-02-25'),
(382, 70211104, 40141751, 'CODO LISO DE 2 X 90 DE P.V.C.', 'C/U', '23.00', '0.00', 'Herramientas y Repuestos', '2022-02-24'),
(383, 70211105, 40141751, 'CODO LISO DE 1 /2 X 90 DE P.V.C', 'C/U', '226.00', '0.00', 'Herramientas y Repuestos', '2022-02-25'),
(384, 70211106, 40141751, 'CODO LISO DE 3 /4 X 90 P.V.C', 'C/U', '82.00', '0.00', 'Herramientas y Repuestos', '2022-02-25');
INSERT INTO `tb_productos` (`cod`, `codProductos`, `catalogo`, `descripcion`, `unidad_medida`, `stock`, `precio`, `categoria`, `fecha_registro`) VALUES
(385, 70211107, 40141751, 'CODO DE 1 1/4  X 90 P.V.C', 'C/U', '20.00', '0.00', 'Herramientas y Repuestos', '2022-02-28'),
(386, 70211108, 40142604, 'CODO LISO DE 3 X 90 PVC', 'C/U', '15.00', '0.00', 'Herramientas y Repuestos', '2022-02-25'),
(387, 70211109, 40142604, 'CODO LISO DE 4 X 90 P.V.C', 'C/U', '12.00', '0.00', 'Herramientas y Repuestos', '2022-02-25'),
(388, 70211115, 40173608, 'REDUCTOR DE 3 / 4  A 1 / 2  DE P.V.C', 'C/U', '35.00', '0.00', 'Herramientas y Repuestos', '2022-02-25'),
(389, 70211116, 40173608, 'REDUCTOR DE 1  A 3 / 4  DE P.V.C', 'C/U', '60.00', '0.00', 'Herramientas y Repuestos', '2022-02-24'),
(390, 70211117, 40173608, 'REDUCTOR DE 1  1/2  A 1  DE P.V.C', 'C/U', '50.00', '0.00', 'Herramientas y Repuestos', '2022-02-25'),
(391, 70211118, 40173608, 'REDUCTOR DE 1  1/4  A 3/4  DE P.V.C', 'C/U', '49.00', '0.00', 'Herramientas y Repuestos', '2022-02-25'),
(392, 70211119, 40173608, 'REDUCTOR DE 1  A 1 / 2  DE P.V.C', 'C/U', '99.00', '0.00', 'Herramientas y Repuestos', '2022-03-08'),
(393, 70211120, 40173608, 'REDUCTOR DE 1 1/2 A 3/4 DE P.V.C', 'C/U', '11.00', '0.00', 'Minerales no Metálico', '2022-02-25'),
(394, 70211122, 40142615, 'REDUCTOR DE 2 A 1/2 DE P.V.C', 'C/U', '16.00', '0.00', 'Minerales no Metálico', '2022-02-25'),
(395, 70211124, 40173608, 'REDUCTOR DE 1  1/2  A 1  1/4   DE P.V.C', 'C/U', '51.00', '0.00', 'Herramientas y Repuestos', '2022-02-25'),
(396, 70211125, 40142615, 'REDUCTOR DE 2 A 1 DE P.V.C', 'C/U', '94.00', '0.00', 'Herramientas y Repuestos', '2022-02-25'),
(397, 70211126, 40142615, 'REDUCTOR DE 2 A 1 1/2  DE P.V.C', 'C/U', '25.00', '0.00', 'Minerales no Metálico', '2022-02-25'),
(398, 70211127, 40142615, 'REDUCTOR DE 2 A 1 1/4 DE P.V.C.', 'C/U', '66.00', '0.00', 'Herramientas y Repuestos', '2022-02-24'),
(399, 70211128, 40142615, 'REDUCTOR DE 2 1/2 A 2  DE P.V.C', 'C/U', '70.00', '0.00', 'Herramientas y Repuestos', '2022-03-03'),
(400, 70211130, 40173608, 'TEE DE 1/2 DE PVC', 'C/U', '18.00', '0.00', 'Herramientas y Repuestos', '2022-02-28'),
(401, 70211132, 40173608, 'TEE DE 1  DE P.V.C', 'C/U', '21.00', '0.00', 'Herramientas y Repuestos', '2022-03-08'),
(402, 70211133, 40173608, 'TEE DE 1 .1/ 4  DE P.V.C', 'C/U', '29.00', '0.00', 'Minerales no Metálico', '2022-03-01'),
(403, 70211134, 40173608, 'TEE DE 1 .1/ 2” DE P.V', 'C/U', '166.00', '0.00', 'Herramientas y Repuestos', '2022-03-01'),
(404, 70211135, 40173608, 'TEE DE 2  DE P.V.C', 'C/U', '11.00', '0.00', 'Herramientas y Repuestos', '2022-03-11'),
(405, 70211138, 40142605, 'TEE DE 3 DE P.V.C    C/U', 'C/U', '22.00', '0.00', 'Herramientas y Repuestos', '2022-02-28'),
(406, 70211140, 40183103, 'CAMISA DE 1 /2” P.V', 'C/U', '23.00', '0.00', 'Herramientas y Repuestos', '2022-02-25'),
(407, 70211143, 40183103, 'CAMISA DE 1 .1 / 4  P.V.C', 'C/U', '34.00', '0.00', 'Herramientas y Repuestos', '2022-02-28'),
(408, 70211144, 40183103, 'CAMISA DE 1 .1 / 2  P.V.C', 'C/U', '1.00', '0.00', 'Herramientas y Repuestos', '2022-03-03'),
(409, 70211145, 40183103, 'CAMISA DE 2  P.V.C', 'C/U', '28.00', '0.00', 'Herramientas y Repuestos', '2022-03-01'),
(410, 70211146, 40183103, 'CAMISA DE 3  P.V.C', 'C/U', '10.00', '0.00', 'Herramientas y Repuestos', '2022-02-28'),
(411, 70211147, 40141751, 'CODO LISO DE 2 1/2 DE P.V.C.', 'C/U', '88.00', '0.00', 'Herramientas y Repuestos', '2022-03-03'),
(412, 70211148, 40141751, 'CODO LISO DE 1 1/2 DE P.V.C.', 'C/U', '55.00', '0.00', 'Herramientas y Repuestos', '2022-02-25'),
(413, 70211149, 40142604, 'CODO MIXTO DE 1/2, PVC', 'C/U', '146.00', '0.00', 'Herramientas y Repuestos', '2022-02-28'),
(414, 70211150, 40171617, 'TUBERÍA DE 1 /2 DE 315 P. S. I DE P.V.C', 'mts', '204.00', '0.00', 'Herramientas y Repuestos', '2022-03-01'),
(415, 70211151, 40171617, 'TUBERÍA DE 3 /4 ” DE 250 P.S.I DE P.', 'mts', '132.00', '0.00', 'Herramientas y Repuestos', '2022-03-01'),
(416, 70211152, 40171617, 'TUBERÍA DE 1 DE 250 P.S.I. DE P.V.C', 'mts', '246.00', '0.00', 'Herramientas y Repuestos', '2022-03-01'),
(417, 70211155, 40171617, 'TUBERÍA DE  DE 160 P.S.I. DE P.V.C', 'mts', '310.00', '0.00', 'Herramientas y Repuestos', '2022-03-01'),
(418, 70211161, 40171617, 'TUBERÍA DE 4 DE 160 P.S.I DE P.V.C', 'mts', '48.00', '0.00', 'Herramientas y Repuestos', '2022-02-28'),
(419, 70211163, 40171617, 'TUBERÍA DE   DE 125  P.S.I  DE  P.V.C', 'mts', '2.00', '0.00', 'Herramientas y Repuestos', '2022-03-08'),
(420, 70211166, 40171617, 'TUBERÍA DE 1 .1 /4 160 P.S.I DE P.V.C', 'mts', '258.00', '0.00', 'Herramientas y Repuestos', '2022-03-01'),
(421, 70211174, 40141751, 'CODO CURVA DE 3 X 90 P.V.C.', 'C/U', '7.00', '0.00', 'Herramientas y Repuestos', '2022-02-25'),
(422, 70211177, 40183103, 'UNION UNIVERSAL DE 3 PVC', 'C/U', '24.00', '0.00', 'Herramientas y Repuestos', '2022-03-03'),
(423, 70211179, 40183103, 'UNION UNIVERSAL DE 1 1/4 DE P.V.C.', 'C/U', '20.00', '0.00', 'Herramientas y Repuestos', '2022-03-08'),
(424, 70211197, 40141719, 'ADAPTADOR HEMBRA DE 1/2  DE P.V.C', 'C/U', '53.00', '0.00', 'Herramientas y Repuestos', '2022-02-25'),
(425, 70211220, 39121452, 'UNION UNIVERSAL DE HIERRO GALVANIZADO, DIAMETRO 1/2', 'C/U', '31.00', '0.00', 'Minerales Metálico', '2022-02-24'),
(426, 70211221, 39121452, 'UNION UNIVERSAL DE HIERRO GALVANIZADO, DIAMETRO 3/4\"', 'C/U', '20.00', '0.00', 'Minerales Metálico', '2022-02-24'),
(427, 70211222, 39121452, 'UNION UNIVERSAL DE HIERRO GALVANIZADO, DIAMETRO 1', 'C/U', '6.00', '0.00', 'Minerales Metálico', '2022-02-24'),
(428, 70211223, 39121452, 'UNION UNIVERSAL DE HIERRO GALVANIZADO, DIAMETRO 1.1/4\"', 'C/U', '1.00', '0.00', 'Minerales Metálico', '2022-02-24'),
(429, 70211224, 39121452, 'UNION UNIVERSAL DE HIERRO GALVANIZADO, DIAMETRO 1.1/2', 'C/U', '5.00', '0.00', 'Minerales Metálico', '2022-02-24'),
(430, 70211225, 39121452, 'UNION UNIVERSAL DE HIERRO GALVANIZADO, DIAMETRO 2', 'C/U', '1.00', '0.00', 'Minerales Metálico', '2022-03-03'),
(431, 70211227, 9999, 'CAMISA GALVANIZADA, DIAMETRO 3', 'C/U', '3.00', '0.00', 'Minerales Metálico', '2022-02-24'),
(432, 70211229, 9999, 'CAMISA GALVANIZADA, DIAMETRO 1/2', 'C/U', '13.00', '0.00', 'Minerales Metálico', '2022-02-24'),
(433, 70211230, 40142609, 'CODO DE HIERRO GALVANIZADO, 90º, DIAMETRO 1/', 'C/U', '198.00', '0.00', 'Minerales Metálico', '2022-02-24'),
(434, 70211231, 40142317, 'CODO DE HIERRO GALVANIZADO, 90º, DIAMETRO 3/', 'C/U', '21.00', '0.00', 'Minerales Metálico', '2022-02-24'),
(435, 70211232, 40142317, 'CODO DE HIERRO GALVANIZADO, 90º, DIAMETRO', 'C/U', '21.00', '0.00', 'Minerales Metálico', '2022-02-24'),
(436, 70211233, 40142317, 'CODO DE HIERRO GALVANIZADO, 90º,DIAMETRO 1.1/', 'C/U', '18.00', '0.00', 'Minerales Metálico', '2022-02-24'),
(437, 70211235, 40142317, 'CODO DE HIERRO  GALVANIZADO, 90º, DIAMETRO', 'C/U', '3.00', '0.00', 'Minerales Metálico', '2022-02-24'),
(438, 70211241, 40142315, 'TEE DE HIERRO GALVANIZADO, DIAMETRO 3/4\"', 'C/U', '19.00', '0.00', 'Minerales Metálico', '2022-02-24'),
(439, 70211242, 40142315, 'TEE DE HIERRO GALVANIZADO ,DIAMETRO DE 1', 'C/U', '3.00', '0.00', 'Minerales Metálico', '2022-02-24'),
(440, 70211251, 72154119, 'NIPLE DE HIERRO GALVANIZADO, DE 3/4 X 4', 'C/U', '8.00', '0.00', 'Minerales Metálico', '2022-02-24'),
(441, 70211254, 72154119, 'NIPLE DE HIERRO GALVANIZADO, DE 1.1/2 X 4', 'C/U', '5.00', '0.00', 'Minerales Metálico', '2022-02-24'),
(442, 70211255, 72154119, 'NIPLE DE HIERRO GALVANIZADO, DE 2 X 4', 'C/U', '8.00', '0.00', 'Minerales Metálico', '2022-02-24'),
(443, 70211260, 40171527, 'CAÑO GALVANIZADO, DE 1/, TIPO MEDIANO,CEDULA 30  ', 'mts', '12.00', '0.00', 'Minerales Metálico', '2022-02-25'),
(444, 70211261, 40171527, 'CAÑO GALVANIZADO, DE 3/, TIPO MEDIANO, CEDULA 30', 'mts', '18.00', '0.00', 'Minerales Metálico', '2022-02-25'),
(445, 70211262, 40171527, 'CAÑO GALVANIZADO, DE , TIPO MEDIANO, CEDULA 30', 'mts', '24.00', '0.00', 'Minerales Metálico', '2022-02-25'),
(446, 70211264, 40141705, 'CAÑO GALVANIZADO, DE 1-1/, TIPO MEDIANO, CEDULA 30', 'mts', '24.00', '0.00', 'Minerales Metálico', '2022-02-25'),
(447, 70211280, 40142305, 'BUSHING REDUCTOR DE  HIERRO GALVANIZADO DE 1 A 1/2', 'C/U', '4.00', '0.00', 'Minerales Metálico', '2022-02-11'),
(448, 70211283, 40142305, 'BUSHING REDUCTOR DE HIERRO GALVANIZADO DE 3/4 A 1/2', 'C/U', '27.00', '0.00', 'Minerales Metálico', '2022-02-24'),
(449, 70211287, 72154119, 'NIPLE DE HIERRO GALVANIZADO TODO ROSCA DE 1/2 X 1', 'C/U', '0.00', '0.00', 'Minerales Metálico', '2022-02-24'),
(450, 70211288, 72154119, 'NIPLE DE HIERRO GALVANIZADO TODO ROSCA DE 1/2 X 2', 'C/U', '3.00', '0.00', 'Minerales Metálico', '2022-02-24'),
(451, 70211297, 40142313, 'TAPON HEMBRA DE 1/2 GALVANIZADO', 'C/U', '15.00', '0.00', 'Minerales Metálico', '2022-02-24'),
(452, 70211298, 40142313, 'TAPON HEMBRA DE 3/4 GALVANIZADO', 'C/U', '10.00', '0.00', 'Minerales Metálico', '2022-02-24'),
(453, 70211300, 31201514, 'CINTA TEFLÓ', 'C/U', '378.00', '0.00', 'Químico', '2022-03-07'),
(454, 70211303, 40183104, 'TAPON MACHO DE 1/2 GALVANIZADO', 'C/U', '4.00', '0.00', 'Minerales Metálico', '2022-02-24'),
(455, 70211304, 40183104, 'TAPON MACHO DE 3/4 GALVANIZADO', 'C/U', '10.00', '0.00', 'Minerales Metálico', '2022-02-24'),
(456, 70211305, 40183104, 'TAPON MACHO DE 1 GALVANIZADO', 'C/U', '2.00', '0.00', 'Minerales Metálico', '2022-02-24'),
(457, 70211309, 31201610, 'PEGAMENTO PARA P.V.C, ', 'C/U', '10.00', '0.00', 'Químico', '2022-02-25'),
(458, 70211400, 40141703, 'DUCHA PARA BAÑ', 'C/U', '5.00', '0.00', 'Herramientas y Repuestos', '2022-02-11'),
(459, 70211423, 40142008, 'MANGUERA PLASTICA DE 1/2 X 100 PIES REFORZADA CON HILO DE NYLON CON TERMINALES MACHO Y HEMBRA', 'C/U', '1.00', '0.00', 'Herramientas y Repuestos', '2022-02-28'),
(460, 70211321, 72154119, '1 /8 DE GALÓN NIPLE DE HIERRO GALVANIZADO DE 3/ X 3', 'C/U', '5.00', '0.00', 'Minerales Metálico', '2022-02-24'),
(461, 70211337, 40142305, 'REDUCTOR CAMPANA DE HIERRO GALVANIZADO 1 A 1/2', 'C/U', '4.00', '0.00', 'Minerales Metálico', '2022-02-24'),
(462, 70211346, 9999, 'CAMISA DE HIERRO GALVANIZADO DE 3/4\"', 'C/U', '26.00', '0.00', 'Minerales Metálico', '2022-02-24'),
(463, 70211347, 9999, 'CAMISA DE HIERRO GALVANIZADO DE 1', 'C/U', '18.00', '0.00', 'Minerales Metálico', '2022-02-24'),
(464, 70211348, 40141719, 'CAMISA DE HIERRO GALVANIZADO DE 1 1/2', 'C/U', '6.00', '0.00', 'Minerales Metálico', '2022-02-24'),
(465, 70211349, 40141719, 'CAMISA DE HIERRO GALVANIZADO DE 2', 'C/U', '13.00', '0.00', 'Minerales Metálico', '2022-02-24'),
(466, 70211385, 40171611, 'VALVULA TIPO GLOBO DE PP DE 1/2', 'C/U', '23.00', '0.00', 'Herramientas y Repuestos', '0000-00-00'),
(467, 70211390, 30181804, 'GRIFO DE PEDAL HORIZONTAL, CUERPO Y PALANCA DE ACERO INOXIDABLE CROMADO', 'C/U', '5.00', '0.00', 'Minerales Metálico', '2022-03-01'),
(468, 70211395, 30181804, 'LLAVE DE 3/4 CON ROSCA PARA MANGUERA', 'C/U', '52.00', '0.00', 'Herramientas y Repuestos', '2022-02-11'),
(469, 70211427, 40142002, 'MANGUERA PLASTICA TRANSPARENTE DE 3/8', 'C/U', '4.00', '0.00', 'Herramientas y Repuestos', '2022-02-11'),
(470, 70211428, 40142002, 'MANGUERA PLASTICA TRANSPARENTE DE 3/4\"', 'C/U', '5.00', '0.00', 'Herramientas y Repuestos', '2022-02-11'),
(471, 70211430, 40183104, 'TAPON MACHO CON ROSCA PVC 1/2', 'C/U', '612.00', '0.00', 'Minerales no Metálico', '2022-03-01'),
(472, 70211435, 40183104, 'TAPON MACHO CON ROSCA PVC 3/4\"', 'C/U', '38.00', '0.00', 'Minerales no Metálico', '2022-03-01'),
(473, 70211440, 40183104, 'TAPON MACHO CON ROSCA PVC 1', 'C/U', '113.00', '0.00', 'Minerales no Metálico', '2022-03-01'),
(474, 70211453, 40183104, 'TAPON HEMBRA LISO PVC 1/2', 'C/U', '104.00', '0.00', 'Herramientas y Repuestos', '2022-02-25'),
(475, 70211454, 40183104, 'TAPON HEMBRA LISO PVC 3/4\"', 'C/U', '101.00', '0.00', 'Herramientas y Repuestos', '2022-02-11'),
(476, 70211455, 40183104, 'TAPON HEMBRA LISO PVC 1', 'C/U', '123.00', '0.00', 'Minerales no Metálico', '2022-03-01'),
(477, 70211456, 40183104, 'TAPON HEMBRA LISO PVC 1 1/2', 'C/U', '31.00', '0.00', 'Herramientas y Repuestos', '2022-02-28'),
(478, 70211457, 40183104, 'TAPON HEMBRA LISO PVC 1 1/4\"', 'C/U', '20.00', '0.00', 'Minerales no Metálico', '2022-03-01'),
(479, 70211458, 40183104, 'TAPON HEMBRA LISO PVC 2', 'C/U', '19.00', '0.00', 'Minerales no Metálico', '2022-03-01'),
(480, 70211460, 40183104, 'TAPON HEMBRA LISO PVC 3', 'C/U', '29.00', '0.00', 'Herramientas y Repuestos', '2022-03-08'),
(481, 70211468, 40183104, 'TAPON HEMBRA LISO PVC 4', 'C/U', '33.00', '0.00', 'Herramientas y Repuestos', '2022-02-28'),
(482, 70211472, 40141719, 'ADAPTADOR HEMBRA DE PVC DE 3/4\"', 'C/U', '4.00', '0.00', 'Herramientas y Repuestos', '2022-02-25'),
(483, 70211475, 40142612, 'ADAPTADOR HEMBRA DE PVC DE 2', 'C/U', '98.00', '0.00', 'Herramientas y Repuestos', '2022-02-25'),
(484, 70211481, 30181809, 'SIFON CONTINUO PVC DE 1 1/2', 'C/U', '8.00', '0.00', 'Herramientas y Repuestos', '2022-03-09'),
(485, 70211483, 30181809, 'SIFON CONTINUO PVC DE 2', 'C/U', '8.00', '0.00', 'Herramientas y Repuestos', '2022-03-09'),
(486, 70211484, 30181809, '70211484SIFON FLEXIBLE TIPO ACORDEON DE 1 1/4 PVC', 'C/U', '25.00', '0.00', 'Herramientas y Repuestos', '2022-03-11'),
(487, 70211487, 40141716, 'SIFON A LA PARED PLASTICO CROMADO DE 1 1/2', 'C/U', '19.00', '0.00', 'Herramientas y Repuestos', '2022-02-24'),
(488, 70211534, 40142615, 'REDUCTOR DE 2 1/2 A 1 DE P.V.C.', 'C/U', '10.00', '0.00', 'Herramientas y Repuestos', '2022-03-08'),
(489, 70211538, 40173608, 'REDUCTOR DE 1  1/2  A  1/2  P.V.C', 'C/U', '23.00', '0.00', 'Herramientas y Repuestos', '2022-02-25'),
(490, 70211539, 40173608, 'REDUCTOR DE 1  1/4  A  1/2  P.V.C', 'C/U', '32.00', '0.00', 'Minerales no Metálico', '2022-02-25'),
(491, 70211540, 40173608, 'REDUCTOR DE 1 1/4 A 1 DE P.V.C.', 'C/U', '46.00', '0.00', 'Minerales no Metálico', '2022-02-25'),
(492, 70211541, 40173608, 'REDUCTOR DE 2 A 3/4 DE P.V.C', 'C/U', '17.00', '0.00', 'Herramientas y Repuestos', '2022-02-25'),
(493, 70211542, 40173608, 'REDUCTOR DE 3 A 1 1/2  DE P.V.C', 'C/U', '6.00', '0.00', 'Herramientas y Repuestos', '2022-03-03'),
(494, 70211543, 40142615, 'REDUCTOR DE 3 A 2 1/2  DE P.V.C', 'C/U', '19.00', '0.00', 'Minerales no Metálico', '2022-02-25'),
(495, 70211544, 40142615, 'REDUCTOR DE 4 A 2  DE P.V.C', 'C/U', '7.00', '0.00', 'Minerales no Metálico', '2022-02-25'),
(496, 70211545, 40142615, 'REDUCTOR DE 4 A 2 1/2 DE P.V.C.', 'C/U', '6.00', '0.00', 'Minerales no Metálico', '2022-02-25'),
(497, 70211546, 40142615, 'REDUCTOR DE 4 A 3  DE P.V.C', 'C/U', '23.00', '0.00', 'Minerales no Metálico', '2022-02-25'),
(498, 70211625, 40142605, 'TEE DE 2 1/2 DE P.V.C', 'C/U', '16.00', '0.00', 'Herramientas y Repuestos', '2022-02-28'),
(499, 70211627, 40142020, 'TUBO DE ABASTO DE NYLON PARA LAVAMANOS DE 3/8 X 1/2 X 16', 'C/U', '45.00', '0.00', 'Herramientas y Repuestos', '2022-02-11'),
(500, 70211647, 40142020, 'TUBO DE ABASTO DE NYLON PARA SERVICIO SANITARIO DE 3/8 X 7/8 X 20', 'C/U', '57.00', '0.00', 'Herramientas y Repuestos', '2022-03-11'),
(501, 70211808, 40171719, 'ADAPTADOR MACHO CPVC DE 1/2', 'C/U', '165.00', '0.00', 'Herramientas y Repuestos', '2022-02-25'),
(502, 70211890, 9999, 'CAMISA DE 2 1 / 2  P.V.C', 'C/U', '13.00', '0.00', 'Herramientas y Repuestos', '2022-03-03'),
(503, 70211894, 40142610, 'CAMISA DE 4 P.V.C', 'C/U', '56.00', '0.00', 'Herramientas y Repuestos', '2022-03-03'),
(504, 70211900, 30181809, 'KIT DE ACCESORIOS PARA  SERVICIO SANITARIO STANDARD.', 'C/U', '22.00', '0.00', 'Herramientas y Repuestos', '2022-02-11'),
(505, 70212004, 39121313, 'CINCHOS PLASTICOS, DIFERENTES MEDIDAS, JUEGO', 'C/U', '14.00', '0.00', 'Herramientas y Repuestos', '2022-02-11'),
(506, 70212015, 31162002, 'CLAVO ROBOT DE 1', 'C/U', '172.00', '0.00', 'Minerales Metálico', '2022-02-11'),
(507, 70212019, 31162002, 'CLAVO CORRIENTE DE 3/4 CON CABEZA', 'lb', '25.00', '0.00', 'Minerales Metálico', '2022-02-11'),
(508, 70212020, 31162002, 'CLAVO CORRIENTE DE 1 CON CABEZA', 'lb', '10.00', '0.00', 'Minerales Metálico', '2022-02-11'),
(509, 70212021, 31162002, 'CLAVO CORRIENTE DE 1 1/2 CON CABEZA', 'lb', '19.00', '0.00', 'Minerales Metálico', '2022-02-25'),
(510, 70212023, 31162002, 'CLAVO CORRIENTE DE 2 CON CABEZA', 'lb', '13.00', '0.00', 'Minerales Metálico', '2022-02-25'),
(511, 70212024, 31162002, 'CLAVO CORRIENTE DE 21/2 CON CABEZA', 'lb', '34.00', '0.00', 'Minerales Metálico', '2022-02-11'),
(512, 70212027, 31162002, 'CLAVO CORRIENTE DE 4  CON CABEZA', 'lb', '14.00', '0.00', 'Minerales Metálico', '2022-02-25'),
(513, 70212033, 31162003, 'CLAVO DE ACERO DE 1 1/2', 'C/U', '0.00', '0.00', 'Minerales Metálico', '2022-02-11'),
(514, 70212034, 31162003, 'CLAVO DE ACERO DE 3/4\"', 'C/U', '116.00', '0.00', 'Minerales Metálico', '2022-02-11'),
(515, 70212035, 31162003, 'CLAVO DE ACERO DE 1', 'C/U', '423.00', '0.00', 'Minerales Metálico', '2022-02-11'),
(516, 70212038, 31162003, 'CLAVO DE ACERO DE 2', 'C/U', '125.00', '0.00', 'Minerales Metálico', '2022-02-11'),
(517, 70212039, 31162003, 'CLAVO DE ACERO DE 2 1/2', 'C/U', '188.00', '0.00', 'Minerales Metálico', '2022-02-11'),
(518, 70212040, 31162003, 'CLAVO DE ACERO DE 3', 'C/U', '168.00', '0.00', 'Minerales Metálico', '2022-02-11'),
(519, 70212042, 31162003, 'CLAVO DE ACERO DE 4', 'C/U', '73.00', '0.00', 'Minerales Metálico', '2022-02-11'),
(520, 70212044, 31162003, 'CLAVO CORRIENTE DE 3/4 SIN CABEZA', 'lb', '4.00', '0.00', 'Minerales Metálico', '2022-02-25'),
(521, 70212045, 31162003, 'CLAVO CORRIENTE DE 1 SIN CABEZA', 'lb', '43.00', '0.00', 'Minerales Metálico', '2022-02-25'),
(522, 70212047, 31162003, 'CLAVO CORRIENTE DE 1 1/2   SIN CABEZA', 'lb', '31.00', '0.00', 'Minerales Metálico', '2022-02-25'),
(523, 70212048, 31162003, 'CLAVO CORRIENTE DE 2 SIN CABEZA', 'lb', '5.00', '0.00', 'Minerales Metálico', '2022-03-07'),
(524, 70212065, 30101503, 'HIERRO ANGULO DE 1 X 1 X 1/8 BAJO NORMA', 'mts', '132.00', '0.00', 'Minerales Metálico', '2022-02-24'),
(525, 70212070, 30101503, 'HIERRO ANGULO DE 1-1/2 X 1-1/2X 1/8 BAJO NORMA', 'mts', '36.00', '0.00', 'Minerales Metálico', '2022-05-18'),
(526, 70212072, 30101503, 'HIERRO ANGULO DE 2 X  2 X 1/8 BAJO NORMA', 'mts', '9.00', '0.00', 'Minerales Metálico', '2022-02-28'),
(527, 70212073, 30101503, 'ANGULO DE 2 X 2 X  3/16 BAJO NORMA', 'mts', '2.00', '0.00', 'Materiales Eléctrico', '2022-03-08'),
(528, 70212075, 30101503, 'HIERRO ANGULO DE 1 1/2 X 1 1/2  X 3 /16, BAJO NORMA', 'mts', '4.00', '0.00', 'Minerales Metálico', '2022-02-28'),
(529, 70212078, 30102003, 'PLETINA DE HIERRO, 1 x 1/8, PIEZA DE 6 METROS', 'mts', '96.00', '0.00', 'Minerales Metálico', '2022-02-25'),
(530, 70212080, 30102003, 'PLETINA DE HIERRO, 1 1/2  X 1/8, PIEZA DE 6 METROS', 'mts', '60.00', '0.00', 'Minerales Metálico', '2022-02-28'),
(531, 70212088, 30102403, 'HIERRO CUADRADO DE 3/8', 'mts', '18.00', '0.00', 'Minerales Metálico', '2022-03-11'),
(532, 70212089, 30102403, 'HIERRO CUADRADO DE 1/2', 'mts', '33.00', '0.00', 'Minerales Metálico', '2022-03-01'),
(533, 70212095, 30102403, 'HIERRO LISO DE 3/4\"', 'mts', '8.00', '0.00', 'Minerales Metálico', '2022-02-28'),
(534, 70212097, 30102403, 'HIERRO LISO DE 3/8', 'mts', '9.00', '0.00', 'Minerales Metálico', '2022-03-08'),
(535, 70212385, 31161601, 'PERNO TODO ROSCA DE 1/4 x 1 CON ARANDELA PLANA Y TUERCA', 'C/U', '47.00', '0.00', 'Minerales Metálico', '2022-02-11'),
(536, 70212388, 31161601, 'PERNO TODO ROSCA DE 1/4 x 3 CON ARANDELA PLANA Y TUERCA', 'C/U', '17.00', '0.00', 'Minerales Metálico', '2022-02-11'),
(537, 70212396, 31162202, 'REMACHE POP DE 3/16 X 5/8', 'C/U', '500.00', '0.00', 'Minerales Metálico', '2022-02-11'),
(538, 70212408, 31162202, 'REMACHE POP DE 5/32 X  1/2', 'cto', '9.00', '0.00', 'Minerales Metálico', '2022-02-11'),
(539, 70212413, 31162103, 'ANCLA PLASTICA DE 3/8', 'C/U', '818.00', '0.00', 'Herramientas y Repuestos', '2022-02-11'),
(540, 70212414, 31162103, 'ANCLA PLASTICA DE 5/16', 'C/U', '851.00', '0.00', 'Herramientas y Repuestos', '2022-02-11'),
(541, 70212415, 31162103, 'ANCLA PLASTICA DE 1/4\"', 'C/U', '191.00', '0.00', 'Herramientas y Repuestos', '2022-02-11'),
(542, 70212423, 31161509, 'TORNILLO PARA TABLAROCA DE 1/2', 'cto', '0.00', '0.00', 'Minerales Metálico', '2022-02-11'),
(543, 70212424, 31161509, 'TORNILLO PARA TABLAROCA DE 1', 'C/U', '1.00', '0.00', 'Minerales Metálico', '2022-05-18'),
(544, 70212425, 31161509, 'TORNILLO PARA TABLAROCA DE 2', 'C/U', '348.00', '0.00', 'Minerales Metálico', '2022-02-11'),
(545, 70212426, 31161509, 'TORNILLO PARA TABLAROCA DE 1 1/2', 'C/U', '1.68', '0.00', 'Minerales Metálico', '2022-02-11'),
(546, 70212440, 31161512, 'TORNILLO PUNTA BROCA DE 1', 'C/U', '1.76', '0.00', 'Minerales Metálico', '2022-02-11'),
(547, 70212442, 31161512, 'TORNILLO PUNTA BROCA DE 1 1/2', 'cto', '42.00', '0.00', 'Minerales Metálico', '2022-02-11'),
(548, 70212443, 31161512, 'TORNILLO PUNTA BROCA DE 1 1/4\"', 'C/U', '600.00', '0.00', 'Minerales Metálico', '2022-02-11'),
(549, 70212444, 31161512, 'TORNILLO PUNTA BROCA DE 2', 'C/U', '0.00', '0.00', 'Minerales Metálico', '2022-02-11'),
(550, 70212453, 1162702, 'RODO DE 8 CON BASE GIRATORIO', 'C/U', '4.00', '0.00', 'Herramientas y Repuestos', '2022-05-23'),
(551, 70212454, 31162702, 'RODO DE 8 CON BASE FIJA', 'C/U', '10.00', '0.00', 'Herramientas y Repuestos', '2022-02-11'),
(552, 70212455, 31162702, 'RODO DE 6 CON BASE GIRATORIO', 'C/U', '8.00', '0.00', 'Herramientas y Repuestos', '2022-02-11'),
(553, 70212456, 31162702, 'RODO DE 6 CON BASE FIJA', 'C/U', '16.00', '0.00', 'Herramientas y Repuestos', '2022-02-11'),
(554, 70212457, 31162702, 'RODO DE 4 CON BASE GIRATORIA DE 3 X 4', 'C/U', '109.00', '0.00', 'Herramientas y Repuestos', '2022-02-11'),
(555, 70212458, 31162702, 'RODO DE 4 CON BASE FIJA DE 3 X 4', 'C/U', '56.00', '0.00', 'Herramientas y Repuestos', '2022-02-11'),
(556, 70212460, 31161507, 'TORNILLO GOLOSO DE 3/4\"', 'C/U', '70.00', '0.00', 'Minerales Metálico', '2022-02-11'),
(557, 70212463, 31161507, 'TORNILLO GOLOSO DE 2', 'C/U', '324.00', '0.00', 'Minerales Metálico', '2022-02-11'),
(558, 70212465, 31162702, 'RODO TIPO YOYO DE 2 ESPIGA LISA', 'C/U', '75.00', '0.00', 'Herramientas y Repuestos', '2022-02-11'),
(559, 70212483, 31161507, 'TORNILLO GOLOSO DE 1 X 10 mm', 'C/U', '942.00', '0.00', 'Minerales Metálico', '2022-02-11'),
(560, 70212484, 31161507, 'TORNILLO GOLOSO DE 1 1/2 X 10 mm', 'C/U', '978.00', '0.00', 'Minerales Metálico', '2022-02-11'),
(561, 70212499, 30102403, 'VARILLA ROSCADA DE 1/4\"', 'C/U', '10.00', '0.00', 'Minerales Metálico', '2022-02-11'),
(562, 70212500, 30102403, 'VARILLA ROSCADA DE 3/8', 'C/U', '5.00', '0.00', 'Minerales Metálico', '2022-02-11'),
(563, 70212501, 30102403, 'VARILLA ROSCADA DE 1/2', 'C/U', '15.00', '0.00', 'Minerales Metálico', '2022-03-02'),
(564, 70212510, 31161601, 'PERNO ANCLA 3/8 X 2', 'C/U', '83.00', '0.00', 'Minerales Metálico', '2022-02-11'),
(565, 70212535, 31161601, 'PERNO DE 5/16 X 1 CON TUERCA', 'C/U', '25.00', '0.00', 'Minerales Metálico', '2022-02-11'),
(566, 70212538, 40171606, 'TUBO CUADRADO INDUSTRIAL DE 1/2', 'mts', '222.00', '0.00', 'Minerales Metálico', '2022-03-01'),
(567, 70212539, 40171606, 'TUBO CUADRADO INDUSTRIAL DE 3/4\"', 'mts', '120.00', '0.00', 'Minerales Metálico', '2022-02-28'),
(568, 70212540, 40171606, 'TUBO CUADRADO INDUSTRIAL DE 1', 'mts', '96.00', '0.00', 'Minerales Metálico', '2022-02-25'),
(569, 70212560, 40171606, 'TUBO CUADRADO ESTRUCTURAL DE 1 1/2 CHAPA 16', 'mts', '78.00', '0.00', 'Minerales Metálico', '2022-02-25'),
(570, 70212569, 40171606, 'TUBO CUADRADO ESTRUCTURAL DE 2 CHAPA 14', 'mts', '78.00', '0.00', 'Minerales Metálico', '2022-02-25'),
(571, 70212610, 31162403, 'BISAGRA CORRIENTE DE 1', 'C/U', '55.00', '0.00', 'Minerales Metálico', '2022-02-11'),
(572, 70212612, 31162403, 'BISAGRA CORRIENTE DE 3', 'C/U', '145.00', '0.00', 'Minerales Metálico', '2022-02-11'),
(573, 70212613, 31162403, 'BISAGRA CORRIENTE DE 3', 'PAR', '3.00', '0.00', 'Minerales Metálico', '2022-02-11'),
(574, 70212617, 31162403, 'BISAGRA CORRIENTE DE 4', 'C/U', '39.00', '0.00', 'Herramientas y Repuestos', '2022-02-11'),
(575, 70212620, 31262403, 'BISAGRA ALCAYATE DE 3 X 3', 'C/U', '9.00', '0.00', 'Minerales Metálico', '2022-02-11'),
(576, 70212633, 31191602, 'DISCO PARA CORTE DE METAL DE 4 1/2   X 1/8 X 7/8', 'C/U', '46.00', '0.00', 'Herramientas y Repuestos', '2022-03-30'),
(577, 70212635, 31191602, 'DISCO PARA CORTE DE METAL DE 9 x 1/8 x 7/8', 'C/U', '48.00', '0.00', 'Herramientas y Repuestos', '2022-05-17'),
(578, 70212636, 31191602, 'DISCO PARA CORTE DE METAL DE 9 X 1/4 X 7/8', 'C/U', '20.00', '0.00', 'Herramientas y Repuestos', '2022-02-11'),
(579, 70212643, 31191603, 'DISCO PARA CORTE DE CONCRETO DE 4 X 1/8 X 7/8', 'C/U', '17.00', '0.00', 'Herramientas y ', '2022-02-11'),
(580, 70212645, 31191603, 'DISCO PARA CORTE DE CONCRETO DE 9 x 1/8 x 7/8', 'C/U', '25.00', '0.00', 'Herramientas y Repuestos', '2022-02-11'),
(581, 70212647, 31191603, 'DISCO PARA CORTE DE METAL DE 4 1/2 X 3/32 X ??', 'C/U', '11.00', '0.00', 'Herramientas y Repuestos', '2022-02-11'),
(582, 70212648, 31191602, 'DISCO PARA ESMERILAR METAL DE 4 1/2 X 1/4 X 7/8', 'C/U', '14.00', '0.00', 'Herramientas y Repuestos', '2022-02-11'),
(583, 70212651, 23131503, 'DISCO PARA ESMERILAR METAL DE 9 X 1/4 X 7/8', 'C/U', '35.00', '0.00', 'Herramientas y Repuestos', '2022-02-11'),
(584, 70212654, 31191510, 'PIEDRA COMBINADA PARA AFILAR DE 8', 'C/U', '3.00', '0.00', 'EQUIPO Y HERRAMIENTAS DE MANTTO', '2022-02-11'),
(585, 70212655, 27112801, 'BROCA PARA MADERA DE 1/4, 1/2, 3/4, 1 JUEGO', 'C/U', '1.00', '0.00', 'EQUIPO Y HERRAMIENTAS DE MANTTO', '2022-05-17'),
(586, 70212688, 31191602, 'DISCO DIAMANTADO SEGMENTADO PARA CORTE DE CONCRETO 4 1/2 X 1/8 X 7/8', 'C/U', '0.00', '0.00', 'Herramientas y Repuestos', '2022-03-30'),
(587, 70212694, 0, 'PIEDRA PARA ESMERIL DE 6 X 1, GRANO 40', 'C/U', '1.00', '0.00', 'EQUIPO Y HERRAMIENTAS DE MANTTO', '2022-02-11'),
(588, 70212707, 31162202, 'REMACHE POP DE 3/16 X  3/4\"', 'C/U', '500.00', '0.00', 'Minerales Metálico', '2022-02-11'),
(589, 70212708, 31162202, 'REMACHE POP DE 3/16 X  1/2', 'C/U', '1.10', '0.00', 'Minerales Metálico', '2022-02-11'),
(590, 70212709, 31162202, 'REMACHE POP, DE 1/8 X   1/2', 'C/U', '550.00', '0.00', 'Minerales Metálico', '2022-02-11'),
(591, 70212712, 31162202, 'REMACHE POP, DE 3/16 X  1/4\"', 'cto', '19.00', '0.00', 'Minerales Metálico', '2022-02-11'),
(592, 70212716, 27112802, 'HOJA DE SIERRA PARA HIERRO DIENTE FINO', 'C/U', '58.00', '0.00', 'EQUIPO Y', '2022-02-11'),
(593, 70212727, 31162417, 'PASADOR METALICO DE 2 1/2', 'C/U', '0.00', '0.00', 'Minerales Metálico', '2022-02-11'),
(594, 70212729, 31162407, 'PASADOR METALICO DE 4', 'C/U', '20.00', '0.00', 'Minerales Metálico', '2022-02-11'),
(595, 70212735, 27112802, 'HOJA DE SIERRA DE RECIPROCANTE PARA MADERA', 'C/U', '7.00', '0.00', 'Minerales Metálico', '2022-02-11'),
(596, 70212736, 27112802, 'HOJA DE SIERRA DE RECIPROCANTE PARA HIERRO', 'C/U', '5.00', '0.00', 'EQUIPO Y HERRAMIENTAS DE MANTTO', '2022-02-11'),
(597, 70212743, 31191501, 'LIJA PARA HIERRO No. 36, PLIEGO', 'C/U', '18.00', '0.00', 'Minerales no Metálico', '2022-03-29'),
(598, 70212745, 31191501, 'LIJA PARA HIERRO No. 50, PLIEGO', 'C/U', '17.00', '0.00', 'Minerales no Metálico', '2022-03-29'),
(599, 70212748, 31191501, 'LIJA PARA HIERRO No. 80,PLIEGO', 'C/U', '13.00', '0.00', 'Minerales no Metálico', '2022-03-29'),
(600, 70212750, 31191501, 'LIJA PARA HIERRO No. 100, PLIEGO', 'C/U', '12.00', '0.00', 'Minerales no Metálico', '2022-03-29'),
(601, 70212751, 31191501, 'LIJA PARA HIERRO No. 150, PLIEGO', 'C/U', '17.00', '0.00', 'Minerales no Metálico', '2022-03-30'),
(602, 70212754, 31191501, 'LIJA PARA HIERRO No. 320,PLIEGO', 'C/U', '6.00', '0.00', 'Minerales no Metálico', '2022-03-30'),
(603, 70212763, 31191501, 'LIJA PARA AGUA No. 100, PLIEGO', 'C/U', '3.00', '0.00', 'Minerales no Metálico', '2022-03-30'),
(604, 70212765, 31191501, 'LIJA PARA AGUA No. 150, PLIEGO', 'C/U', '14.00', '0.00', 'Minerales no Metálico', '2022-03-30'),
(605, 70212770, 31191501, 'LIJA PARA AGUA No. 400, PLIEGO', 'C/U', '30.00', '0.00', 'Minerales no Metálico', '2022-03-30'),
(606, 70212798, 39121436, 'ELECTRODO PARA HIERRO lb DULCE, 3/32,6013', 'lb', '257.00', '0.00', 'Materiales Eléctrico', '2022-02-11'),
(607, 70212800, 39121436, 'ELECTRODO 3/32 PARA HIERRO DULCE', 'lb', '90.00', '0.00', 'Materiales Eléctrico', '2022-02-22'),
(608, 70212801, 39121436, 'ELECTRODO PARA ACERO INOXIDABLE, 3/32', 'lb', '18.00', '0.00', 'Herramientas y Repuestos', '2022-02-11'),
(609, 70212825, 12352310, 'TUBO SILICON DE ALTA TEMPERATURA COLOR ROJO', 'C/U', '61.00', '0.00', 'Químico', '2022-02-11'),
(610, 70212829, 31201610, 'PEGAMENTO ACERO PLASTICO, TUBO', 'C/U', '15.00', '0.00', 'Químico', '2022-02-11'),
(611, 70212833, 47131818, 'LIMPIADOR DE POLVO POR AIRE A PRESION ( AIRE COMPRIMIDO ), PARA ELECTRONICA, OPTICA E INFORMATICA, FRASCO DE 20 ONZAS ', 'C/U', '8.00', '0.00', 'Químico', '2022-02-11'),
(612, 70212837, 47131825, 'LIMPIADOR DE CONTACTOS ELECTRICOS,SPRAY DE 10-11 ONZAS', 'C/U', '20.00', '0.00', 'Químico', '2022-02-11'),
(613, 70212838, 15121501, 'LUBRICANTE WD-40, SPRAY DE 11 ONZAS', 'C/U', '12.00', '0.00', 'Químico', '2022-02-11'),
(614, 70212992, 31152209, 'ALAMBRE ESPIGADO GALVANIZADO No. 16  ROLLO', 'C/U', '7.00', '0.00', 'Minerales Metálico', '2022-03-11'),
(615, 70212995, 26121540, 'GALVANIZADO CALIBRE 16', 'lb', '24.00', '0.00', 'Minerales Metálico', '2022-05-05'),
(616, 70212998, 31152209, 'ALAMBRE DE AMARRE', 'lb', '10.00', '0.00', 'Minerales Metálico', '2022-05-17'),
(617, 70212999, 11101716, 'ESTAÑO PURO EN BARR', 'C/U', '4.00', '0.00', 'Minerales Metálico', '2022-02-11'),
(618, 70213013, 31211502, 'PINTURA DE AGUA COLOR Galon AZUL NAVAL', 'Galon', '30.00', '0.00', 'Químico', '2022-02-24'),
(619, 70213020, 31211502, 'PINTURA DE AGUA COLOR Galon BLANCO', 'Galon', '16.00', '0.00', 'Químico', '2022-02-24'),
(620, 70213041, 31211502, 'PINTURA DE AGUA COLOR Galon GRIS METEORO', 'Galon', '28.00', '0.00', 'Químico', '2022-02-24'),
(621, 70213060, 31211502, 'PINTURA DE AGUA COLOR Galon MELON', 'Galon', '7.00', '0.00', 'Químico', '2022-02-24'),
(622, 70213105, 31211505, 'PINTURA DE ACEITE  Galon COLOR AMARILLO', 'Galon', '2.00', '0.00', 'Químico', '2022-02-25'),
(623, 70213112, 31211502, 'PINTURA PARA TRAFICO, COLOR AMARILLO', 'Galon', '3.00', '0.00', 'Químico', '2022-02-24'),
(624, 70213450, 31201605, 'MASILLA PLASTICA PARA SOS MULTIPLES', 'Galon', '2.00', '0.00', 'Químico', '2022-02-25'),
(625, 70213113, 31211502, 'PINTURA PARA TRAFICO, COLOR BLANCO', 'Galon', '3.00', '0.00', 'Químico', '2022-02-24'),
(626, 70213122, 31211507, 'PINTURA COLOR AZUL, EN AEROSOL O SPRAY, FRASCO', 'C/U', '30.00', '0.00', 'Químico', '2022-02-11'),
(627, 70213126, 31211505, 'PINTURA DE ACEITE COLOR CAFE', 'Galon', '1.00', '0.00', 'Químico', '2022-02-25'),
(628, 70213135, 31211505, 'PINTURA DE ACEITE COLOR BLANCO OSTRA', 'Galon', '4.00', '0.00', 'Químico', '2022-02-22'),
(629, 70213145, 31211505, 'PINTURA DE ACEITE COLOR GRIS OSCURO', 'Galon', '1.00', '0.00', 'Químico', '2022-02-28'),
(630, 70213188, 31211505, 'PINTURA EPOXICA COLOR AQUA INCLUYE CATALIZADOR', 'Galon', '0.00', '0.00', 'Químico', '2022-02-24'),
(631, 70213189, 31211505, 'PINTURA EPOXICA COLOR BLANCO INCLUYE CATALIZADOR', 'Galon', '1.00', '0.00', 'Químico', '2022-02-25'),
(632, 70213190, 31211505, 'PINTURA EPOXICA COLOR BLANCO HUESO INCLUYE CATALIZADOR', 'Galon', '1.00', '0.00', 'Químico', '2022-02-28'),
(633, 70213197, 31211505, 'PINTURA EPOXICA COLOR VERDE INCLUYE CATALIZADOR', 'Galon', '22.00', '0.00', 'Químico', '2022-02-25'),
(634, 70213200, 31211518, 'PINTURA ANTICORROSIVA COLOR BLANCO', 'Galon', '1.00', '0.00', 'Químico', '2022-02-24'),
(635, 70213202, 31211518, 'PINTURA ANTICORROSIVA COLOR AZUL', 'Galon', '4.00', '0.00', 'Químico', '2022-02-25'),
(636, 70213205, 31211518, 'PINTURA ANTICORROSIVA COLOR NEGRO', 'Galon', '0.00', '0.00', 'Químico', '2022-02-24'),
(637, 70213206, 31211518, 'PINTURA ANTICORROSIVA COLOR NEGRO BRILLANTE', 'Galon', '1.00', '0.00', 'Químico', '2022-02-25'),
(638, 70213210, 31211518, 'PINTURA ANTICORROSIVA COLOR ROJO', 'Galon', '2.00', '0.00', 'Químico', '2022-02-28'),
(639, 70213221, 31211507, 'PINTURA DE ALUMINIO', 'Galon', '1.00', '0.00', 'Químico', '2022-02-25'),
(640, 70213303, 31211803, 'THINNER CORRIENTE', 'cto', '1.00', '0.00', 'Químico', '2022-03-15'),
(641, 70213308, 31211906, 'RODILLO COMPLETO', 'C/U', '29.00', '0.00', 'Herramientas y Repuestos', '2022-02-24'),
(642, 70213309, 31211904, 'BROCHA DE 1', 'C/U', '53.00', '0.00', 'Herramientas y Repuestos', '2022-02-11'),
(643, 70213310, 31211904, 'BROCHA DE 1 1/2', 'C/U', '58.00', '0.00', 'Herramientas y Repuestos', '2022-02-11'),
(644, 70213313, 31211904, 'BROCHA DE 3', 'C/U', '6.00', '0.00', 'Herramientas y Repuestos', '2022-05-17'),
(645, 70213315, 31211904, 'BROCHA DE 2', 'C/U', '10.00', '0.00', 'Herramientas y Repuestos', '2022-02-11'),
(646, 70213316, 31211904, 'BROCHA DE 4', 'C/U', '18.00', '0.00', 'Herramientas y Repuestos', '2022-02-11'),
(647, 70213448, 31201605, 'MASILLA AUTOMOTRIZ 1/4 DE GALON', 'C/U', '2.00', '0.00', 'Químico', '2022-03-07'),
(648, 70302062, 23101502, 'KIT DE TALADRO Y ATORNILLADOR DE IMPACTO, INALAMBRICO, CON CARGADOR Y DOS BATERIAS, 20 VOLTIOS', 'C/U', '0.00', '0.00', 'EQUIPO Y HERRAMIENTAS DE MANTTO', '2022-03-01'),
(649, 70302069, 99999, 'LAVADORA ALTA PRESIÓN, 1200 PSI, 115 VOLTIOS, CONSUMO 2.1 GPM, PARA AGUA FRÍA, PISTOLA Y MANGUERA DE 25 PIES, MOTOR (2 A 5) HP, FÁCIL TRANSPORTACIÓN (2 RUE', 'C/U', '1.00', '0.00', 'EQUIPO Y HERRAMIENTAS DE MANTTO', '2022-02-28'),
(650, 70213507, 31211507, 'PINTURA EN SPRAY 24 ONZAS COLOR BLANCO', 'C/U', '16.00', '0.00', 'Químico', '2022-02-11'),
(651, 70213553, 31211507, 'PINTURA EN SPRAY 12 ONZAS COLOR GRIS', 'C/U', '9.00', '0.00', 'Químico', '2022-02-11'),
(652, 70215029, 39121434, 'CONECTOR PARA TECNODUCTO DE 1 1/4\"', 'C/U', '6.00', '0.00', 'Materiales Eléctrico', '2022-02-25'),
(653, 70225085, 0, 'CADENA GALVANIZADA DE 1/8', 'mts', '9.00', '0.00', 'Minerales Metálico', '2022-02-11'),
(654, 70225093, 0, 'CADENA GALVANIZADA DE 3/16', 'mts', '9.00', '0.00', 'Minerales Metálico', '2022-02-11'),
(655, 70225097, 0, 'CADENA GALVANIZADA DE 1/4\"', 'mts', '9.00', '0.00', 'Minerales Metálico', '2022-02-11'),
(656, 70225267, 99999, 'GASOLINA REGULAR', 'CUARTO GAL', '19.00', '0.00', 'Combustibles y Lubricantes', '2022-03-15'),
(657, 70225269, 15121902, 'GRASA', 'lb', '1.00', '0.00', 'Químico', '2022-02-11'),
(658, 70225400, 25174004, 'REFRIGERANTE PARA RADIADOR', 'C/U', '9.00', '0.00', 'Químico', '2022-03-04'),
(659, 70226434, 0, 'FUSIBLE DE 15 AMPERIOS 12 VOLTIOS', 'C/U', '42.00', '0.00', 'Materiales Eléctrico', '2022-02-11'),
(660, 70301255, 43222643, 'PROBADOR DE LINEA PARA JACK R11/RJ12/ RJ45, SOBRE CABLE UTP /STP / FTP', 'C/U', '1.00', '0.00', 'EQUIPO Y HERRAMIENTAS DE MANTTO', '2022-05-17'),
(661, 70302014, 11101502, 'ESMERIL PEQUEÑO DE BANCO, 3450 RPM, 120 VOLTIOS, 60HZ. Marca TOTA', 'C/U', '1.00', '0.00', 'EQUIPO Y HERRAMIENTAS DE MANTTO', '2022-05-05'),
(662, 70302020, 23101512, 'CALADORA 6.5 AMP TIPO  T VELOCIDAD VARIABLE  marca TOTAL', 'C/U', '1.00', '0.00', 'EQUIPO Y HERRAMIENTAS DE MANTTO', '2022-05-17'),
(663, 70302035, 27111515, 'TALADRO ROTOMARTILLO', 'C/U', '1.00', '0.00', 'EQUIPO Y hERRAMIENTAS DE MANTTO', '2022-05-17'),
(664, 70302040, 23101509, 'LIJADORA PALMA PORTATIL 1,400 RPM 24 AMP  marca TOTAL', 'C/U', '1.00', '0.00', 'EQUIPO Y HERRAMIENTAS DE MANTTO', '2022-05-05'),
(665, 70302203, 32141108, 'TENAZA POLO TIERRA DE 600 AMPERIOS PARA SOLDADURA ELECTRICA', 'C/U', '11.00', '0.00', 'Herramientas y Repuestos', '2022-02-11'),
(666, 70302204, 32141108, 'TENAZA PORTA ELECTRODO DE 600 IMPACTO, INALAMBRICO, CON CARGADOR Y DOS BATERIAS, 20 VOLTIOS', 'C/U', '7.00', '0.00', 'Materiales Eléctrico', '2022-02-11'),
(667, 70302236, 27111514, 'CORTADOR DE VIDRIO', 'C/U', '2.00', '0.00', 'EQUIPO Y HERRAMIENTAS DE MANTTO', '2022-05-05'),
(668, 70305083, 27112845, 'BASICAS DE TALLER AMPERIOS PARA SOLDADURA ELECTRICA', 'C/U', '1.00', '0.00', 'EQUIPO Y HERRAMIENTAS DE MANTTO', '2022-05-05'),
(669, 70305098, 27110000, 'BROCA PILOTO PARA CIERRA COPA, 1/4\"', 'C/U', '1.00', '0.00', 'EQUIPO Y HERRAMIENTAS DE MANTTO', '2022-02-11'),
(670, 70305128, 27111907, 'CEPILLO DE ALAMBRE MANGO DE MADERA', 'C/U', '22.00', '0.00', 'Herramientas y Repuestos', '2022-02-24'),
(671, 70305129, 27111907, 'CEPILLO DE ALAMBRE DE COPA PARA PULIDORA, DE DIAMETRO 4', 'C/U', '1.00', '0.00', 'Herramientas y Repuestos', '2022-02-24'),
(672, 70305165, 27112502, 'GRIFA ARMADOR PARA VARILLA DE 3 /8 PAR', 'C/U', '1.00', '0.00', 'EQUIPO Y HERRAMIENTAS DE MANTTO', '2022-05-05'),
(673, 70305270, 27112104, 'TENAZA DE PRESION DE 10 PULGADAS', 'C/U', '10.00', '0.00', 'EQUIPO Y HERRAMIENTAS DE MANTTO', '2022-05-17'),
(674, 70305275, 27112104, 'TENAZA DE PRESION DE 7 PULGADAS', 'C/U', '6.00', '0.00', 'EQUIPO Y HERRAMIENTAS DE MANTTO', '2022-05-17'),
(675, 70305308, 25170000, 'VENTOSA PARA DESTAPAR LAVAMANOS/ INODOROS', 'C/U', '36.00', '0.00', 'Herramientas y  Editar Repuestos', '2022-02-24'),
(676, 70305333, 14110000, 'ESCARTABON DE 12X24 PULGADAS', 'C/U', '1.00', '0.00', 'EQUIPO Y HERRAMIENTAS DE MANTTO', '2022-05-17'),
(677, 70305338, 27111801, 'CINTA METRICA ENROLLABLE, METALICA DE 8 METROS', 'C/U', '12.00', '0.00', 'EQUIPO Y HERRAMIENTAS DE MANTTO', '2022-05-17'),
(678, 70305348, 27111903, 'CEPILLO NUMERO 4 CON CUCHILLA PARA CARPINTERO', 'C/U', '1.00', '0.00', 'EQUIPO Y HERRAMIENTAS DE MANTTO', '2022-05-05'),
(679, 70305387, 27112825, 'BROCA PARA HIERRO DE 3/16', 'C/U', '2.00', '0.00', 'EQUIPO Y HERRAMIENTAS DE MANTTO', '2022-03-15'),
(680, 70305402, 27112843, 'BROCA CENTRO DE 5/16', 'C/U', '1.00', '0.00', 'EQUIPO Y HERRAMIENTAS DE MANTTO', '2022-02-11'),
(681, 70305720, 27112502, 'GRIFA ARMADOR PARA VARILLA DE 1/4¨, PA', 'C/U', '1.00', '0.00', 'EQUIPO Y HERRAMIENTAS DE MANTTO', '2022-05-05'),
(682, 70305931, 40142002, 'MANGUERA INDUSTRIAL PARA ACETILENO 1/4 (ROJA)', 'C/U', '65.00', '0.00', 'EQUIPO Y HERRAMIENTAS DE MANTTO', '2022-02-11'),
(683, 70330015, 27113203, 'PONCHADORA PARA ESTRUCTURADO, CON CABLEADO CORTADOR', 'C/U', '1.00', '0.00', 'EQUIPO Y HERRAMIENTAS DE MANTTO', '2022-05-17'),
(684, 80200415, 39111702, 'LAMPARA DE FRENTE, INCORPORADO', 'C/U', '6.00', '0.00', 'EQUIPO Y HERRAMIENTAS DE MANTTO', '2022-05-05'),
(685, 70330040, 0, 'PASTA PARA SOLDAR, FRASCO DE 50g', 'C/U', '6.00', '0.00', 'Químico', '2022-02-11'),
(686, 70408004, 46181704, 'CASCO DE SEGURIDAD PARA OBRA, DE POLIETILENO', 'C/U', '13.00', '0.00', 'EQUIPO Y HERRAMIENTAS DE MANTTO', '2022-05-05'),
(687, 70408010, 46181802, 'ANTEOJOS DE SEGURIDAD CLAROS', 'C/U', '20.00', '0.00', 'EQUIPO Y HERRAMIENTAS DE MANTTO', '2022-02-11'),
(688, 70408011, 46181804, 'GAFAS PARA SOLDADURA AUTOGENA', 'C/U', '6.00', '0.00', 'EQUIPO Y HERRAMIENTAS DE MANTTO', '2022-02-11'),
(689, 70408020, 46182001, 'MASCARILLAS DE PROTECCION DE UN FILTRO INTERCAMBIABLE', 'C/U', '31.00', '0.00', 'EQUIPO Y HERRAMIENTAS DE MANTTO', '2022-02-11'),
(690, 70408053, 99999, 'ZAPATO DE SEGURIDAD CON PUNTERA DE ACERO, SUELA ANTIESTATICA, RESISTENTE A PERFORACIONES, CON ABSORCION DE ENERGIA EN EL TALON, PAR', 'C/U', '13.00', '0.00', 'EQUIPO Y HERRAMIENTAS DE MANTTO', '2022-05-06'),
(691, 70408070, 46181703, 'CARETA CON VIDRIO PARA SOLDADOR', 'C/U', '7.00', '0.00', 'EQUIPO Y HERRAMIENTAS DE MANTTO', '2022-02-11'),
(692, 70408071, 46181703, 'CARETA ELECTRONICA PARA SOLDADURA', 'C/U', '2.00', '0.00', 'EQUIPO Y HERRAMIENTAS DE MANTTO', '2022-05-23'),
(693, 70408073, 46181548, 'DELANTAL (MANDIL) DE CUERO, Y  PARA SOLDADOR', 'C/U', '13.00', '0.00', 'EQUIPO Y HERRAMIENTAS DE MANTTO', '2022-02-11'),
(694, 70408550, 46181504, 'GUANTES DE PROTECCION MULTIUSO, PAR GUANTES ANTIDESLIZANTES, PAR', 'C/U', '23.00', '0.00', 'EQUIPO Y HERRAMIENTAS DE MANTTO', '2022-02-11'),
(695, 70409200, 99999, 'CAJA PROTECTORA DE AEROSOLES', 'C/U', '1.00', '0.00', 'Herramientas y Repuestos', '2022-02-24'),
(696, 72011259, 72154119, 'NIPLE DE HIERRO GALVANIZADO, DIAMETRO DE 4 X 9', 'C/U', '12.00', '0.00', 'Minerales Metálico', '2022-03-07'),
(697, 79001200, 99999, 'ACCESORIOS PARA SILLA  DE RUEDAS,CAJA', 'C/U', '1.00', '0.00', 'Herramientas y Repuestos', '2022-02-24'),
(698, 80200211, 26111701, 'BATERIA RECARGABLE PEQUEÑA DE 1.5 V TIPO AAA', 'C/U', '2.00', '0.00', 'Materiales Eléctrico', '2022-02-11'),
(699, 80200215, 26111701, 'BATERIA RECARGABLE MEDIANA DE 1.2 V TIPO AA', 'C/U', '12.00', '0.00', 'Materiales Eléctrico', '2022-02-11'),
(700, 80200230, 26111701, 'BATERIA RECARGABLE CUADRADA DE 9V MANOS LIBRES, TIPO CASERÍA, LUZ LE', 'C/U', '6.00', '0.00', 'Materiales Eléctrico', '2022-02-11'),
(701, 80804065, 46181525, 'CAPA IMPERMEABLES DE  1 PIEZA VARIOS COLORES Y TALLAS', 'C/U', '12.00', '0.00', 'EQUIPO Y HERRAMIENTAS DE MANTTO', '2022-05-17');




INSERT INTO `tb_bodega` (`codBodega`, `departamento`, `usuario`, `campo`, `fecha_registro`, `estado`, `idusuario`) VALUES
(5, 'Dirección Hospital', 'Ernesto Gonzalez Choto', 'Solicitud Bodega', '2022-04-04', 'Rechazado', 1),
(32, 'Unidad Financiara Institucional', 'Baltazar Alexander Marinero Perez', 'Solicitud Bodega', '2022-03-30', 'Aprobado', 2),
(33, 'Departamento Mantenimiento Local', 'René Adán Villalta Pérez', 'Solicitud Bodega', '2022-02-20', 'Aprobado', 2),
(40, 'Radiologia e imagenes', 'Baltazar Alexander Marinero Perez', 'Solicitud Bodega', '2022-05-16', 'Aprobado', 2),
(42, 'Dirección Hospital', 'Baltazar Alexander Marinero Perez', 'Solicitud Bodega', '2022-04-04', 'Rechazado', 2),
(45, 'Subdirección Hospital', 'Ernesto Gonzalez Choto', 'Solicitud Bodega', '2022-03-21', 'Pendiente', 1),
(46, 'Servicio Consulta Externa', 'Baltazar Alexander Marinero Perez', 'Solicitud Bodega', '2022-05-24', 'Aprobado', 2),
(102, 'Departamento Activo Fijo', 'Ernesto Gonzalez Choto', 'Solicitud Bodega', '2022-03-15', 'Pendiente', 1),
(113, 'Servicio Almacén', 'Ernesto Gonzalez Choto', 'Solicitud Bodega', '2022-03-15', 'Pendiente', 1),
(123, 'Subdirección Hospital', 'Ernesto Gonzalez Choto', 'Solicitud Bodega', '2022-03-15', 'Pendiente', 1),
(148, 'Sección Equipo Básico', 'Baltazar Alexander Marinero Perez', 'Solicitud Bodega', '2022-03-30', 'Aprobado', 2),
(151, 'Unidad Sala de Partos', 'Baltazar Alexander Marinero Perez', 'Solicitud Bodega', '2022-04-05', 'Aprobado', 2),
(170, 'Unidad Máxima Urgencia', 'Anderson Eduardo López Rodriguez', 'Solicitud Bodega', '2022-04-04', 'Pendiente', 2),
(179, 'EMERGENCIA', 'Yenifer Marisol Campos Yanez', 'Solicitud Bodega', '2022-04-06', 'Aprobado', 2),
(188, 'Unidad Máxima Urgencia', 'Yenifer Marisol Campos Yanez', 'Solicitud Bodega', '2022-04-04', 'Aprobado', 2),
(209, 'Departamento Mantenimiento Local', 'Ernesto Gonzalez Choto', 'Solicitud Bodega', '2022-03-15', 'Pendiente', 1),
(215, 'Departamento Mantenimiento Local', 'Ernesto Gonzalez Choto', 'Solicitud Bodega', '2022-03-10', 'Pendiente', 1),
(218, 'Área COVID 19', 'Yenifer Marisol Campos Yanez', 'Solicitud Bodega', '2022-04-06', 'Aprobado', 2),
(224, 'bienestar magisterial', 'Yenifer Marisol Campos Yanez', 'Solicitud Bodega', '2022-04-06', 'Aprobado', 2),
(228, 'Unidad Neonatos', 'Ernesto Gonzalez Choto', 'Solicitud Bodega', '2022-03-15', 'Pendiente', 1),
(229, 'Unidad Neonatos', 'Ernesto Gonzalez Choto', 'Solicitud Bodega', '2022-03-25', 'Aprobado', 1),
(230, 'Unidad Financiara Institucional', 'Ernesto Gonzalez Choto', 'Solicitud Bodega', '2022-03-25', 'Aprobado', 1),
(231, 'LABORATORIO CLINICO', 'Ernesto Gonzalez Choto', 'Solicitud Bodega', '2022-03-01', 'Pendiente', 1),
(236, 'Departamento Estadística y Documento Médicos', 'Miguel Antonio Corvera Torres', 'Solicitud Bodega', '2022-03-25', 'Aprobado', 2),
(245, 'Servicio Consulta Externa', 'Yenifer Marisol Campos Yanez', 'Solicitud Bodega', '2022-04-04', 'Aprobado', 2),
(255, 'Servicio Consulta Externa', 'René Adán Villalta Pérez', 'Solicitud Bodega', '2022-03-30', 'Aprobado', 2),
(257, 'Aérea Servicios Auxiliares', 'Miguel Antonio Corvera Torres', 'Solicitud Bodega', '2022-03-01', 'Aprobado', 2),
(260, 'Departamento Recursos Humanos', 'Ernesto Gonzalez Choto', 'Solicitud Bodega', '2022-03-25', 'Aprobado', 1),
(263, 'Servicio Almacén', 'René Adán Villalta Pérez', 'Solicitud Bodega', '2022-03-25', 'Aprobado', 2),
(264, 'Área COVID 19', 'Miguel Antonio Corvera Torres', 'Solicitud Bodega', '2022-02-20', 'Aprobado', 2),
(268, 'EMERGENCIA', 'Yenifer Marisol Campos Yanez', 'Solicitud Bodega', '2022-04-06', 'Aprobado', 2),
(269, 'Unidad Sala de Partos', 'Yenifer Marisol Campos Yanez', 'Solicitud Bodega', '2022-04-06', 'Aprobado', 2),
(273, 'Unidad Máxima Urgencia', 'Yenifer Marisol Campos Yanez', 'Solicitud Bodega', '2022-04-04', 'Aprobado', 2),
(278, 'Unidad Máxima Urgencia', 'Yenifer Marisol Campos Yanez', 'Solicitud Bodega', '2022-04-04', 'Aprobado', 2),
(280, 'Área COVID 19', 'Yenifer Marisol Campos Yanez', 'Solicitud Bodega', '2022-04-04', 'Aprobado', 2),
(281, 'Unidad Sala de Operación', 'Ernesto Gonzalez Choto', 'Solicitud Bodega', '2022-04-06', 'Aprobado', 1),
(282, 'Departamento Mantenimiento Local', 'Ernesto Gonzalez Choto', 'Solicitud Bodega', '2022-04-06', 'Aprobado', 1),
(284, 'Servicio Consulta Externa', 'Anderson Eduardo López Rodriguez', 'Solicitud Bodega', '2022-03-29', 'Aprobado', 2),
(287, 'Departamento Lavandería y Ropería', 'Yenifer Marisol Campos Yanez', 'Solicitud Bodega', '2022-03-29', 'Aprobado', 2),
(294, 'Unidad Sala de Operación', 'Miguel Antonio Corvera Torres', 'Solicitud Bodega', '2022-03-30', 'Aprobado', 2),
(297, 'Departamento Mantenimiento Local', 'Anderson Eduardo López Rodriguez', 'Solicitud Bodega', '2022-03-01', 'Aprobado', 2),
(301, 'Departamento Mantenimiento Local', 'Fransico Tolentino López', 'Solicitud Bodega', '2022-03-30', 'Aprobado', 2),
(302, 'Departamento Lavandería y Ropería', 'René Adán Villalta Pérez', 'Solicitud Bodega', '2022-03-01', 'Aprobado', 2),
(303, 'Servicio Medicina Hombres', 'Ronald Alexander Lopez Cisnero', 'Solicitud Bodega', '2022-04-29', 'Aprobado', 2),
(304, 'Departamento Mantenimiento Local', 'Anderson Eduardo López Rodriguez', 'Solicitud Bodega', '2022-04-05', 'Aprobado', 2),
(308, 'Aérea Servicios Auxiliares', 'Fransico Tolentino López', 'Solicitud Bodega', '2022-04-04', 'Aprobado', 2),
(309, 'Departamento Mantenimiento Local', 'Miguel Antonio Corvera Torres', 'Solicitud Bodega', '2022-04-05', 'Rechazado', 2),
(310, 'Departamento Mantenimiento Local', 'Anderson Eduardo López Rodriguez', 'Solicitud Bodega', '2022-04-01', 'Aprobado', 2),
(312, 'Aérea Servicios Auxiliares', 'Miguel Antonio Corvera Torres', 'Solicitud Bodega', '2022-04-04', 'Pendiente', 2),
(313, 'Unidad Neonatos', 'Anderson Eduardo López Rodriguez', 'Solicitud Bodega', '2022-05-31', 'Aprobado', 2),
(314, 'DIVISIÓN ADMINISTRATIVA', 'Miguel Antonio Corvera Torres', 'Solicitud Bodega', '2022-05-31', 'Aprobado', 2),
(315, 'Servicio Almacén', 'José Domingo Echeverría', 'Solicitud Bodega', '2022-04-06', 'Aprobado', 2),
(316, 'Servicio Medicina Mujeres', 'René Adán Villalta Pérez', 'Solicitud Bodega', '2022-04-04', 'Aprobado', 2),
(317, 'Servicio Medicina Mujeres', 'René Adán Villalta Pérez', 'Solicitud Bodega', '2022-04-08', 'Aprobado', 2),
(319, 'Servicio Centro Quirúrgico', 'Napoleón Alfredo Rodas', 'Solicitud Bodega', '2022-04-04', 'Pendiente', 2),
(322, 'Departamento Mantenimiento Local', 'Miguel Antonio Corvera Torres', 'Solicitud Bodega', '2022-04-06', 'Aprobado', 2),
(323, 'FISIOTERAPIA', 'Anderson Eduardo López Rodriguez', 'Solicitud Bodega', '2022-04-07', 'Aprobado', 2),
(326, 'Radiologia e imagenes', 'Yenifer Marisol Campos Yanez', 'Solicitud Bodega', '2022-04-07', 'Aprobado', 2),
(333, 'LABORATORIO CLINICO', 'Anderson Eduardo López Rodriguez', 'Solicitud Bodega', '2022-02-20', 'Aprobado', 2),
(339, 'Departamento Mantenimiento Local', 'Anderson Eduardo López Rodriguez', 'Solicitud Bodega', '2022-02-20', 'Aprobado', 2),
(342, 'Área Residencial Médica', 'Ernesto Gonzalez Choto', 'Solicitud Bodega', '2022-02-20', 'Aprobado', 1),
(354, 'Aérea Servicios Auxiliares', 'Miguel Antonio Corvera Torres', 'Solicitud Bodega', '22022-04-08', 'Aprobado', 2),
(356, 'Departamento Mantenimiento Local', 'René Adán Villalta Pérez', 'Solicitud Bodega', '2022-02-20', 'Aprobado', 2),
(357, 'Departamento Mantenimiento Local', 'Napoleon Alfredo Rodas', 'Solicitud Bodega', '2022-02-20', 'Aprobado', 2),
(358, 'DIVISIÓN ADMINISTRATIVA', 'Napoleon Alfredo Rodas', 'Solicitud Bodega', '2022-02-20', 'Aprobado', 2),
(359, 'Aérea Servicios Auxiliares', 'Miguel Antonio Corvera Torres', 'Solicitud Bodega', '2022-04-01', 'Aprobado', 2),
(365, 'Unidad Sala de Operación', 'Anderson Eduardo López Rodriguez', 'Solicitud Bodega', '22022-04-05', 'Aprobado', 2),
(387, 'Sección Equipo Médico', 'José Domingo Echeverría', 'Solicitud Bodega', '22022-04-05', 'Aprobado', 2),
(388, 'Departamento Mantenimiento Local', 'Napoleon Alfredo Rodas', 'Solicitud Bodega', '22022-04-06', 'Aprobado', 2),
(390, 'Unidad Sala de Partos', 'Anderson Eduardo López Rodriguez', 'Solicitud Bodega', '22022-04-06', 'Aprobado', 2),
(396, 'Servicio Consulta Externa', 'Baltazar Alexander Marinero Perez', 'Solicitud Bodega', '2022-04-29', 'Aprobado', 2),
(397, 'Servicio Almacén', 'Yenifer Marisol Campos Yanez', 'Solicitud Bodega', '2022-04-29', 'Aprobado', 2),
(401, 'Radiologia e imagenes', 'Baltazar Alexander Marinero Perez', 'Solicitud Bodega', '2022-05-16', 'Aprobado', 2),
(402, 'EMERGENCIA', 'Napoleon Alfredo Rodas', 'Solicitud Bodega', '2022-05-11', 'Aprobado', 2),
(405, 'Unidad Sala de Operación', 'Kilmar Waldir Pérez Marin', 'Solicitud Bodega', '2022-04-29', 'Aprobado', 2),
(409, 'Departamento Estadística y Documento Médicos', 'Fransico Tolentino López', 'Solicitud Bodega', '2022-05-20', 'Aprobado', 2),
(411, 'EMERGENCIA', 'Miguel Antonio Corvera Torres', 'Solicitud Bodega', '2022-05-06', 'Aprobado', 2),
(412, 'Departamento Mantenimiento Local', 'René Adán Villalta Pérez', 'Solicitud Bodega', '2022-05-17', 'Pendiente', 2),
(418, 'Dirección Hospital', 'Fransico Tolentino López', 'Solicitud Bodega', '2022-05-30', 'Aprobado', 2),
(419, 'Dirección Hospital', 'Fransico Tolentino López', 'Solicitud Bodega', '2022-05-25', 'Aprobado', 2),
(420, 'EMERGENCIA', 'Fransico Tolentino López', 'Solicitud Bodega', '2022-05-04', 'Aprobado', 2),
(422, 'Dirección Hospital', 'Miguel Antonio Corvera Torres', 'Solicitud Bodega', '2022-05-06', 'Aprobado', 2),
(425, 'cirugia Hombre', 'Napoleon Alfredo Rodas', 'Solicitud Bodega', '2022-05-06', 'Aprobado', 2),
(426, 'Servicio Trabajo Social', 'Miguel Antonio Corvera Torres', 'Solicitud Bodega', '2022-05-09', 'Aprobado', 2),
(427, 'Departamento Mantenimiento Local', 'Miguel Antonio Corvera Torres', 'Solicitud Bodega', '2022-05-11', 'Aprobado', 2),
(430, 'LABORATORIO CLINICO', 'Fransico Tolentino López', 'Solicitud Bodega', '2022-05-16', 'Aprobado', 2),
(432, 'FARMACIA', 'Fransico Tolentino López', 'Solicitud Bodega', '2022-05-11', 'Aprobado', 2),
(433, 'bienestar magisterial', 'Miguel Antonio Corvera Torres', 'Solicitud Bodega', '2022-05-11', 'Aprobado', 2),
(445, 'Dirección Hospital', 'Ernesto Gonzalez Choto', 'Solicitud Bodega', '2022-03-15', 'Pendiente', 1),
(449, 'Aérea Servicios Auxiliares', 'Kevin Alexander Guevara Marinero', 'Solicitud Bodega', '2022-05-25', 'Aprobado', 2),
(450, 'Unidad Sala de Partos', 'Napoleon Alfredo Rodas', 'Solicitud Bodega', '2022-05-17', 'Aprobado', 2),
(451, 'Departamento Mantenimiento Local', 'Napoleon Alfredo Rodas', 'Solicitud Bodega', '2022-05-17', 'Aprobado', 2),
(452, 'Área COVID 19', 'Miguel Antonio Corvera Torres', 'Solicitud Bodega', '2022-05-17', 'Aprobado', 2),
(453, 'FISIOTERAPIA', 'René Adán Villalta Pérez', 'Solicitud Bodega', '2022-05-20', 'Aprobado', 2),
(478, 'Servicio Consulta Externa', 'René Adán Villalta Pérez', 'Solicitud Bodega', '2022-05-24', 'Pendiente', 2),
(482, 'Departamento Mantenimiento Local', 'Yenifer Marisol Campos Yanez', 'Solicitud Bodega', '2022-05-23', 'Aprobado', 2),
(483, 'Departamento Mantenimiento Local', 'Baltazar Alexander Marinero Perez', 'Solicitud Bodega', '2022-05-20', 'Aprobado', 2),
(486, 'Sección Equipo Básico', 'Baltazar Alexander Marinero Perez', 'Solicitud Bodega', '2022-05-24', 'Aprobado', 2),
(496, 'Servicio Obstetricia', 'Anderson Eduardo López Rodriguez', 'Solicitud Bodega', '2022-05-25', 'Aprobado', 2),
(497, 'Departamento Mantenimiento Local', 'José Domingo Echeverría', 'Solicitud Bodega', '2022-05-25', 'Aprobado', 2),
(500, 'Unidad Neonatos', 'René Adán Villalta Pérez', 'Solicitud Bodega', '2022-05-27', 'Aprobado', 2),
(501, 'Departamento Mantenimiento Local', 'José Domingo Echeverría', 'Solicitud Bodega', '2022-05-31', 'Aprobado', 2),
(502, 'Servicio Obstetricia', 'Fransico Tolentino López', 'Solicitud Bodega', '2022-05-27', 'Aprobado', 2),
(504, 'Pediatría', 'Napoleon Alfredo Rodas', 'Solicitud Bodega', '2022-05-01', 'Aprobado', 2),
(512, 'Área COVID 19', 'Napoleon Alfredo Rodas', 'Solicitud Bodega', '2022-05-31', 'Aprobado', 2),
(514, 'Departamento Mantenimiento Local', 'Anderson Eduardo López Rodriguez', 'Solicitud Bodega', '2022-05-30', 'Aprobado', 2),
(515, 'Pediatría', 'René Adán Villalta Pérez', 'Solicitud Bodega', '2022-05-31', 'Aprobado', 2),
(516, 'FISIOTERAPIA', 'Fransico Tolentino López', 'Solicitud Bodega', '2022-05-01', 'Aprobado', 2),
(517, 'Radiologia e imagenes', 'Yenifer Marisol Campos Yanez', 'Solicitud Bodega', '2022-05-31', 'Aprobado', 2),
(518, 'bienestar magisterial', 'René Adán Villalta Pérez', 'Solicitud Bodega', '2022-05-31', 'Aprobado', 2),
(519, 'Departamento Mantenimiento Local', 'Kevin Alexander Guevara Marinero', 'Solicitud Bodega', '2022-05-01', 'Aprobado', 2),
(529, 'GINECOLOGIA', 'Napoleon Alfredo Rodas', 'Solicitud Bodega', '2022-05-01', 'Aprobado', 2),
(554, 'Dirección Hospital', 'Ernesto Gonzalez Choto', 'Solicitud Bodega', '2022-03-15', 'Pendiente', 1),
(1520, 'Sección Planta Física y Monitoreo', 'Ernesto Gonzalez Choto', 'Solicitud Bodega', '2022-03-28', 'Aprobado', 1),
(1701, 'Unidad Máxima Urgencia', 'Anderson Eduardo López Rodriguez', 'Solicitud Bodega', '2022-04-04', 'Pendiente', 2),
(2301, 'Unidad Financiara Institucional', 'Ernesto Gonzalez Choto', 'Solicitud Bodega', '2022-03-15', 'Pendiente', 1),
(2451, 'Servicio Medicina Mujeres', 'Yenifer Marisol Campos Yanez', 'Solicitud Bodega', '2022-04-06', 'Aprobado', 2),
(2641, 'Área COVID 19', 'Miguel Antonio Corvera Torres', 'Solicitud Bodega', '2022-02-20', 'Aprobado', 2),
(2971, 'Departamento Mantenimiento Local', 'Anderson Eduardo López Rodriguez', 'Solicitud Bodega', '2022-03-01', 'Rechazado', 2),
(2972, 'Departamento Mantenimiento Local', 'Anderson Eduardo López Rodriguez', 'Solicitud Bodega', '2022-03-01', 'Aprobado', 2),
(3041, 'Departamento Mantenimiento Local', 'Anderson Eduardo López Rodriguez', 'Solicitud Bodega', '2022-04-05', 'Pendiente', 2),
(3042, 'Departamento Mantenimiento Local', 'Anderson Eduardo López Rodriguez', 'Solicitud Bodega', '2022-04-05', 'Aprobado', 2),
(3043, 'Departamento Mantenimiento Local', 'Anderson Eduardo López Rodriguez', 'Solicitud Bodega', '2022-04-06', 'Aprobado', 2),
(3081, 'Aérea Servicios Auxiliares', 'Fransico Tolentino López', 'Solicitud Bodega', '2022-04-04', 'Aprobado', 2),
(3082, 'Aérea Servicios Auxiliares', 'Fransico Tolentino López', 'Solicitud Bodega', '2022-02-20', 'Aprobado', 2),
(3091, 'Departamento Mantenimiento Local', 'Miguel Antonio Corvera Torres', 'Solicitud Bodega', '2022-04-05', 'Aprobado', 2),
(3101, 'Departamento Mantenimiento Local', 'Anderson Eduardo López Rodriguez', 'Solicitud Bodega', '2022-04-01', 'Aprobado', 2),
(3131, 'Unidad Neonatos', 'Anderson Eduardo López Rodriguez', 'Solicitud Bodega', '2022-05-31', 'Aprobado', 2),
(3141, 'DIVISIÓN ADMINISTRATIVA', 'Miguel Antonio Corvera Torres', 'Solicitud Bodega', '2022-02-20', 'Aprobado', 2),
(3151, 'Servicio Almacén', 'José Domingo Echeverría', 'Solicitud Bodega', '2022-04-06', 'Pendiente', 2),
(3152, 'FISIOTERAPIA', 'Fransico Tolentino López', 'Solicitud Bodega', '2022-04-07', 'Aprobado', 2),
(3871, 'Departamento Mantenimiento Local', 'José Domingo Echeverría', 'Solicitud Bodega', '2022-05-05', 'Aprobado', 2),
(4051, 'Departamento Mantenimiento Local', 'José Domingo Echeverría', 'Solicitud Bodega', '2022-05-09', 'Aprobado', 2),
(4191, 'Dirección Hospital', 'Fransico Tolentino López', 'Solicitud Bodega', '2022-05-25', 'Aprobado', 2),
(4261, 'Servicio Trabajo Social', 'Miguel Antonio Corvera Torres', 'Solicitud Bodega', '2022-05-25', 'Aprobado', 2),
(4301, 'LABORATORIO CLINICO', 'Fransico Tolentino López', 'Solicitud Bodega', '2022-05-16', 'Aprobado', 2),
(4321, 'FARMACIA', 'Fransico Tolentino López', 'Solicitud Bodega', '2022-05-11', 'Aprobado', 2),
(4331, 'bienestar magisterial', 'Miguel Antonio Corvera Torres', 'Solicitud Bodega', '2022-05-17', 'Aprobado', 2),
(4491, 'Aérea Servicios Auxiliares', 'Kevin Alexander Guevara Marinero', 'Solicitud Bodega', '2022-05-25', 'Aprobado', 2),
(4511, 'Departamento Mantenimiento Local', 'Napoleon Alfredo Rodas', 'Solicitud Bodega', '2022-05-17', 'Aprobado', 2),
(4512, 'Pediatría', 'Napoleon Alfredo Rodas', 'Solicitud Bodega', '22022-05-06', 'Aprobado', 2),
(4521, 'Área COVID 19', 'Miguel Antonio Corvera Torres', 'Solicitud Bodega', '12022-05-09', 'Aprobado', 2),
(4821, 'Departamento Mantenimiento Local', 'Yenifer Marisol Campos Yanez', 'Solicitud Bodega', '2022-05-23', 'Aprobado', 2),
(4822, 'Departamento Mantenimiento Local', 'Yenifer Marisol Campos Yanez', 'Solicitud Bodega', '2022-05-31', 'Aprobado', 2),
(5151, 'Pediatría', 'Yenifer Marisol Campos Yanez', 'Solicitud Bodega', '2022-05-31', 'Aprobado', 2),
(5161, 'FISIOTERAPIA', 'Fransico Tolentino López', 'Solicitud Bodega', '2022-05-01', 'Aprobado', 2),
(5181, 'Departamento Mantenimiento Local', 'José Domingo Echeverría', 'Solicitud Bodega', '2022-05-01', 'Aprobado', 2),
(31601, 'Servicio Medicina Mujeres', 'René Adán Villalta Pérez', 'Solicitud Bodega', '2022-04-05', 'Aprobado', 2),
(45111, 'Pediatría', 'Napoleon Alfredo Rodas', 'Solicitud Bodega', '2022-05-18', 'Aprobado', 2),
(70222, 'Departamento Mantenimiento Local', 'Yenifer Marisol Campos Yanez', 'Solicitud Bodega', '2022-04-05', 'Aprobado', 2),
(90222, 'Unidad Máxima Urgencia', 'Yenifer Marisol Campos Yanez', 'Solicitud Bodega', '2022-04-05', 'Aprobado', 2),
(150322, 'Departamento Mantenimiento Local', 'Yenifer Marisol Campos Yanez', 'Solicitud Bodega', '2022-04-05', 'Aprobado', 2),
(203220, 'Departamento Mantenimiento Local', 'Ernesto Gonzalez Choto', 'Solicitud Bodega', '2022-03-03', 'Pendiente', 1),
(210422, 'DIVISIÓN ADMINISTRATIVA', 'Yenifer Marisol Campos Yanez', 'Solicitud Bodega', '2022-04-01', 'Aprobado', 2),
(212121, 'Departamento Mantenimiento Local', 'Ernesto Gonzalez Choto', 'Solicitud Bodega', '2022-02-25', 'Pendiente', 1),
(250222, 'Departamento Mantenimiento Local', 'Ernesto Gonzalez Choto', 'Solicitud Bodega', '2022-02-26', 'Pendiente', 1),
(403220, 'Departamento Mantenimiento Local', 'Ernesto Choto', 'Solicitud Bodega', '2022-03-05', 'Pendiente', 2),
(403221, 'Departamento Mantenimiento Local', 'Ernesto Choto', 'Solicitud Bodega', '2022-03-05', 'Pendiente', 2),
(403222, 'Departamento Mantenimiento Local', 'Ernesto Choto', 'Solicitud Bodega', '2022-03-05', 'Pendiente', 2),
(403223, 'Departamento Mantenimiento Local', 'Ernesto Choto', 'Solicitud Bodega', '2022-03-05', 'Pendiente', 2),
(403225, 'Departamento Mantenimiento Local', 'Ernesto Choto', 'Solicitud Bodega', '2022-03-05', 'Pendiente', 2),
(403226, 'Departamento Mantenimiento Local', 'Ernesto Choto', 'Solicitud Bodega', '2022-03-05', 'Pendiente', 2),
(403227, 'Departamento Mantenimiento Local', 'Ernesto Choto', 'Solicitud Bodega', '2022-03-05', 'Pendiente', 2),
(1032201, 'Departamento Mantenimiento Local', 'Ernesto Gonzalez Choto', 'Solicitud Bodega', '2022-03-02', 'Pendiente', 1),
(1032202, 'Departamento Mantenimiento Local', 'Ernesto Gonzalez Choto', 'Solicitud Bodega', '2022-03-02', 'Pendiente', 1),
(1032203, 'Departamento Mantenimiento Local', 'Ernesto Gonzalez Choto', 'Solicitud Bodega', '2022-03-02', 'Pendiente', 1),
(1032204, 'Departamento Mantenimiento Local', 'Ernesto Gonzalez Choto', 'Solicitud Bodega', '2022-03-02', 'Pendiente', 1),
(1032205, 'Departamento Mantenimiento Local', 'Ernesto Gonzalez Choto', 'Solicitud Bodega', '2022-03-02', 'Pendiente', 1),
(1032206, 'Departamento Mantenimiento Local', 'Ernesto Gonzalez Choto', 'Solicitud Bodega', '2022-03-02', 'Pendiente', 1),
(1032207, 'Departamento Mantenimiento Local', 'Ernesto Gonzalez Choto', 'Solicitud Bodega', '2022-03-02', 'Pendiente', 1),
(1032208, 'Departamento Mantenimiento Local', 'Ernesto Gonzalez Choto', 'Solicitud Bodega', '2022-03-02', 'Pendiente', 1),
(1032209, 'Departamento Mantenimiento Local', 'Ernesto Gonzalez Choto', 'Solicitud Bodega', '2022-03-02', 'Pendiente', 1),
(1032210, 'Departamento Mantenimiento Local', 'Ernesto Gonzalez Choto', 'Solicitud Bodega', '2022-03-02', 'Pendiente', 1),
(1032211, 'Departamento Mantenimiento Local', 'Ernesto Gonzalez Choto', 'Solicitud Bodega', '2022-03-02', 'Pendiente', 1),
(1032212, 'Departamento Mantenimiento Local', 'Ernesto Gonzalez Choto', 'Solicitud Bodega', '2022-03-02', 'Pendiente', 1),
(1032213, 'Departamento Mantenimiento Local', 'Ernesto Gonzalez Choto', 'Solicitud Bodega', '2022-03-02', 'Pendiente', 1),
(1032214, 'Departamento Mantenimiento Local', 'Ernesto Gonzalez Choto', 'Solicitud Bodega', '2022-03-02', 'Pendiente', 1),
(1032215, 'Departamento Mantenimiento Local', 'Ernesto Gonzalez Choto', 'Solicitud Bodega', '2022-03-02', 'Pendiente', 1),
(1032216, 'Departamento Mantenimiento Local', 'Ernesto Gonzalez Choto', 'Solicitud Bodega', '2022-03-02', 'Pendiente', 1),
(1032217, 'Departamento Mantenimiento Local', 'Ernesto Gonzalez Choto', 'Solicitud Bodega', '2022-03-02', 'Pendiente', 1),
(1032220, 'Departamento Mantenimiento Local', 'Ernesto Gonzalez Choto', 'Solicitud Bodega', '2022-03-02', 'Pendiente', 1),
(1032222, 'Departamento Mantenimiento Local', 'Ernesto Gonzalez Choto', 'Solicitud Bodega', '2022-03-02', 'Pendiente', 1),
(1032224, 'Departamento Mantenimiento Local', 'Ernesto Gonzalez Choto', 'Solicitud Bodega', '2022-03-02', 'Pendiente', 1),
(1032225, 'Departamento Mantenimiento Local', 'Ernesto Gonzalez Choto', 'Solicitud Bodega', '2022-03-02', 'Pendiente', 1),
(1032226, 'Departamento Mantenimiento Local', 'Ernesto Gonzalez Choto', 'Solicitud Bodega', '2022-03-02', 'Pendiente', 1),
(1032227, 'Departamento Mantenimiento Local', 'Ernesto Gonzalez Choto', 'Solicitud Bodega', '2022-03-02', 'Pendiente', 1),
(1062022, 'Unidad Neonatos', 'Miguel Antonio Corvera Torres', 'Solicitud Bodega', '2022-05-01', 'Aprobado', 2),
(1532022, 'Departamento Mantenimiento Local', 'Ernesto Gonzalez Choto', 'Solicitud Bodega', '2022-02-25', 'Pendiente', 1),
(2032201, 'Departamento Mantenimiento Local', 'Ernesto Gonzalez Choto', 'Solicitud Bodega', '2022-03-03', 'Pendiente', 1),
(2032202, 'Departamento Mantenimiento Local', 'Ernesto Gonzalez Choto', 'Solicitud Bodega', '2022-03-03', 'Pendiente', 1),
(2032203, 'Departamento Mantenimiento Local', 'Ernesto Gonzalez Choto', 'Solicitud Bodega', '2022-03-03', 'Pendiente', 1),
(2032204, 'Departamento Mantenimiento Local', 'Ernesto Gonzalez Choto', 'Solicitud Bodega', '2022-03-03', 'Pendiente', 1),
(2032205, 'Departamento Mantenimiento Local', 'Ernesto Gonzalez Choto', 'Solicitud Bodega', '2022-03-03', 'Pendiente', 1),
(2032206, 'Departamento Mantenimiento Local', 'Ernesto Gonzalez Choto', 'Solicitud Bodega', '2022-03-03', 'Pendiente', 1),
(2032207, 'Departamento Mantenimiento Local', 'Ernesto Gonzalez Choto', 'Solicitud Bodega', '2022-03-03', 'Pendiente', 1),
(2032208, 'Departamento Mantenimiento Local', 'Ernesto Gonzalez Choto', 'Solicitud Bodega', '2022-03-03', 'Pendiente', 1),
(2032209, 'Departamento Mantenimiento Local', 'Ernesto Gonzalez Choto', 'Solicitud Bodega', '2022-03-03', 'Pendiente', 1),
(2032210, 'Departamento Mantenimiento Local', 'Ernesto Gonzalez Choto', 'Solicitud Bodega', '2022-03-03', 'Pendiente', 1),
(2032211, 'Departamento Mantenimiento Local', 'Ernesto Gonzalez Choto', 'Solicitud Bodega', '2022-03-03', 'Pendiente', 1),
(2032212, 'Departamento Mantenimiento Local', 'Ernesto Gonzalez Choto', 'Solicitud Bodega', '2022-03-03', 'Pendiente', 1),
(2032213, 'Departamento Mantenimiento Local', 'Ernesto Gonzalez Choto', 'Solicitud Bodega', '2022-03-03', 'Pendiente', 1),
(2032214, 'Departamento Mantenimiento Local', 'Ernesto Gonzalez Choto', 'Solicitud Bodega', '2022-03-03', 'Pendiente', 1),
(2032216, 'Departamento Mantenimiento Local', 'Ernesto Gonzalez Choto', 'Solicitud Bodega', '2022-03-03', 'Pendiente', 1),
(2032217, 'Departamento Mantenimiento Local', 'Ernesto Gonzalez Choto', 'Solicitud Bodega', '2022-03-03', 'Pendiente', 1),
(2502221, 'Departamento Mantenimiento Local', 'Ernesto Gonzalez Choto', 'Solicitud Bodega', '2022-02-26', 'Pendiente', 1),
(2502222, 'Departamento Mantenimiento Local', 'Ernesto Gonzalez Choto', 'Solicitud Bodega', '2022-02-26', 'Pendiente', 1),
(2502223, 'Departamento Mantenimiento Local', 'Ernesto Gonzalez Choto', 'Solicitud Bodega', '2022-02-26', 'Pendiente', 1),
(2502224, 'Departamento Mantenimiento Local', 'Ernesto Gonzalez Choto', 'Solicitud Bodega', '2022-02-26', 'Pendiente', 1),
(2502225, 'Departamento Mantenimiento Local', 'Ernesto Gonzalez Choto', 'Solicitud Bodega', '2022-02-26', 'Pendiente', 1),
(2502226, 'Departamento Mantenimiento Local', 'Ernesto Gonzalez Choto', 'Solicitud Bodega', '2022-02-26', 'Pendiente', 1),
(2502227, 'Departamento Mantenimiento Local', 'Ernesto Gonzalez Choto', 'Solicitud Bodega', '2022-02-26', 'Pendiente', 1),
(2502228, 'Departamento Mantenimiento Local', 'Ernesto Gonzalez Choto', 'Solicitud Bodega', '2022-02-26', 'Pendiente', 1),
(2502229, 'Departamento Mantenimiento Local', 'Ernesto Gonzalez Choto', 'Solicitud Bodega', '2022-02-26', 'Pendiente', 1),
(2822221, 'Departamento Mantenimiento Local', 'Ernesto Gonzalez Choto', 'Solicitud Bodega', '2022-03-01', 'Pendiente', 1),
(3032200, 'Departamento Mantenimiento Local', 'Ernesto Gonzalez Choto', 'Solicitud Bodega', '2022-03-04', 'Pendiente', 1),
(3032201, 'Departamento Mantenimiento Local', 'Ernesto Gonzalez Choto', 'Solicitud Bodega', '2022-03-04', 'Pendiente', 1),
(3032202, 'Departamento Mantenimiento Local', 'Ernesto Gonzalez Choto', 'Solicitud Bodega', '2022-03-04', 'Pendiente', 1),
(3032203, 'Departamento Mantenimiento Local', 'Ernesto Gonzalez Choto', 'Solicitud Bodega', '2022-03-04', 'Pendiente', 1),
(3032204, 'Departamento Mantenimiento Local', 'Ernesto Gonzalez Choto', 'Solicitud Bodega', '2022-03-04', 'Pendiente', 1),
(3032205, 'Departamento Mantenimiento Local', 'Ernesto Gonzalez Choto', 'Solicitud Bodega', '2022-03-04', 'Pendiente', 1),
(3032206, 'Departamento Mantenimiento Local', 'Ernesto Gonzalez Choto', 'Solicitud Bodega', '2022-03-04', 'Pendiente', 1),
(3032207, 'Departamento Mantenimiento Local', 'Ernesto Gonzalez Choto', 'Solicitud Bodega', '2022-03-04', 'Pendiente', 1),
(3032208, 'Departamento Mantenimiento Local', 'Ernesto Gonzalez Choto', 'Solicitud Bodega', '2022-03-04', 'Pendiente', 1),
(3032209, 'Departamento Mantenimiento Local', 'Ernesto Gonzalez Choto', 'Solicitud Bodega', '2022-03-04', 'Pendiente', 1),
(3032210, 'Departamento Mantenimiento Local', 'Ernesto Gonzalez Choto', 'Solicitud Bodega', '2022-03-04', 'Pendiente', 1),
(3032211, 'Departamento Mantenimiento Local', 'Ernesto Gonzalez Choto', 'Solicitud Bodega', '2022-03-04', 'Pendiente', 1),
(3032212, 'Departamento Mantenimiento Local', 'Ernesto Gonzalez Choto', 'Solicitud Bodega', '2022-03-04', 'Pendiente', 1),
(3032213, 'Departamento Mantenimiento Local', 'Ernesto Gonzalez Choto', 'Solicitud Bodega', '2022-03-04', 'Pendiente', 1),
(3032214, 'Departamento Mantenimiento Local', 'Ernesto Gonzalez Choto', 'Solicitud Bodega', '2022-03-04', 'Pendiente', 1),
(3032215, 'Departamento Mantenimiento Local', 'Ernesto Gonzalez Choto', 'Solicitud Bodega', '2022-03-04', 'Pendiente', 1),
(3032216, 'Departamento Mantenimiento Local', 'Ernesto Gonzalez Choto', 'Solicitud Bodega', '2022-03-04', 'Pendiente', 1),
(3032217, 'Departamento Mantenimiento Local', 'Ernesto Gonzalez Choto', 'Solicitud Bodega', '2022-03-04', 'Pendiente', 1),
(3032218, 'Departamento Mantenimiento Local', 'Ernesto Gonzalez Choto', 'Solicitud Bodega', '2022-03-04', 'Pendiente', 1),
(3032219, 'Departamento Mantenimiento Local', 'Ernesto Gonzalez Choto', 'Solicitud Bodega', '2022-03-04', 'Pendiente', 1),
(15320221, 'Departamento Mantenimiento Local', 'Ernesto Gonzalez Choto', 'Solicitud Bodega', '2022-02-25', 'Pendiente', 1),
(15320223, 'Departamento Mantenimiento Local', 'Ernesto Gonzalez Choto', 'Solicitud Bodega', '2022-02-25', 'Pendiente', 1),
(15320224, 'Departamento Mantenimiento Local', 'Ernesto Gonzalez Choto', 'Solicitud Bodega', '2022-02-25', 'Pendiente', 1),
(28022201, 'Departamento Mantenimiento Local', 'Ernesto Gonzalez Choto', 'Solicitud Bodega', '2022-03-01', 'Pendiente', 1),
(28022202, 'Departamento Mantenimiento Local', 'Ernesto Gonzalez Choto', 'Solicitud Bodega', '2022-03-01', 'Pendiente', 1),
(28022203, 'Departamento Mantenimiento Local', 'Ernesto Gonzalez Choto', 'Solicitud Bodega', '2022-03-01', 'Pendiente', 1),
(28022204, 'Departamento Mantenimiento Local', 'Ernesto Gonzalez Choto', 'Solicitud Bodega', '2022-03-01', 'Pendiente', 1),
(28022205, 'Departamento Mantenimiento Local', 'Ernesto Gonzalez Choto', 'Solicitud Bodega', '2022-03-01', 'Pendiente', 1),
(28022206, 'Departamento Mantenimiento Local', 'Ernesto Gonzalez Choto', 'Solicitud Bodega', '2022-03-01', 'Pendiente', 1),
(28022208, 'Departamento Mantenimiento Local', 'Ernesto Gonzalez Choto', 'Solicitud Bodega', '2022-03-01', 'Pendiente', 1),
(28022209, 'Departamento Mantenimiento Local', 'Ernesto Gonzalez Choto', 'Solicitud Bodega', '2022-03-01', 'Pendiente', 1),
(28022210, 'Departamento Mantenimiento Local', 'Ernesto Gonzalez Choto', 'Solicitud Bodega', '2022-03-01', 'Pendiente', 1),
(28022211, 'Departamento Mantenimiento Local', 'Ernesto Gonzalez Choto', 'Solicitud Bodega', '2022-03-01', 'Pendiente', 1),
(28022212, 'Departamento Mantenimiento Local', 'Ernesto Gonzalez Choto', 'Solicitud Bodega', '2022-03-01', 'Pendiente', 1),
(28022214, 'Departamento Mantenimiento Local', 'Ernesto Gonzalez Choto', 'Solicitud Bodega', '2022-03-01', 'Pendiente', 1),
(28022216, 'Departamento Mantenimiento Local', 'Ernesto Gonzalez Choto', 'Solicitud Bodega', '2022-03-01', 'Pendiente', 1),
(28022218, 'Departamento Mantenimiento Local', 'Ernesto Gonzalez Choto', 'Solicitud Bodega', '2022-03-01', 'Pendiente', 1),
(28022219, 'Departamento Mantenimiento Local', 'Ernesto Gonzalez Choto', 'Solicitud Bodega', '2022-03-01', 'Pendiente', 1),
(28022220, 'Departamento Mantenimiento Local', 'Ernesto Gonzalez Choto', 'Solicitud Bodega', '2022-03-01', 'Pendiente', 1),
(405030522, 'Departamento Mantenimiento Local', 'José Domingo Echeverría', 'Solicitud Bodega', '2022-05-03', 'Aprobado', 2),
(406030522, 'Unidad Sala de Operación', 'Miguel Antonio Corvera Torres', 'Solicitud Bodega', '2022-05-03', 'Aprobado', 2),
(407030522, 'Departamento Mantenimiento Local', 'René Adán Villalta Pérez', 'Solicitud Bodega', '2022-05-03', 'Aprobado', 2),
(408030522, 'Departamento Mantenimiento Local', 'Fransico Tolentino López', 'Solicitud Bodega', '2022-05-03', 'Aprobado', 2);



INSERT INTO `detalle_bodega` (`codigodetallebodega`, `codigo`, `descripcion`, `unidad_medida`, `stock`, `cantidad_despachada`, `precio`, `odt_bodega`) VALUES
(342, 70121708, 'MEDIDOR DE FLUJO DE COMBUSTIBLE, DIGITAL', 'C/U', '1.00', '1.00', '99.99', 5),
(343, 70140024, 'ABRAZADERA DE ACERO INOXIDABLE SIN FIN PARA MANGUE', 'C/U', '2.00', '2.00', '0.80', 32),
(344, 70212414, 'ANCLA PLASTICA DE 5/16"', 'C/U', '4.00', '4.00', '0.00', 33),
(345, 70212483, 'TORNILLO GOLOSO DE 1" X 10 mm', 'C/U', '4.00', '4.00', '0.03', 40),
(346, 70213315, 'BROCHA DE 2"', 'C/U', '1.00', '1.00', '0.50', 42),
(347, 70205886, 'TUBO LED DE 18 WATTS, T8, 120 VOLTIOS', 'C/U', '18.00', '18.00', '3.80', 45),
(348, 70205288, 'SOPORTE PARA LAMPARA FLOURESCENTE TIPO RIEL', 'C/U', '18.00', '18.00', '0.50', 46),
(349, 70205090, 'CABLE ELECTRICO TSJ 14/2 (VULCAN)', 'mts', '18.00', '18.00', '0.70', 102),
(350, 70205572, 'CINTA AISLANTE # 23, ROLLO', 'C/U', '1.00', '1.00', '14.50', 113),
(351, 70212423, 'TORNILLO PARA TABLAROCA DE 1/2"', 'cto', '30.00', '30.00', '2.00', 123),
(352, 70208527, 'CHAPA CILÍNDRICA DE PALANCA CON LLAVE', 'C/U', '2.00', '2.00', '22.30', 148),
(353, 70211071, 'TUBO DE ABASTO DE ACERO INOXIDABLE PARA SANITARIO', 'C/U', '1.00', '1.00', '2.60', 151),
(354, 70211049, 'VÁLVULA PARA DUCHA DE 1 /2"', 'C/U', '1.00', '1.00', '11.40', 170),
(355, 70208492, 'BRAZO HIDRAULICO TIPO LIVIANO PARA CIERRE DE PUERT', 'C/U', '1.00', '1.00', '24.50', 179),
(356, 70208300, 'TABLA ROCA DE YESO PARA INTERIORES DE 1.22 METROS', 'C/U', '10.00', '10.00', '8.56', 188),
(357, 70208307, 'POSTE METÁLICO GALVANIZADO DE 3.05 METROS PARA TAB', 'C/U', '20.00', '20.00', '1.90', 209),
(358, 70212426, 'TORNILLO PARA TABLAROCA DE 1 1/2"', 'C/U', '200.00', '200.00', '0.02', 215),
(359, 70212020, 'CLAVO CORRIENTE DE 1" CON CABEZA', 'lb', '30.00', '30.00', '2.00', 218),
(360, 70212413, 'ANCLA PLASTICA DE 3/8"', 'C/U', '50.00', '50.00', '0.00', 224),
(361, 70212829, 'PEGAMENTO ACERO PLASTICO, TUBO', 'C/U', '1.00', '1.00', '9.70', 228),
(362, 70212483, 'TORNILLO GOLOSO DE 1" X 10 mm', 'C/U', '50.00', '50.00', '0.03', 229),
(363, 70210289, 'PLYWOOD BANACK CLASE B DE 4 PIES X 8 PIES X 1/4",', 'C/U', '1.00', '1.00', '25.05', 230),
(364, 70212454, 'RODO DE 8" CON BASE FIJA', 'C/U', '2.00', '2.00', '15.00', 231),
(365, 70211145, 'CAMISA DE 2" P.V.C', 'C/U', '2.00', '2.00', '1.20', 236),
(366, 70212716, 'HOJA DE SIERRA PARA HIERRO DIENTE FINO', 'C/U', '1.00', '1.00', '2.20', 245),
(367, 70211309, 'PEGAMENTO PARA P.V.C, 1 /8 DE GALÓN', 'C/U', '1.00', '1.00', '9.00', 255),
(368, 70212763, 'LIJA PARA AGUA No. 100, PLIEGO', 'C/U', '1.00', '1.00', '0.50', 257),
(369, 70211104, 'CODO LISO DE 2" X 90 DE P.V.C.', 'C/U', '2.00', '2.00', '0.90', 260),
(370, 70211155, 'TUBERÍA DE 2" DE 160 P.S.I. DE P.V.C', 'mts', '1.00', '1.00', '1.50', 263),
(371, 70225269, 'GRASA', 'lb', '1.00', '1.00', '10.00', 264),
(372, 70120211, 'CAPACITOR DE MARCHA DE 5O MFD, 440 VAC', 'C/U', '1.00', '1.00', '4.50', 268),
(373, 70120212, 'CAPACITOR DE MARCHA DE 5MFD 370V', 'C/U', '1.00', '1.00', '1.50', 269),
(374, 70208110, 'CELOSÍA DE VIDRIO NEVADO DE 1 METRO', 'C/U', '30.00', '30.00', '1.30', 273),
(375, 70212748, 'LIJA PARA HIERRO No. 80,PLIEGO', 'C/U', '1.00', '1.00', '0.80', 278),
(376, 70208115, 'OPERADOR DE VENTANA', 'C/U', '11.00', '11.00', '2.50', 280),
(377, 70211071, 'TUBO DE ABASTO DE ACERO INOXIDABLE PARA SANITARIO', 'C/U', '1.00', '1.00', '2.60', 281),
(378, 70211051, 'VÁLVULA DE CONTROL CROMADA DE 1 / 2"A LA PARED', 'C/U', '1.00', '1.00', '2.50', 282),
(379, 70211900, 'KIT DE ACCESORIOS PARA SERVICIO SANITARIO STANDARD', 'C/U', '1.00', '1.00', '5.70', 284),
(380, 70211005, 'SANITARIO COLOR BLANCO COMPLETO STANDARD', 'C/U', '2.00', '2.00', '52.40', 287),
(381, 70211049, 'VÁLVULA PARA DUCHA DE 1 /2"', 'C/U', '3.00', '3.00', '11.40', 294),
(382, 43703018, 'TUBO DE ABASTO PARA LAVAMANOS FLEXIBLE DE 3/8" X1/', 'C/U', '3.00', '3.00', '12.50', 297),
(383, 70211076, 'LLAVE DE 1/2" CROMADO PARA LAVAMANOS 1a CALIDAD', 'C/U', '3.00', '3.00', '6.00', 301),
(384, 70211071, 'TUBO DE ABASTO DE ACERO INOXIDABLE PARA SANITARIO', 'C/U', '1.00', '1.00', '2.60', 302),
(385, 43703010, 'TAPON MACHO DE 2" PVC CON ROSCA', 'C/U', '2.00', '0.00', '1.50', 303),
(386, 70211300, 'CINTA TEFLÓN', 'C/U', '1.00', '0.00', '0.30', 304),
(387, 70208527, 'CHAPA CILÍNDRICA DE PALANCA CON LLAVE', 'C/U', '6.00', '6.00', '22.30', 308),
(388, 70212075, 'HIERRO ANGULO DE 1 1/2" X 1 1/2" X 3 /16", BAJO N', 'mts', '2.00', '2.00', '4.60', 309),
(389, 70211300, 'CINTA TEFLÓN', 'C/U', '2.00', '2.00', '0.30', 310),
(390, 70211051, 'VÁLVULA DE CONTROL CROMADA DE 1 / 2"A LA PARED', 'C/U', '3.00', '3.00', '2.50', 312),
(391, 70211071, 'TUBO DE ABASTO DE ACERO INOXIDABLE PARA SANITARIO', 'C/U', '2.00', '2.00', '2.60', 313),
(392, 70208527, 'CHAPA CILÍNDRICA DE PALANCA CON LLAVE', 'C/U', '6.00', '6.00', '22.30', 314),
(393, 70205570, 'CINTA AISLANTE PVC 19 mm x 20 ydas x 0.177 mm, APR', 'C/U', '1.00', '1.00', '5.00', 315),
(394, 70205099, 'CABLE DUPLEX No. 12', 'mts', '5.00', '5.00', '0.80', 316),
(395, 70205190, 'CAJA RECTANGULAR DE PVC 4" X 2"', 'C/U', '1.00', '1.00', '0.40', 317),
(396, 70205453, 'CONECTOR RECTO DE 1/2" METALICO', 'C/U', '3.00', '3.00', '0.20', 319),
(397, 70205296, 'TOMACORRIENTE HEMBRA, DOBLE, POLARIZADO', 'C/U', '1.00', '1.00', '1.00', 322),
(398, 31161502, 'ANCLA PLASTICA PARA TABLA ROCA', 'C/U', '4.00', '4.00', '0.23', 323),
(399, 70212415, 'ANCLA PLASTICA DE 1/4"', 'C/U', '4.00', '4.00', '0.00', 326),
(400, 70212483, 'TORNILLO GOLOSO DE 1" X 10 mm', 'C/U', '8.00', '8.00', '0.03', 333),
(401, 70212838, 'LUBRICANTE WD-40, SPRAY DE 11 ONZAS', 'C/U', '1.00', '1.00', '2.60', 339),
(402, 70225269, 'GRASA', 'lb', '1.00', '1.00', '10.00', 342),
(403, 70207162, 'CINTA ARNOLD PRIMERA CALIDAD, ROLLO', 'C/U', '1.00', '1.00', '2.30', 354),
(404, 70205310, 'TOMA CORRIENTE HEMBRA, DOBLE, POLARIZADO, GRADO HO', 'C/U', '10.00', '10.00', '7.50', 356),
(405, 70205499, 'TECNODUCTO DE 3/4" Mt', 'mts', '50.00', '50.00', '0.50', 357),
(406, 70205603, 'CUERPO TERMINAL DE 1"', 'C/U', '5.00', '5.00', '2.20', 358),
(407, 70205570, 'CINTA AISLANTE PVC 19 mm x 20 ydas x 0.177 mm, APR', 'C/U', '10.00', '10.00', '5.00', 359),
(408, 70205170, 'CAJA TERMICA DE 4 CIRCUITOS, 2 POLOS, 240 VOLTIOS,', 'C/U', '4.00', '4.00', '27.20', 365),
(409, 70205190, 'CAJA RECTANGULAR DE PVC 4" X 2"', 'C/U', '10.00', '10.00', '0.40', 387),
(410, 70205192, 'CAJA OCTAGONAL PVC', 'C/U', '10.00', '10.00', '0.70', 388),
(411, 70205066, 'CABLE THHN No. 14 AWG, COLOR ROJO', 'mts', '40.00', '40.00', '0.50', 390),
(412, 70205063, 'CABLE THHN NO 12 AWG, COLOR VERDE', 'mts', '50.00', '50.00', '0.59', 396),
(413, 70205060, 'CABLE THHN No. 12 AWG, COLOR ROJO', 'mts', '50.00', '50.00', '0.70', 397),
(414, 70205062, 'CABLE THHN NO 12 AWG, COLOR BLANCO', 'mts', '50.00', '50.00', '0.70', 401),
(415, 70205056, 'CABLE THHN No. 10 AWG, COLOR BLANCO', 'mts', '25.00', '25.00', '1.00', 402),
(416, 70205058, 'CABLE THHN NO 10 AWG, COLOR VERDE', 'mts', '25.00', '25.00', '1.00', 405),
(417, 70205054, 'CABLE THHN No.10 AWG, COLOR ROJO', 'mts', '25.00', '25.00', '1.00', 409),
(418, 70205130, 'DADO TERMICO DE 20 AMPERIOS,1 DE POLO DE PRIMERA C', 'C/U', '4.00', '4.00', '5.42', 411),
(419, 70205870, 'LUMINARIA EMPOTRAR, PANEL LED 2 X 4, 60WATTS,100-2', 'C/U', '10.00', '10.00', '50.95', 412),
(420, 70120211, 'CAPACITOR DE MARCHA DE 5O MFD, 440 VAC', 'C/U', '1.00', '1.00', '4.50', 418),
(421, 70205284, 'RECEPTACULO DE BAQUELITA FIJO', 'C/U', '2.00', '2.00', '0.90', 419),
(422, 70205227, 'FOCO AHORRADOR DE ENERGIA DE 25 WATTS, 110 VOLTIOS', 'C/U', '2.00', '2.00', '3.30', 420),
(423, 70213041, 'PINTURA DE AGUA COLOR GRIS METEORO', 'Galon', '1.00', '0.00', '28.40', 422),
(424, 70212838, 'LUBRICANTE WD-40, SPRAY DE 11 ONZAS', 'C/U', '1.00', '0.00', '2.60', 425),
(425, 70205190, 'CAJA RECTANGULAR DE PVC 4" X 2"', 'C/U', '1.00', '1.00', '0.40', 426),
(426, 70205331, 'PLACA DOBLE DE BAQUELITA (PARA TOMA POLARIZADO)', 'C/U', '1.00', '1.00', '0.30', 427),
(427, 70205453, 'CONECTOR RECTO DE 1/2" METALICO', 'C/U', '1.00', '1.00', '0.20', 430),
(428, 70205572, 'CINTA AISLANTE # 23, ROLLO', 'C/U', '1.00', '1.00', '14.50', 432),
(429, 70212829, 'PEGAMENTO ACERO PLASTICO, TUBO', 'C/U', '1.00', '1.00', '9.70', 433),
(430, 70205296, 'TOMACORRIENTE HEMBRA, DOBLE, POLARIZADO', 'C/U', '1.00', '1.00', '1.00', 445),
(431, 70205331, 'PLACA DOBLE DE BAQUELITA (PARA TOMA POLARIZADO)', 'C/U', '1.00', '1.00', '0.30', 449),
(432, 70205453, 'CONECTOR RECTO DE 1/2" METALICO', 'C/U', '2.00', '2.00', '0.20', 450),
(433, 70205097, 'CABLE ELECTRICO TSJ 12/3 (VULCAN)', 'mts', '6.00', '6.00', '1.40', 451),
(434, 70212414, 'ANCLA PLASTICA DE 5/16"', 'C/U', '3.00', '3.00', '0.00', 452),
(435, 70212463, 'TORNILLO GOLOSO DE 2"', 'C/U', '3.00', '3.00', '0.20', 453),
(436, 70205192, 'CAJA OCTAGONAL PVC', 'C/U', '1.00', '1.00', '0.70', 478),
(437, 70205296, 'TOMACORRIENTE HEMBRA, DOBLE, POLARIZADO', 'C/U', '1.00', '1.00', '1.00', 482),
(438, 70205331, 'PLACA DOBLE DE BAQUELITA (PARA TOMA POLARIZADO)', 'C/U', '1.00', '1.00', '0.30', 483),
(439, 70205097, 'CABLE ELECTRICO TSJ 12/3 (VULCAN)', 'mts', '6.00', '6.00', '1.40', 486),
(440, 70212414, 'ANCLA PLASTICA DE 5/16"', 'C/U', '3.00', '3.00', '0.00', 496),
(441, 70212463, 'TORNILLO GOLOSO DE 2"', 'C/U', '3.00', '3.00', '0.20', 497),
(442, 70205456, 'CONECTOR RECTO DE 3/4", METALICO', 'C/U', '2.00', '2.00', '0.90', 500),
(443, 70205190, 'CAJA RECTANGULAR DE PVC 4" X 2"', 'C/U', '1.00', '1.00', '0.40', 501),
(444, 70205572, 'CINTA AISLANTE # 23, ROLLO', 'C/U', '1.00', '1.00', '14.50', 502),
(445, 70208080, 'MASILLA PARA TABLA ROCA', 'Galon', '10.00', '10.00', '3.90', 504),
(446, 70205357, 'SWITCH SUPERFICIAL PARA TIMBRE', 'C/U', '1.00', '1.00', '1.40', 512),
(447, 70211287, 'NIPLE DE HIERRO GALVANIZADO TODO ROSCA DE 1/2" X 1', 'C/U', '2.00', '2.00', '0.40', 514),
(448, 70211076, 'LLAVE DE 1/2" CROMADO PARA LAVAMANOS 1a CALIDAD', 'C/U', '2.00', '2.00', '6.00', 515),
(449, 43703018, 'TUBO DE ABASTO PARA LAVAMANOS FLEXIBLE DE 3/8" X1/', 'C/U', '2.00', '2.00', '12.50', 516),
(450, 70211051, 'VÁLVULA DE CONTROL CROMADA DE 1 / 2"A LA PARED', 'C/U', '2.00', '2.00', '2.50', 517),
(451, 70211900, 'KIT DE ACCESORIOS PARA SERVICIO SANITARIO STANDARD', 'C/U', '1.00', '1.00', '5.70', 518),
(452, 70212033, 'CLAVO DE ACERO DE 1 1/2"', 'C/U', '4.00', '4.00', '0.00', 519),
(453, 70212709, 'REMACHE POP, DE 1/8" X 1/2"', 'C/U', '50.00', '50.00', '1.70', 529),
(454, 70205233, 'TUBO FLUORESCENTES DE 20 WATTS, 120 VOLTIOS', 'C/U', '4.00', '4.00', '1.00', 554),
(455, 70205886, 'TUBO LED DE 18 WATTS, T8, 120 VOLTIOS', 'C/U', '6.00', '6.00', '3.80', 1520),
(456, 70208750, 'LOSETA PARA CIELO FALSO, DE YESO, DE (4 X 2) PIES', 'C/U', '2.00', '2.00', '3.40', 1701),
(457, 70205227, 'FOCO AHORRADOR DE ENERGIA DE 25 WATTS, 110 VOLTIOS', 'C/U', '2.00', '2.00', '3.30', 2301),
(458, 70208300, 'TABLA ROCA DE YESO PARA INTERIORES DE 1.22 METROS', 'C/U', '2.00', '2.00', '8.56', 2451),
(459, 70212426, 'TORNILLO PARA TABLAROCA DE 1 1/2"', 'C/U', '200.00', '200.00', '0.02', 2641),
(460, 70208527, 'CHAPA CILÍNDRICA DE PALANCA CON LLAVE', 'C/U', '2.00', '2.00', '22.30', 2971),
(461, 70212727, 'PASADOR METALICO DE 2 1/2"', 'C/U', '2.00', '2.00', '3.50', 2972),
(462, 70210211, 'COSTANERA DE CEDRO DE 3 VARAS', 'C/U', '1.00', '1.00', '16.35', 3041),
(463, 70120080, 'INTERRUPTOR TERMOMAGNETICO TRIFASICO, 400 AMPERIOS', 'C/U', '1.00', '1.00', '1.00', 3042),
(464, 70170069, 'RODO FIJO DE 125 MILIMETROS (5 PULGADAS)', 'C/U', '1.00', '1.00', '2.75', 3043),
(465, 70101779, 'BISAGRA DE 2"', 'C/U', '2.00', '2.00', '0.40', 3081),
(466, 70212800, 'ELECTRODO 3/32" PARA HIERRO DULCE', 'lb', '0.50', '0.50', '1.00', 3082),
(467, 70211005, 'SANITARIO COLOR BLANCO COMPLETO STANDARD', 'C/U', '1.00', '1.00', '52.40', 3091),
(468, 70211071, 'TUBO DE ABASTO DE ACERO INOXIDABLE PARA SANITARIO', 'C/U', '2.00', '2.00', '2.60', 3101),
(469, 70211051, 'VÁLVULA DE CONTROL CROMADA DE 1 / 2"A LA PARED', 'C/U', '2.00', '2.00', '2.50', 3131),
(470, 70211900, 'KIT DE ACCESORIOS PARA SERVICIO SANITARIO STANDARD', 'C/U', '2.00', '2.00', '5.70', 3141),
(471, 70211300, 'CINTA TEFLÓN', 'C/U', '2.00', '2.00', '0.30', 3151),
(472, 70212825, 'TUBO SILICON DE ALTA TEMPERATURA COLOR ROJO', 'C/U', '1.00', '1.00', '1.90', 3152),
(473, 70208527, 'CHAPA CILÍNDRICA DE PALANCA CON LLAVE', 'C/U', '1.00', '1.00', '22.30', 3871),
(474, 70205242, 'FOCO CORRIENTE DE 60 WATTS', 'cto', '1.00', '1.00', '0.40', 4051),
(475, 70208630, 'PISO DE (33 X 33) CMS, PARA TRAFICO PESADO, VARIO', 'C/U', '720.00', '720.00', '1.25', 4191),
(476, 70210500, 'PEGAMENTO PARA MADERA', 'Galon', '0.50', '0.50', '14.00', 4261),
(477, 70212425, 'TORNILLO PARA TABLAROCA DE 2"', 'C/U', '24.00', '24.00', '0.03', 4301),
(478, 70205089, 'CABLE ELECTRICO TSJ 12/2 (VULCAN)', 'mts', '5.00', '5.00', '1.00', 4321),
(479, 70205190, 'CAJA RECTANGULAR DE PVC 4" X 2"', 'C/U', '1.00', '1.00', '0.40', 4331),
(480, 70205319, 'TOMA CORRIENTE MACHO, TIPO CHINO DE 15 AMPERIOS', 'C/U', '1.00', '1.00', '1.30', 4491),
(481, 70205331, 'PLACA DOBLE DE BAQUELITA (PARA TOMA POLARIZADO)', 'C/U', '1.00', '1.00', '0.30', 4511),
(482, 70205456, 'CONECTOR RECTO DE 3/4", METALICO', 'C/U', '1.00', '1.00', '0.90', 4512),
(483, 70212992, 'ALAMBRE ESPIGADO GALVANIZADO No. 16 ROLLO', 'C/U', '1.00', '1.00', '36.00', 4521),
(484, 70205094, 'CABLE ELECTRICO TSJ 10/3 (VULCAN)', 'mts', '18.00', '18.00', '4.00', 4821),
(485, 70205296, 'TOMACORRIENTE HEMBRA, DOBLE, POLARIZADO', 'C/U', '1.00', '1.00', '1.00', 4822),
(486, 70211460, 'TAPON HEMBRA LISO PVC 3"', 'C/U', '1.00', '1.00', '6.40', 5151),
(487, 70211130, 'TEE DE 1/2" DE PVC', 'C/U', '4.00', '4.00', '0.20', 5161),
(488, 70211808, 'ADAPTADOR MACHO CPVC DE 1/2"', 'C/U', '2.00', '2.00', '0.20', 5181),
(489, 70211105, 'CODO LISO DE 1 /2" X 90 DE P.V.C', 'C/U', '2.00', '2.00', '0.10', 31601),
(490, 70211051, 'VÁLVULA DE CONTROL CROMADA DE 1 / 2"A LA PARED', 'C/U', '2.00', '2.00', '2.50', 45111),
(491, 70211071, 'TUBO DE ABASTO DE ACERO INOXIDABLE PARA SANITARIO', 'C/U', '3.00', '3.00', '2.60', 70222),
(492, 70211073, 'TUBO DE ABASTO DE ACERO INOXIDABLE PARA LAVAMANOS', 'C/U', '2.00', '2.00', '2.60', 90222),
(493, 70211076, 'LLAVE DE 1/2" CROMADO PARA LAVAMANOS 1a CALIDAD', 'C/U', '2.00', '2.00', '6.00', 150322),
(494, 70120208, 'CAPACITOR DE MARCHA DE 40MFD, 440VAC 60HZ', 'C/U', '1.00', '1.00', '3.80', 203220);

/*!40101 SET CHARACTER_SET_CLIENT=@OLD_CHARACTER_SET_CLIENT */;
/*!40101 SET CHARACTER_SET_RESULTS=@OLD_CHARACTER_SET_RESULTS */;
/*!40101 SET COLLATION_CONNECTION=@OLD_COLLATION_CONNECTION */;
